#Station Long Name,"Drakes Brook Dam Daily Dam Water Level, Bunbury, South West Region"
#Station Number,PI_342968.1
#Station Location Latitude,-32.8579655
#Station Location Longitude,115.9525355
#Parameter Type Name,Storage Level
#Timeseries Name,PR02AHDQaQc.Merged.DailyMean.24HR
#Unit Name,meter
#DATA_OWNER_NAME,WA - Water Corporation
#Rows,2221
#Timestamp,Value,Quality Code,Interpolation Type
2014-12-10T00:00:00.000+08:00,70.151,10,603
2014-12-11T00:00:00.000+08:00,70.098,10,603
2014-12-12T00:00:00.000+08:00,70.094,10,603
2014-12-13T00:00:00.000+08:00,70.115,10,603
2014-12-14T00:00:00.000+08:00,70.123,10,603
2014-12-15T00:00:00.000+08:00,70.133,10,603
2014-12-16T00:00:00.000+08:00,70.164,10,603
2014-12-17T00:00:00.000+08:00,70.172,10,603
2014-12-18T00:00:00.000+08:00,70.147,10,603
2014-12-19T00:00:00.000+08:00,70.112,10,603
2014-12-20T00:00:00.000+08:00,70.082,10,603
2014-12-21T00:00:00.000+08:00,70.095,10,603
2014-12-22T00:00:00.000+08:00,70.107,10,603
2014-12-23T00:00:00.000+08:00,70.107,10,603
2014-12-24T00:00:00.000+08:00,70.146,10,603
2014-12-25T00:00:00.000+08:00,70.211,10,603
2014-12-26T00:00:00.000+08:00,70.277,10,603
2014-12-27T00:00:00.000+08:00,70.334,10,603
2014-12-28T00:00:00.000+08:00,70.365,10,603
2014-12-29T00:00:00.000+08:00,70.370,10,603
2014-12-30T00:00:00.000+08:00,70.363,10,603
2014-12-31T00:00:00.000+08:00,70.370,10,603
2015-01-01T00:00:00.000+08:00,70.425,10,603
2015-01-02T00:00:00.000+08:00,70.487,10,603
2015-01-03T00:00:00.000+08:00,70.469,10,603
2015-01-04T00:00:00.000+08:00,70.403,10,603
2015-01-05T00:00:00.000+08:00,70.383,10,603
2015-01-06T00:00:00.000+08:00,70.413,10,603
2015-01-07T00:00:00.000+08:00,70.484,10,603
2015-01-08T00:00:00.000+08:00,70.556,10,603
2015-01-09T00:00:00.000+08:00,70.593,10,603
2015-01-10T00:00:00.000+08:00,70.618,10,603
2015-01-11T00:00:00.000+08:00,70.648,10,603
2015-01-12T00:00:00.000+08:00,70.675,10,603
2015-01-13T00:00:00.000+08:00,70.695,10,603
2015-01-14T00:00:00.000+08:00,70.713,10,603
2015-01-15T00:00:00.000+08:00,70.703,10,603
2015-01-16T00:00:00.000+08:00,70.625,10,603
2015-01-17T00:00:00.000+08:00,70.509,10,603
2015-01-18T00:00:00.000+08:00,70.389,10,603
2015-01-19T00:00:00.000+08:00,70.330,10,603
2015-01-20T00:00:00.000+08:00,70.348,10,603
2015-01-21T00:00:00.000+08:00,70.348,10,603
2015-01-22T00:00:00.000+08:00,71.207,10,603
2015-01-23T00:00:00.000+08:00,71.197,10,603
2015-01-24T00:00:00.000+08:00,70.297,10,603
2015-01-25T00:00:00.000+08:00,70.304,10,603
2015-01-26T00:00:00.000+08:00,70.348,10,603
2015-01-27T00:00:00.000+08:00,70.380,10,603
2015-01-28T00:00:00.000+08:00,70.365,10,603
2015-01-29T00:00:00.000+08:00,70.334,10,603
2015-01-30T00:00:00.000+08:00,70.334,10,603
2015-01-31T00:00:00.000+08:00,70.345,10,603
2015-02-01T00:00:00.000+08:00,70.360,10,603
2015-02-02T00:00:00.000+08:00,70.339,10,603
2015-02-03T00:00:00.000+08:00,70.269,10,603
2015-02-04T00:00:00.000+08:00,70.219,10,603
2015-02-05T00:00:00.000+08:00,70.221,10,603
2015-02-06T00:00:00.000+08:00,70.261,10,603
2015-02-07T00:00:00.000+08:00,70.301,10,603
2015-02-08T00:00:00.000+08:00,70.283,10,603
2015-02-09T00:00:00.000+08:00,70.231,10,603
2015-02-10T00:00:00.000+08:00,70.214,10,603
2015-02-11T00:00:00.000+08:00,70.253,10,603
2015-02-12T00:00:00.000+08:00,70.322,10,603
2015-02-13T00:00:00.000+08:00,70.363,10,603
2015-02-14T00:00:00.000+08:00,70.367,10,603
2015-02-15T00:00:00.000+08:00,70.368,10,603
2015-02-16T00:00:00.000+08:00,70.392,10,603
2015-02-17T00:00:00.000+08:00,70.445,10,603
2015-02-18T00:00:00.000+08:00,70.507,10,603
2015-02-19T00:00:00.000+08:00,70.505,10,603
2015-02-20T00:00:00.000+08:00,70.457,10,603
2015-02-21T00:00:00.000+08:00,70.446,10,603
2015-02-22T00:00:00.000+08:00,70.464,10,603
2015-02-23T00:00:00.000+08:00,70.487,10,603
2015-02-24T00:00:00.000+08:00,70.473,10,603
2015-02-25T00:00:00.000+08:00,70.436,10,603
2015-02-26T00:00:00.000+08:00,70.407,10,603
2015-02-27T00:00:00.000+08:00,70.409,10,603
2015-02-28T00:00:00.000+08:00,70.458,10,603
2015-03-01T00:00:00.000+08:00,70.504,10,603
2015-03-02T00:00:00.000+08:00,70.481,10,603
2015-03-03T00:00:00.000+08:00,70.444,10,603
2015-03-04T00:00:00.000+08:00,70.443,10,603
2015-03-05T00:00:00.000+08:00,70.443,10,603
2015-03-06T00:00:00.000+08:00,70.443,10,603
2015-03-07T00:00:00.000+08:00,70.443,10,603
2015-03-08T00:00:00.000+08:00,70.443,10,603
2015-03-09T00:00:00.000+08:00,70.506,140,603
2015-03-10T00:00:00.000+08:00,70.550,10,603
2015-03-11T00:00:00.000+08:00,70.495,10,603
2015-03-12T00:00:00.000+08:00,70.440,10,603
2015-03-13T00:00:00.000+08:00,70.420,10,603
2015-03-14T00:00:00.000+08:00,70.420,10,603
2015-03-15T00:00:00.000+08:00,70.420,10,603
2015-03-16T00:00:00.000+08:00,70.420,10,603
2015-03-17T00:00:00.000+08:00,70.420,10,603
2015-03-18T00:00:00.000+08:00,70.420,10,603
2015-03-19T00:00:00.000+08:00,70.420,10,603
2015-03-20T00:00:00.000+08:00,70.420,10,603
2015-03-21T00:00:00.000+08:00,70.420,10,603
2015-03-22T00:00:00.000+08:00,70.420,10,603
2015-03-23T00:00:00.000+08:00,70.308,140,603
2015-03-24T00:00:00.000+08:00,70.183,140,603
2015-03-25T00:00:00.000+08:00,70.155,10,603
2015-03-26T00:00:00.000+08:00,70.120,10,603
2015-03-27T00:00:00.000+08:00,70.065,10,603
2015-03-28T00:00:00.000+08:00,69.990,10,603
2015-03-29T00:00:00.000+08:00,69.935,10,603
2015-03-30T00:00:00.000+08:00,69.874,10,603
2015-03-31T00:00:00.000+08:00,69.794,10,603
2015-04-01T00:00:00.000+08:00,69.715,10,603
2015-04-02T00:00:00.000+08:00,69.650,10,603
2015-04-03T00:00:00.000+08:00,69.614,10,603
2015-04-04T00:00:00.000+08:00,69.582,10,603
2015-04-05T00:00:00.000+08:00,69.560,10,603
2015-04-06T00:00:00.000+08:00,69.547,10,603
2015-04-07T00:00:00.000+08:00,69.540,10,603
2015-04-08T00:00:00.000+08:00,69.540,10,603
2015-04-09T00:00:00.000+08:00,69.540,10,603
2015-04-10T00:00:00.000+08:00,69.540,10,603
2015-04-11T00:00:00.000+08:00,69.540,10,603
2015-04-12T00:00:00.000+08:00,69.540,10,603
2015-04-13T00:00:00.000+08:00,69.540,10,603
2015-04-14T00:00:00.000+08:00,69.540,10,603
2015-04-15T00:00:00.000+08:00,69.540,10,603
2015-04-16T00:00:00.000+08:00,69.540,10,603
2015-04-17T00:00:00.000+08:00,69.540,10,603
2015-04-18T00:00:00.000+08:00,69.540,10,603
2015-04-19T00:00:00.000+08:00,69.550,140,603
2015-04-20T00:00:00.000+08:00,69.557,10,603
2015-04-21T00:00:00.000+08:00,69.549,10,603
2015-04-22T00:00:00.000+08:00,69.537,10,603
2015-04-23T00:00:00.000+08:00,69.522,10,603
2015-04-24T00:00:00.000+08:00,69.507,10,603
2015-04-25T00:00:00.000+08:00,69.495,10,603
2015-04-26T00:00:00.000+08:00,69.489,10,603
2015-04-27T00:00:00.000+08:00,69.482,10,603
2015-04-28T00:00:00.000+08:00,69.469,10,603
2015-04-29T00:00:00.000+08:00,69.451,10,603
2015-04-30T00:00:00.000+08:00,69.440,10,603
2015-05-01T00:00:00.000+08:00,69.437,10,603
2015-05-02T00:00:00.000+08:00,69.432,10,603
2015-05-03T00:00:00.000+08:00,69.440,10,603
2015-05-04T00:00:00.000+08:00,69.452,10,603
2015-05-05T00:00:00.000+08:00,69.452,10,603
2015-05-06T00:00:00.000+08:00,69.450,10,603
2015-05-07T00:00:00.000+08:00,69.455,10,603
2015-05-08T00:00:00.000+08:00,69.478,10,603
2015-05-09T00:00:00.000+08:00,69.511,10,603
2015-05-10T00:00:00.000+08:00,69.544,10,603
2015-05-11T00:00:00.000+08:00,69.570,10,603
2015-05-12T00:00:00.000+08:00,69.576,10,603
2015-05-13T00:00:00.000+08:00,69.569,10,603
2015-05-14T00:00:00.000+08:00,69.560,10,603
2015-05-15T00:00:00.000+08:00,69.554,10,603
2015-05-16T00:00:00.000+08:00,69.561,10,603
2015-05-17T00:00:00.000+08:00,69.583,10,603
2015-05-18T00:00:00.000+08:00,69.596,10,603
2015-05-19T00:00:00.000+08:00,69.595,10,603
2015-05-20T00:00:00.000+08:00,69.592,10,603
2015-05-21T00:00:00.000+08:00,69.590,10,603
2015-05-22T00:00:00.000+08:00,69.586,10,603
2015-05-23T00:00:00.000+08:00,69.585,10,603
2015-05-24T00:00:00.000+08:00,69.584,10,603
2015-05-25T00:00:00.000+08:00,69.583,10,603
2015-05-26T00:00:00.000+08:00,69.582,10,603
2015-05-27T00:00:00.000+08:00,69.582,10,603
2015-05-28T00:00:00.000+08:00,69.578,10,603
2015-05-29T00:00:00.000+08:00,69.574,10,603
2015-05-30T00:00:00.000+08:00,69.570,10,603
2015-05-31T00:00:00.000+08:00,69.566,10,603
2015-06-01T00:00:00.000+08:00,69.563,10,603
2015-06-02T00:00:00.000+08:00,69.570,10,603
2015-06-03T00:00:00.000+08:00,69.579,10,603
2015-06-04T00:00:00.000+08:00,69.577,10,603
2015-06-05T00:00:00.000+08:00,69.572,10,603
2015-06-06T00:00:00.000+08:00,69.568,10,603
2015-06-07T00:00:00.000+08:00,69.563,10,603
2015-06-08T00:00:00.000+08:00,69.558,10,603
2015-06-09T00:00:00.000+08:00,69.550,10,603
2015-06-10T00:00:00.000+08:00,69.542,10,603
2015-06-11T00:00:00.000+08:00,69.535,10,603
2015-06-12T00:00:00.000+08:00,69.528,10,603
2015-06-13T00:00:00.000+08:00,69.521,10,603
2015-06-14T00:00:00.000+08:00,69.513,10,603
2015-06-15T00:00:00.000+08:00,69.504,10,603
2015-06-16T00:00:00.000+08:00,69.495,10,603
2015-06-17T00:00:00.000+08:00,69.488,10,603
2015-06-18T00:00:00.000+08:00,69.486,10,603
2015-06-19T00:00:00.000+08:00,69.486,10,603
2015-06-20T00:00:00.000+08:00,69.492,10,603
2015-06-21T00:00:00.000+08:00,69.513,10,603
2015-06-22T00:00:00.000+08:00,69.527,10,603
2015-06-23T00:00:00.000+08:00,69.525,10,603
2015-06-24T00:00:00.000+08:00,69.520,10,603
2015-06-25T00:00:00.000+08:00,69.514,10,603
2015-06-26T00:00:00.000+08:00,69.509,10,603
2015-06-27T00:00:00.000+08:00,69.503,10,603
2015-06-28T00:00:00.000+08:00,69.496,10,603
2015-06-29T00:00:00.000+08:00,69.490,10,603
2015-06-30T00:00:00.000+08:00,69.484,10,603
2015-07-01T00:00:00.000+08:00,69.478,10,603
2015-07-02T00:00:00.000+08:00,69.472,10,603
2015-07-03T00:00:00.000+08:00,69.468,10,603
2015-07-04T00:00:00.000+08:00,69.467,10,603
2015-07-05T00:00:00.000+08:00,69.465,10,603
2015-07-06T00:00:00.000+08:00,69.463,10,603
2015-07-07T00:00:00.000+08:00,69.463,10,603
2015-07-08T00:00:00.000+08:00,69.460,10,603
2015-07-09T00:00:00.000+08:00,69.453,10,603
2015-07-10T00:00:00.000+08:00,69.451,10,603
2015-07-11T00:00:00.000+08:00,69.450,10,603
2015-07-12T00:00:00.000+08:00,69.443,10,603
2015-07-13T00:00:00.000+08:00,69.437,10,603
2015-07-14T00:00:00.000+08:00,69.430,10,603
2015-07-15T00:00:00.000+08:00,69.422,10,603
2015-07-16T00:00:00.000+08:00,69.414,10,603
2015-07-17T00:00:00.000+08:00,69.409,10,603
2015-07-18T00:00:00.000+08:00,69.407,10,603
2015-07-19T00:00:00.000+08:00,69.430,10,603
2015-07-20T00:00:00.000+08:00,69.476,10,603
2015-07-21T00:00:00.000+08:00,69.511,10,603
2015-07-22T00:00:00.000+08:00,69.524,10,603
2015-07-23T00:00:00.000+08:00,69.537,10,603
2015-07-24T00:00:00.000+08:00,69.541,10,603
2015-07-25T00:00:00.000+08:00,69.526,10,603
2015-07-26T00:00:00.000+08:00,69.511,10,603
2015-07-27T00:00:00.000+08:00,69.494,10,603
2015-07-28T00:00:00.000+08:00,69.483,10,603
2015-07-29T00:00:00.000+08:00,69.481,10,603
2015-07-30T00:00:00.000+08:00,69.478,10,603
2015-07-31T00:00:00.000+08:00,69.475,10,603
2015-08-01T00:00:00.000+08:00,69.465,10,603
2015-08-02T00:00:00.000+08:00,69.443,10,603
2015-08-03T00:00:00.000+08:00,69.419,10,603
2015-08-04T00:00:00.000+08:00,69.402,10,603
2015-08-05T00:00:00.000+08:00,69.393,10,603
2015-08-06T00:00:00.000+08:00,69.386,10,603
2015-08-07T00:00:00.000+08:00,69.383,10,603
2015-08-08T00:00:00.000+08:00,69.394,10,603
2015-08-09T00:00:00.000+08:00,69.399,10,603
2015-08-10T00:00:00.000+08:00,69.393,10,603
2015-08-11T00:00:00.000+08:00,69.382,10,603
2015-08-12T00:00:00.000+08:00,69.363,10,603
2015-08-13T00:00:00.000+08:00,69.341,10,603
2015-08-14T00:00:00.000+08:00,69.314,10,603
2015-08-15T00:00:00.000+08:00,69.286,10,603
2015-08-16T00:00:00.000+08:00,69.258,10,603
2015-08-17T00:00:00.000+08:00,69.241,10,603
2015-08-18T00:00:00.000+08:00,69.231,10,603
2015-08-19T00:00:00.000+08:00,69.225,10,603
2015-08-20T00:00:00.000+08:00,69.229,10,603
2015-08-21T00:00:00.000+08:00,69.248,10,603
2015-08-22T00:00:00.000+08:00,69.264,10,603
2015-08-23T00:00:00.000+08:00,69.252,10,603
2015-08-24T00:00:00.000+08:00,69.230,140,603
2015-08-25T00:00:00.000+08:00,69.220,140,603
2015-08-26T00:00:00.000+08:00,69.229,140,603
2015-08-27T00:00:00.000+08:00,69.245,140,603
2015-08-28T00:00:00.000+08:00,69.281,10,603
2015-08-29T00:00:00.000+08:00,69.334,10,603
2015-08-30T00:00:00.000+08:00,69.375,10,603
2015-08-31T00:00:00.000+08:00,69.429,140,603
2015-09-01T00:00:00.000+08:00,69.481,140,603
2015-09-02T00:00:00.000+08:00,69.510,140,603
2015-09-03T00:00:00.000+08:00,69.533,140,603
2015-09-04T00:00:00.000+08:00,69.555,140,603
2015-09-05T00:00:00.000+08:00,69.577,140,603
2015-09-06T00:00:00.000+08:00,69.596,140,603
2015-09-07T00:00:00.000+08:00,69.612,140,603
2015-09-08T00:00:00.000+08:00,69.626,140,603
2015-09-09T00:00:00.000+08:00,69.640,140,603
2015-09-10T00:00:00.000+08:00,69.660,140,603
2015-09-11T00:00:00.000+08:00,69.689,140,603
2015-09-12T00:00:00.000+08:00,69.745,10,603
2015-09-13T00:00:00.000+08:00,69.794,10,603
2015-09-14T00:00:00.000+08:00,69.809,140,603
2015-09-15T00:00:00.000+08:00,69.804,140,603
2015-09-16T00:00:00.000+08:00,69.795,140,603
2015-09-17T00:00:00.000+08:00,69.796,10,603
2015-09-18T00:00:00.000+08:00,69.795,10,603
2015-09-19T00:00:00.000+08:00,69.793,10,603
2015-09-20T00:00:00.000+08:00,69.791,10,603
2015-09-21T00:00:00.000+08:00,69.789,10,603
2015-09-22T00:00:00.000+08:00,69.785,10,603
2015-09-23T00:00:00.000+08:00,69.780,10,603
2015-09-24T00:00:00.000+08:00,69.773,10,603
2015-09-25T00:00:00.000+08:00,69.766,10,603
2015-09-26T00:00:00.000+08:00,69.758,10,603
2015-09-27T00:00:00.000+08:00,69.748,10,603
2015-09-28T00:00:00.000+08:00,69.740,10,603
2015-09-29T00:00:00.000+08:00,69.721,10,603
2015-09-30T00:00:00.000+08:00,69.695,10,603
2015-10-01T00:00:00.000+08:00,69.672,10,603
2015-10-02T00:00:00.000+08:00,69.648,10,603
2015-10-03T00:00:00.000+08:00,69.627,10,603
2015-10-04T00:00:00.000+08:00,69.611,10,603
2015-10-05T00:00:00.000+08:00,69.597,10,603
2015-10-06T00:00:00.000+08:00,69.581,10,603
2015-10-07T00:00:00.000+08:00,69.596,10,603
2015-10-08T00:00:00.000+08:00,69.687,10,603
2015-10-09T00:00:00.000+08:00,69.779,10,603
2015-10-10T00:00:00.000+08:00,69.833,10,603
2015-10-11T00:00:00.000+08:00,69.879,10,603
2015-10-12T00:00:00.000+08:00,69.925,10,603
2015-10-13T00:00:00.000+08:00,70.015,10,603
2015-10-14T00:00:00.000+08:00,70.147,10,603
2015-10-15T00:00:00.000+08:00,70.279,10,603
2015-10-16T00:00:00.000+08:00,70.406,10,603
2015-10-17T00:00:00.000+08:00,70.514,10,603
2015-10-18T00:00:00.000+08:00,70.549,10,603
2015-10-19T00:00:00.000+08:00,70.528,10,603
2015-10-20T00:00:00.000+08:00,70.505,10,603
2015-10-21T00:00:00.000+08:00,70.481,10,603
2015-10-22T00:00:00.000+08:00,70.457,10,603
2015-10-23T00:00:00.000+08:00,70.432,10,603
2015-10-24T00:00:00.000+08:00,70.404,10,603
2015-10-25T00:00:00.000+08:00,70.356,10,603
2015-10-26T00:00:00.000+08:00,70.257,10,603
2015-10-27T00:00:00.000+08:00,70.128,140,603
2015-10-28T00:00:00.000+08:00,70.036,140,603
2015-10-29T00:00:00.000+08:00,70.021,10,603
2015-10-30T00:00:00.000+08:00,70.082,10,603
2015-10-31T00:00:00.000+08:00,70.158,10,603
2015-11-01T00:00:00.000+08:00,70.220,10,603
2015-11-02T00:00:00.000+08:00,70.257,10,603
2015-11-03T00:00:00.000+08:00,70.262,140,603
2015-11-04T00:00:00.000+08:00,70.254,140,603
2015-11-05T00:00:00.000+08:00,70.245,140,603
2015-11-06T00:00:00.000+08:00,70.236,140,603
2015-11-07T00:00:00.000+08:00,70.229,140,603
2015-11-08T00:00:00.000+08:00,70.219,140,603
2015-11-09T00:00:00.000+08:00,70.146,140,603
2015-11-10T00:00:00.000+08:00,70.007,140,603
2015-11-11T00:00:00.000+08:00,69.911,140,603
2015-11-12T00:00:00.000+08:00,69.885,140,603
2015-11-13T00:00:00.000+08:00,69.883,140,603
2015-11-14T00:00:00.000+08:00,69.884,140,603
2015-11-15T00:00:00.000+08:00,69.890,140,603
2015-11-16T00:00:00.000+08:00,69.901,140,603
2015-11-17T00:00:00.000+08:00,69.914,140,603
2015-11-18T00:00:00.000+08:00,69.930,140,603
2015-11-19T00:00:00.000+08:00,69.947,140,603
2015-11-20T00:00:00.000+08:00,69.960,140,603
2015-11-21T00:00:00.000+08:00,69.957,140,603
2015-11-22T00:00:00.000+08:00,69.927,140,603
2015-11-23T00:00:00.000+08:00,69.834,140,603
2015-11-24T00:00:00.000+08:00,69.702,140,603
2015-11-25T00:00:00.000+08:00,69.629,140,603
2015-11-26T00:00:00.000+08:00,69.630,140,603
2015-11-27T00:00:00.000+08:00,69.667,140,603
2015-11-28T00:00:00.000+08:00,69.713,10,603
2015-11-29T00:00:00.000+08:00,69.743,140,603
2015-11-30T00:00:00.000+08:00,69.774,140,603
2015-12-01T00:00:00.000+08:00,69.851,140,603
2015-12-02T00:00:00.000+08:00,69.952,140,603
2015-12-03T00:00:00.000+08:00,70.063,140,603
2015-12-04T00:00:00.000+08:00,70.168,140,603
2015-12-05T00:00:00.000+08:00,70.241,140,603
2015-12-06T00:00:00.000+08:00,70.290,140,603
2015-12-07T00:00:00.000+08:00,70.258,140,603
2015-12-08T00:00:00.000+08:00,70.160,140,603
2015-12-09T00:00:00.000+08:00,70.093,140,603
2015-12-10T00:00:00.000+08:00,70.065,140,603
2015-12-11T00:00:00.000+08:00,70.064,140,603
2015-12-12T00:00:00.000+08:00,70.062,140,603
2015-12-13T00:00:00.000+08:00,70.049,140,603
2015-12-14T00:00:00.000+08:00,70.051,140,603
2015-12-15T00:00:00.000+08:00,70.065,140,603
2015-12-16T00:00:00.000+08:00,70.081,140,603
2015-12-17T00:00:00.000+08:00,70.106,10,603
2015-12-18T00:00:00.000+08:00,70.136,140,603
2015-12-19T00:00:00.000+08:00,70.090,140,603
2015-12-20T00:00:00.000+08:00,69.968,140,603
2015-12-21T00:00:00.000+08:00,69.866,140,603
2015-12-22T00:00:00.000+08:00,69.811,140,603
2015-12-23T00:00:00.000+08:00,69.803,140,603
2015-12-24T00:00:00.000+08:00,69.838,10,603
2015-12-25T00:00:00.000+08:00,69.924,140,603
2015-12-26T00:00:00.000+08:00,70.038,10,603
2015-12-27T00:00:00.000+08:00,70.115,140,603
2015-12-28T00:00:00.000+08:00,70.134,140,603
2015-12-29T00:00:00.000+08:00,70.056,10,603
2015-12-30T00:00:00.000+08:00,69.930,140,603
2015-12-31T00:00:00.000+08:00,69.850,140,603
2016-01-01T00:00:00.000+08:00,69.824,140,603
2016-01-02T00:00:00.000+08:00,69.842,140,603
2016-01-03T00:00:00.000+08:00,69.875,140,603
2016-01-04T00:00:00.000+08:00,69.915,140,603
2016-01-05T00:00:00.000+08:00,69.954,140,603
2016-01-06T00:00:00.000+08:00,69.971,10,603
2016-01-07T00:00:00.000+08:00,69.977,140,603
2016-01-08T00:00:00.000+08:00,69.990,140,603
2016-01-09T00:00:00.000+08:00,69.987,140,603
2016-01-10T00:00:00.000+08:00,69.963,140,603
2016-01-11T00:00:00.000+08:00,69.922,140,603
2016-01-12T00:00:00.000+08:00,69.870,140,603
2016-01-13T00:00:00.000+08:00,69.842,140,603
2016-01-14T00:00:00.000+08:00,69.827,140,603
2016-01-15T00:00:00.000+08:00,69.808,140,603
2016-01-16T00:00:00.000+08:00,69.808,140,603
2016-01-17T00:00:00.000+08:00,69.832,140,603
2016-01-18T00:00:00.000+08:00,69.874,140,603
2016-01-19T00:00:00.000+08:00,69.941,140,603
2016-01-20T00:00:00.000+08:00,70.017,10,603
2016-01-21T00:00:00.000+08:00,70.071,140,603
2016-01-22T00:00:00.000+08:00,70.075,140,603
2016-01-23T00:00:00.000+08:00,70.046,140,603
2016-01-24T00:00:00.000+08:00,70.011,140,603
2016-01-25T00:00:00.000+08:00,69.967,140,603
2016-01-26T00:00:00.000+08:00,69.920,140,603
2016-01-27T00:00:00.000+08:00,69.876,140,603
2016-01-28T00:00:00.000+08:00,69.830,140,603
2016-01-29T00:00:00.000+08:00,69.709,140,603
2016-01-30T00:00:00.000+08:00,69.536,140,603
2016-01-31T00:00:00.000+08:00,69.400,140,603
2016-02-01T00:00:00.000+08:00,69.313,140,603
2016-02-02T00:00:00.000+08:00,69.284,140,603
2016-02-03T00:00:00.000+08:00,69.271,140,603
2016-02-04T00:00:00.000+08:00,69.272,140,603
2016-02-05T00:00:00.000+08:00,69.300,140,603
2016-02-06T00:00:00.000+08:00,69.332,140,603
2016-02-07T00:00:00.000+08:00,69.360,140,603
2016-02-08T00:00:00.000+08:00,69.381,140,603
2016-02-09T00:00:00.000+08:00,69.398,10,603
2016-02-10T00:00:00.000+08:00,69.364,140,603
2016-02-11T00:00:00.000+08:00,69.294,140,603
2016-02-12T00:00:00.000+08:00,69.252,10,603
2016-02-13T00:00:00.000+08:00,69.229,140,603
2016-02-14T00:00:00.000+08:00,69.237,140,603
2016-02-15T00:00:00.000+08:00,69.280,140,603
2016-02-16T00:00:00.000+08:00,69.324,140,603
2016-02-17T00:00:00.000+08:00,69.381,140,603
2016-02-18T00:00:00.000+08:00,69.457,140,603
2016-02-19T00:00:00.000+08:00,69.532,10,603
2016-02-20T00:00:00.000+08:00,69.610,140,603
2016-02-21T00:00:00.000+08:00,69.687,140,603
2016-02-22T00:00:00.000+08:00,69.764,140,603
2016-02-23T00:00:00.000+08:00,69.844,140,603
2016-02-24T00:00:00.000+08:00,69.858,140,603
2016-02-25T00:00:00.000+08:00,69.806,140,603
2016-02-26T00:00:00.000+08:00,69.766,140,603
2016-02-27T00:00:00.000+08:00,69.753,140,603
2016-02-28T00:00:00.000+08:00,69.793,10,603
2016-02-29T00:00:00.000+08:00,69.865,10,603
2016-03-01T00:00:00.000+08:00,69.929,10,603
2016-03-02T00:00:00.000+08:00,69.974,10,603
2016-03-03T00:00:00.000+08:00,70.002,10,603
2016-03-04T00:00:00.000+08:00,70.030,10,603
2016-03-05T00:00:00.000+08:00,70.063,10,603
2016-03-06T00:00:00.000+08:00,70.091,10,603
2016-03-07T00:00:00.000+08:00,70.115,10,603
2016-03-08T00:00:00.000+08:00,70.115,10,603
2016-03-09T00:00:00.000+08:00,70.090,10,603
2016-03-10T00:00:00.000+08:00,70.003,10,603
2016-03-11T00:00:00.000+08:00,69.834,10,603
2016-03-12T00:00:00.000+08:00,69.653,10,603
2016-03-13T00:00:00.000+08:00,69.504,10,603
2016-03-14T00:00:00.000+08:00,69.423,10,603
2016-03-15T00:00:00.000+08:00,69.388,10,603
2016-03-16T00:00:00.000+08:00,69.357,10,603
2016-03-17T00:00:00.000+08:00,69.323,10,603
2016-03-18T00:00:00.000+08:00,69.290,10,603
2016-03-19T00:00:00.000+08:00,69.261,10,603
2016-03-20T00:00:00.000+08:00,69.233,10,603
2016-03-21T00:00:00.000+08:00,69.209,10,603
2016-03-22T00:00:00.000+08:00,69.202,140,603
2016-03-23T00:00:00.000+08:00,69.212,10,603
2016-03-24T00:00:00.000+08:00,69.213,10,603
2016-03-25T00:00:00.000+08:00,69.203,10,603
2016-03-26T00:00:00.000+08:00,69.209,10,603
2016-03-27T00:00:00.000+08:00,69.215,10,603
2016-03-28T00:00:00.000+08:00,69.209,10,603
2016-03-29T00:00:00.000+08:00,69.203,140,603
2016-03-30T00:00:00.000+08:00,69.195,140,603
2016-03-31T00:00:00.000+08:00,69.190,140,603
2016-04-01T00:00:00.000+08:00,69.188,140,603
2016-04-02T00:00:00.000+08:00,69.186,140,603
2016-04-03T00:00:00.000+08:00,69.180,140,603
2016-04-04T00:00:00.000+08:00,69.176,140,603
2016-04-05T00:00:00.000+08:00,69.170,140,603
2016-04-06T00:00:00.000+08:00,69.160,140,603
2016-04-07T00:00:00.000+08:00,69.153,140,603
2016-04-08T00:00:00.000+08:00,69.145,10,603
2016-04-09T00:00:00.000+08:00,69.136,10,603
2016-04-10T00:00:00.000+08:00,69.130,10,603
2016-04-11T00:00:00.000+08:00,69.128,140,603
2016-04-12T00:00:00.000+08:00,69.130,140,603
2016-04-13T00:00:00.000+08:00,69.130,10,603
2016-04-14T00:00:00.000+08:00,69.130,10,603
2016-04-15T00:00:00.000+08:00,69.130,10,603
2016-04-16T00:00:00.000+08:00,69.130,10,603
2016-04-17T00:00:00.000+08:00,69.130,10,603
2016-04-18T00:00:00.000+08:00,69.130,10,603
2016-04-19T00:00:00.000+08:00,69.130,10,603
2016-04-20T00:00:00.000+08:00,69.130,10,603
2016-04-21T00:00:00.000+08:00,69.122,10,603
2016-04-22T00:00:00.000+08:00,69.112,140,603
2016-04-23T00:00:00.000+08:00,69.108,140,603
2016-04-24T00:00:00.000+08:00,69.102,140,603
2016-04-25T00:00:00.000+08:00,69.119,140,603
2016-04-26T00:00:00.000+08:00,69.144,140,603
2016-04-27T00:00:00.000+08:00,69.146,140,603
2016-04-28T00:00:00.000+08:00,69.146,140,603
2016-04-29T00:00:00.000+08:00,69.146,140,603
2016-04-30T00:00:00.000+08:00,69.146,10,603
2016-05-01T00:00:00.000+08:00,69.146,10,603
2016-05-02T00:00:00.000+08:00,69.146,10,603
2016-05-03T00:00:00.000+08:00,69.146,10,603
2016-05-04T00:00:00.000+08:00,69.146,10,603
2016-05-05T00:00:00.000+08:00,69.146,10,603
2016-05-06T00:00:00.000+08:00,69.146,10,603
2016-05-07T00:00:00.000+08:00,69.146,10,603
2016-05-08T00:00:00.000+08:00,69.147,140,603
2016-05-09T00:00:00.000+08:00,69.141,140,603
2016-05-10T00:00:00.000+08:00,69.117,140,603
2016-05-11T00:00:00.000+08:00,69.085,140,603
2016-05-12T00:00:00.000+08:00,69.051,140,603
2016-05-13T00:00:00.000+08:00,69.030,10,603
2016-05-14T00:00:00.000+08:00,69.026,10,603
2016-05-15T00:00:00.000+08:00,69.026,10,603
2016-05-16T00:00:00.000+08:00,69.026,10,603
2016-05-17T00:00:00.000+08:00,69.026,10,603
2016-05-18T00:00:00.000+08:00,69.026,10,603
2016-05-19T00:00:00.000+08:00,69.026,10,603
2016-05-20T00:00:00.000+08:00,69.026,10,603
2016-05-21T00:00:00.000+08:00,69.026,10,603
2016-05-22T00:00:00.000+08:00,69.026,10,603
2016-05-23T00:00:00.000+08:00,69.026,10,603
2016-05-24T00:00:00.000+08:00,69.038,10,603
2016-05-25T00:00:00.000+08:00,69.047,10,603
2016-05-26T00:00:00.000+08:00,69.047,10,603
2016-05-27T00:00:00.000+08:00,69.047,140,603
2016-05-28T00:00:00.000+08:00,69.045,10,603
2016-05-29T00:00:00.000+08:00,69.045,10,603
2016-05-30T00:00:00.000+08:00,69.045,10,603
2016-05-31T00:00:00.000+08:00,69.045,10,603
2016-06-01T00:00:00.000+08:00,69.045,10,603
2016-06-02T00:00:00.000+08:00,69.045,10,603
2016-06-03T00:00:00.000+08:00,69.045,10,603
2016-06-04T00:00:00.000+08:00,69.005,10,603
2016-06-05T00:00:00.000+08:00,68.960,10,603
2016-06-06T00:00:00.000+08:00,68.952,10,603
2016-06-07T00:00:00.000+08:00,68.952,10,603
2016-06-08T00:00:00.000+08:00,68.954,10,603
2016-06-09T00:00:00.000+08:00,68.924,10,603
2016-06-10T00:00:00.000+08:00,68.891,10,603
2016-06-11T00:00:00.000+08:00,68.881,10,603
2016-06-12T00:00:00.000+08:00,68.889,10,603
2016-06-13T00:00:00.000+08:00,68.908,10,603
2016-06-14T00:00:00.000+08:00,68.906,10,603
2016-06-15T00:00:00.000+08:00,68.889,10,603
2016-06-16T00:00:00.000+08:00,68.873,10,603
2016-06-17T00:00:00.000+08:00,68.865,10,603
2016-06-18T00:00:00.000+08:00,68.865,10,603
2016-06-19T00:00:00.000+08:00,68.865,10,603
2016-06-20T00:00:00.000+08:00,68.865,10,603
2016-06-21T00:00:00.000+08:00,68.865,10,603
2016-06-22T00:00:00.000+08:00,68.865,10,603
2016-06-23T00:00:00.000+08:00,68.865,10,603
2016-06-24T00:00:00.000+08:00,68.865,10,603
2016-06-25T00:00:00.000+08:00,68.865,10,603
2016-06-26T00:00:00.000+08:00,68.865,10,603
2016-06-27T00:00:00.000+08:00,68.865,10,603
2016-06-28T00:00:00.000+08:00,68.865,10,603
2016-06-29T00:00:00.000+08:00,68.886,10,603
2016-06-30T00:00:00.000+08:00,68.910,10,603
2016-07-01T00:00:00.000+08:00,68.908,10,603
2016-07-02T00:00:00.000+08:00,68.901,10,603
2016-07-03T00:00:00.000+08:00,68.898,10,603
2016-07-04T00:00:00.000+08:00,68.897,10,603
2016-07-05T00:00:00.000+08:00,68.875,10,603
2016-07-06T00:00:00.000+08:00,68.841,140,603
2016-07-07T00:00:00.000+08:00,68.830,140,603
2016-07-08T00:00:00.000+08:00,68.845,140,603
2016-07-09T00:00:00.000+08:00,68.878,140,603
2016-07-10T00:00:00.000+08:00,68.898,140,603
2016-07-11T00:00:00.000+08:00,68.899,140,603
2016-07-12T00:00:00.000+08:00,68.889,140,603
2016-07-13T00:00:00.000+08:00,68.873,140,603
2016-07-14T00:00:00.000+08:00,68.857,140,603
2016-07-15T00:00:00.000+08:00,68.847,140,603
2016-07-16T00:00:00.000+08:00,68.844,10,603
2016-07-17T00:00:00.000+08:00,68.844,10,603
2016-07-18T00:00:00.000+08:00,68.844,10,603
2016-07-19T00:00:00.000+08:00,68.844,10,603
2016-07-20T00:00:00.000+08:00,68.844,10,603
2016-07-21T00:00:00.000+08:00,68.844,10,603
2016-07-22T00:00:00.000+08:00,68.844,10,603
2016-07-23T00:00:00.000+08:00,68.844,10,603
2016-07-24T00:00:00.000+08:00,68.844,10,603
2016-07-25T00:00:00.000+08:00,68.844,10,603
2016-07-26T00:00:00.000+08:00,68.844,10,603
2016-07-27T00:00:00.000+08:00,68.844,10,603
2016-07-28T00:00:00.000+08:00,68.844,10,603
2016-07-29T00:00:00.000+08:00,68.844,10,603
2016-07-30T00:00:00.000+08:00,68.844,10,603
2016-07-31T00:00:00.000+08:00,69.077,10,603
2016-08-01T00:00:00.000+08:00,69.320,140,603
2016-08-02T00:00:00.000+08:00,69.330,10,603
2016-08-03T00:00:00.000+08:00,69.330,10,603
2016-08-04T00:00:00.000+08:00,69.330,10,603
2016-08-05T00:00:00.000+08:00,69.330,10,603
2016-08-06T00:00:00.000+08:00,69.330,10,603
2016-08-07T00:00:00.000+08:00,69.330,10,603
2016-08-08T00:00:00.000+08:00,69.330,10,603
2016-08-09T00:00:00.000+08:00,69.340,10,603
2016-08-10T00:00:00.000+08:00,69.371,140,603
2016-08-11T00:00:00.000+08:00,69.424,140,603
2016-08-12T00:00:00.000+08:00,69.478,140,603
2016-08-13T00:00:00.000+08:00,69.507,140,603
2016-08-14T00:00:00.000+08:00,69.522,140,603
2016-08-15T00:00:00.000+08:00,69.556,140,603
2016-08-16T00:00:00.000+08:00,69.597,140,603
2016-08-17T00:00:00.000+08:00,69.667,140,603
2016-08-18T00:00:00.000+08:00,69.752,140,603
2016-08-19T00:00:00.000+08:00,69.800,140,603
2016-08-20T00:00:00.000+08:00,69.848,140,603
2016-08-21T00:00:00.000+08:00,69.912,140,603
2016-08-22T00:00:00.000+08:00,69.962,140,603
2016-08-23T00:00:00.000+08:00,69.981,140,603
2016-08-24T00:00:00.000+08:00,69.986,140,603
2016-08-25T00:00:00.000+08:00,69.986,10,603
2016-08-26T00:00:00.000+08:00,70.012,140,603
2016-08-27T00:00:00.000+08:00,70.148,140,603
2016-08-28T00:00:00.000+08:00,70.287,140,603
2016-08-29T00:00:00.000+08:00,70.327,140,603
2016-08-30T00:00:00.000+08:00,70.351,140,603
2016-08-31T00:00:00.000+08:00,70.376,140,603
2016-09-01T00:00:00.000+08:00,70.402,140,603
2016-09-02T00:00:00.000+08:00,70.417,140,603
2016-09-03T00:00:00.000+08:00,70.420,140,603
2016-09-04T00:00:00.000+08:00,70.421,140,603
2016-09-05T00:00:00.000+08:00,70.417,140,603
2016-09-06T00:00:00.000+08:00,70.409,140,603
2016-09-07T00:00:00.000+08:00,70.417,140,603
2016-09-08T00:00:00.000+08:00,70.432,140,603
2016-09-09T00:00:00.000+08:00,70.431,140,603
2016-09-10T00:00:00.000+08:00,70.431,140,603
2016-09-11T00:00:00.000+08:00,70.431,140,603
2016-09-12T00:00:00.000+08:00,70.420,140,603
2016-09-13T00:00:00.000+08:00,70.405,140,603
2016-09-14T00:00:00.000+08:00,70.395,140,603
2016-09-15T00:00:00.000+08:00,70.366,140,603
2016-09-16T00:00:00.000+08:00,70.333,140,603
2016-09-17T00:00:00.000+08:00,70.314,140,603
2016-09-18T00:00:00.000+08:00,70.315,140,603
2016-09-19T00:00:00.000+08:00,70.326,140,603
2016-09-20T00:00:00.000+08:00,70.319,140,603
2016-09-21T00:00:00.000+08:00,70.309,140,603
2016-09-22T00:00:00.000+08:00,70.303,140,603
2016-09-23T00:00:00.000+08:00,70.318,10,603
2016-09-24T00:00:00.000+08:00,70.333,140,603
2016-09-25T00:00:00.000+08:00,70.345,140,603
2016-09-26T00:00:00.000+08:00,70.354,10,603
2016-09-27T00:00:00.000+08:00,70.367,140,603
2016-09-28T00:00:00.000+08:00,70.382,140,603
2016-09-29T00:00:00.000+08:00,70.380,10,603
2016-09-30T00:00:00.000+08:00,70.378,140,603
2016-10-01T00:00:00.000+08:00,70.390,140,603
2016-10-02T00:00:00.000+08:00,70.405,140,603
2016-10-03T00:00:00.000+08:00,70.414,10,603
2016-10-04T00:00:00.000+08:00,70.420,140,603
2016-10-05T00:00:00.000+08:00,70.418,140,603
2016-10-06T00:00:00.000+08:00,70.423,140,603
2016-10-07T00:00:00.000+08:00,70.430,140,603
2016-10-08T00:00:00.000+08:00,70.480,140,603
2016-10-09T00:00:00.000+08:00,70.542,140,603
2016-10-10T00:00:00.000+08:00,70.556,140,603
2016-10-11T00:00:00.000+08:00,70.557,140,603
2016-10-12T00:00:00.000+08:00,70.551,140,603
2016-10-13T00:00:00.000+08:00,70.542,140,603
2016-10-14T00:00:00.000+08:00,70.542,140,603
2016-10-15T00:00:00.000+08:00,70.549,140,603
2016-10-16T00:00:00.000+08:00,70.546,140,603
2016-10-17T00:00:00.000+08:00,70.535,140,603
2016-10-18T00:00:00.000+08:00,70.521,140,603
2016-10-19T00:00:00.000+08:00,70.503,140,603
2016-10-20T00:00:00.000+08:00,70.479,140,603
2016-10-21T00:00:00.000+08:00,70.449,140,603
2016-10-22T00:00:00.000+08:00,70.424,140,603
2016-10-23T00:00:00.000+08:00,70.402,140,603
2016-10-24T00:00:00.000+08:00,70.383,140,603
2016-10-25T00:00:00.000+08:00,70.375,140,603
2016-10-26T00:00:00.000+08:00,70.372,140,603
2016-10-27T00:00:00.000+08:00,70.366,10,603
2016-10-28T00:00:00.000+08:00,70.355,140,603
2016-10-29T00:00:00.000+08:00,70.349,140,603
2016-10-30T00:00:00.000+08:00,70.343,140,603
2016-10-31T00:00:00.000+08:00,70.334,140,603
2016-11-01T00:00:00.000+08:00,70.323,140,603
2016-11-02T00:00:00.000+08:00,70.302,140,603
2016-11-03T00:00:00.000+08:00,70.273,140,603
2016-11-04T00:00:00.000+08:00,70.242,140,603
2016-11-05T00:00:00.000+08:00,70.216,140,603
2016-11-06T00:00:00.000+08:00,70.201,140,603
2016-11-07T00:00:00.000+08:00,70.187,140,603
2016-11-08T00:00:00.000+08:00,70.171,140,603
2016-11-09T00:00:00.000+08:00,70.156,140,603
2016-11-10T00:00:00.000+08:00,70.149,140,603
2016-11-11T00:00:00.000+08:00,70.145,140,603
2016-11-12T00:00:00.000+08:00,70.135,10,603
2016-11-13T00:00:00.000+08:00,70.121,10,603
2016-11-14T00:00:00.000+08:00,70.103,140,603
2016-11-15T00:00:00.000+08:00,70.082,140,603
2016-11-16T00:00:00.000+08:00,70.067,140,603
2016-11-17T00:00:00.000+08:00,70.055,140,603
2016-11-18T00:00:00.000+08:00,70.047,140,603
2016-11-19T00:00:00.000+08:00,70.031,10,603
2016-11-20T00:00:00.000+08:00,69.996,10,603
2016-11-21T00:00:00.000+08:00,69.977,140,603
2016-11-22T00:00:00.000+08:00,69.939,10,603
2016-11-23T00:00:00.000+08:00,69.897,140,603
2016-11-24T00:00:00.000+08:00,69.894,140,603
2016-11-25T00:00:00.000+08:00,69.894,140,603
2016-11-26T00:00:00.000+08:00,69.880,140,603
2016-11-27T00:00:00.000+08:00,69.849,140,603
2016-11-28T00:00:00.000+08:00,69.815,140,603
2016-11-29T00:00:00.000+08:00,69.778,10,603
2016-11-30T00:00:00.000+08:00,69.754,140,603
2016-12-01T00:00:00.000+08:00,69.750,140,603
2016-12-02T00:00:00.000+08:00,69.754,140,603
2016-12-03T00:00:00.000+08:00,69.755,10,603
2016-12-04T00:00:00.000+08:00,69.754,10,603
2016-12-05T00:00:00.000+08:00,69.724,140,603
2016-12-06T00:00:00.000+08:00,69.670,10,603
2016-12-07T00:00:00.000+08:00,69.620,140,603
2016-12-08T00:00:00.000+08:00,69.568,140,603
2016-12-09T00:00:00.000+08:00,69.529,140,603
2016-12-10T00:00:00.000+08:00,69.515,140,603
2016-12-11T00:00:00.000+08:00,69.515,140,603
2016-12-12T00:00:00.000+08:00,69.550,140,603
2016-12-13T00:00:00.000+08:00,69.586,140,603
2016-12-14T00:00:00.000+08:00,69.592,140,603
2016-12-15T00:00:00.000+08:00,69.610,10,603
2016-12-16T00:00:00.000+08:00,69.668,10,603
2016-12-17T00:00:00.000+08:00,69.746,10,603
2016-12-18T00:00:00.000+08:00,69.821,10,603
2016-12-19T00:00:00.000+08:00,69.893,140,603
2016-12-20T00:00:00.000+08:00,69.951,140,603
2016-12-21T00:00:00.000+08:00,69.991,140,603
2016-12-22T00:00:00.000+08:00,70.028,140,603
2016-12-23T00:00:00.000+08:00,70.064,140,603
2016-12-24T00:00:00.000+08:00,70.069,140,603
2016-12-25T00:00:00.000+08:00,70.056,140,603
2016-12-26T00:00:00.000+08:00,70.047,140,603
2016-12-27T00:00:00.000+08:00,70.047,140,603
2016-12-28T00:00:00.000+08:00,70.047,140,603
2016-12-29T00:00:00.000+08:00,70.038,140,603
2016-12-30T00:00:00.000+08:00,70.030,140,603
2016-12-31T00:00:00.000+08:00,70.026,140,603
2017-01-01T00:00:00.000+08:00,70.013,140,603
2017-01-02T00:00:00.000+08:00,69.993,140,603
2017-01-03T00:00:00.000+08:00,69.963,140,603
2017-01-04T00:00:00.000+08:00,69.926,140,603
2017-01-05T00:00:00.000+08:00,69.900,140,603
2017-01-06T00:00:00.000+08:00,69.882,140,603
2017-01-07T00:00:00.000+08:00,69.861,140,603
2017-01-08T00:00:00.000+08:00,69.851,10,603
2017-01-09T00:00:00.000+08:00,69.856,10,603
2017-01-10T00:00:00.000+08:00,69.864,140,603
2017-01-11T00:00:00.000+08:00,69.871,140,603
2017-01-12T00:00:00.000+08:00,69.878,140,603
2017-01-13T00:00:00.000+08:00,69.887,10,603
2017-01-14T00:00:00.000+08:00,69.896,10,603
2017-01-15T00:00:00.000+08:00,69.899,10,603
2017-01-16T00:00:00.000+08:00,69.878,10,603
2017-01-17T00:00:00.000+08:00,69.838,140,603
2017-01-18T00:00:00.000+08:00,69.785,140,603
2017-01-19T00:00:00.000+08:00,69.728,140,603
2017-01-20T00:00:00.000+08:00,69.706,140,603
2017-01-21T00:00:00.000+08:00,69.732,140,603
2017-01-22T00:00:00.000+08:00,69.780,140,603
2017-01-23T00:00:00.000+08:00,69.826,140,603
2017-01-24T00:00:00.000+08:00,69.866,140,603
2017-01-25T00:00:00.000+08:00,69.901,140,603
2017-01-26T00:00:00.000+08:00,69.929,140,603
2017-01-27T00:00:00.000+08:00,69.959,140,603
2017-01-28T00:00:00.000+08:00,69.990,140,603
2017-01-29T00:00:00.000+08:00,70.016,140,603
2017-01-30T00:00:00.000+08:00,70.022,140,603
2017-01-31T00:00:00.000+08:00,70.003,140,603
2017-02-01T00:00:00.000+08:00,69.968,140,603
2017-02-02T00:00:00.000+08:00,69.919,140,603
2017-02-03T00:00:00.000+08:00,69.879,140,603
2017-02-04T00:00:00.000+08:00,69.868,140,603
2017-02-05T00:00:00.000+08:00,69.874,140,603
2017-02-06T00:00:00.000+08:00,69.886,140,603
2017-02-07T00:00:00.000+08:00,69.893,140,603
2017-02-08T00:00:00.000+08:00,69.879,140,603
2017-02-09T00:00:00.000+08:00,69.863,140,603
2017-02-10T00:00:00.000+08:00,69.931,140,603
2017-02-11T00:00:00.000+08:00,70.003,140,603
2017-02-12T00:00:00.000+08:00,70.000,140,603
2017-02-13T00:00:00.000+08:00,69.994,140,603
2017-02-14T00:00:00.000+08:00,69.989,140,603
2017-02-15T00:00:00.000+08:00,69.982,140,603
2017-02-16T00:00:00.000+08:00,69.969,140,603
2017-02-17T00:00:00.000+08:00,69.954,140,603
2017-02-18T00:00:00.000+08:00,69.937,140,603
2017-02-19T00:00:00.000+08:00,69.918,140,603
2017-02-20T00:00:00.000+08:00,69.898,140,603
2017-02-21T00:00:00.000+08:00,69.863,140,603
2017-02-22T00:00:00.000+08:00,69.839,140,603
2017-02-23T00:00:00.000+08:00,69.797,10,603
2017-02-24T00:00:00.000+08:00,69.732,140,603
2017-02-25T00:00:00.000+08:00,69.678,140,603
2017-02-26T00:00:00.000+08:00,69.632,140,603
2017-02-27T00:00:00.000+08:00,69.607,140,603
2017-02-28T00:00:00.000+08:00,69.599,140,603
2017-03-01T00:00:00.000+08:00,69.571,10,603
2017-03-02T00:00:00.000+08:00,69.544,140,603
2017-03-03T00:00:00.000+08:00,69.563,140,603
2017-03-04T00:00:00.000+08:00,69.602,140,603
2017-03-05T00:00:00.000+08:00,69.636,140,603
2017-03-06T00:00:00.000+08:00,69.664,140,603
2017-03-07T00:00:00.000+08:00,69.650,140,603
2017-03-08T00:00:00.000+08:00,69.610,140,603
2017-03-09T00:00:00.000+08:00,69.606,140,603
2017-03-10T00:00:00.000+08:00,69.620,140,603
2017-03-11T00:00:00.000+08:00,69.641,140,603
2017-03-12T00:00:00.000+08:00,69.679,140,603
2017-03-13T00:00:00.000+08:00,69.727,140,603
2017-03-14T00:00:00.000+08:00,69.781,140,603
2017-03-15T00:00:00.000+08:00,69.809,140,603
2017-03-16T00:00:00.000+08:00,69.814,10,603
2017-03-17T00:00:00.000+08:00,69.815,140,603
2017-03-18T00:00:00.000+08:00,69.806,140,603
2017-03-19T00:00:00.000+08:00,69.797,140,603
2017-03-20T00:00:00.000+08:00,69.785,140,603
2017-03-21T00:00:00.000+08:00,69.779,140,603
2017-03-22T00:00:00.000+08:00,69.780,140,603
2017-03-23T00:00:00.000+08:00,69.780,140,603
2017-03-24T00:00:00.000+08:00,69.778,140,603
2017-03-25T00:00:00.000+08:00,69.771,140,603
2017-03-26T00:00:00.000+08:00,69.764,140,603
2017-03-27T00:00:00.000+08:00,69.756,140,603
2017-03-28T00:00:00.000+08:00,69.745,140,603
2017-03-29T00:00:00.000+08:00,69.733,140,603
2017-03-30T00:00:00.000+08:00,69.716,140,603
2017-03-31T00:00:00.000+08:00,69.695,140,603
2017-04-01T00:00:00.000+08:00,69.674,140,603
2017-04-02T00:00:00.000+08:00,69.654,140,603
2017-04-03T00:00:00.000+08:00,69.650,140,603
2017-04-04T00:00:00.000+08:00,69.676,140,603
2017-04-05T00:00:00.000+08:00,69.681,140,603
2017-04-06T00:00:00.000+08:00,69.660,140,603
2017-04-07T00:00:00.000+08:00,69.662,10,603
2017-04-08T00:00:00.000+08:00,69.688,140,603
2017-04-09T00:00:00.000+08:00,69.728,10,603
2017-04-10T00:00:00.000+08:00,69.769,140,603
2017-04-11T00:00:00.000+08:00,69.809,140,603
2017-04-12T00:00:00.000+08:00,69.853,140,603
2017-04-13T00:00:00.000+08:00,69.885,140,603
2017-04-14T00:00:00.000+08:00,69.890,140,603
2017-04-15T00:00:00.000+08:00,69.882,140,603
2017-04-16T00:00:00.000+08:00,69.875,140,603
2017-04-17T00:00:00.000+08:00,69.868,140,603
2017-04-18T00:00:00.000+08:00,69.862,140,603
2017-04-19T00:00:00.000+08:00,69.855,140,603
2017-04-20T00:00:00.000+08:00,69.846,140,603
2017-04-21T00:00:00.000+08:00,69.840,140,603
2017-04-22T00:00:00.000+08:00,69.833,140,603
2017-04-23T00:00:00.000+08:00,69.824,140,603
2017-04-24T00:00:00.000+08:00,69.812,140,603
2017-04-25T00:00:00.000+08:00,69.798,140,603
2017-04-26T00:00:00.000+08:00,69.791,140,603
2017-04-27T00:00:00.000+08:00,69.782,10,603
2017-04-28T00:00:00.000+08:00,69.769,140,603
2017-04-29T00:00:00.000+08:00,69.758,140,603
2017-04-30T00:00:00.000+08:00,69.751,140,603
2017-05-01T00:00:00.000+08:00,69.743,140,603
2017-05-02T00:00:00.000+08:00,69.730,140,603
2017-05-03T00:00:00.000+08:00,69.716,140,603
2017-05-04T00:00:00.000+08:00,69.709,140,603
2017-05-05T00:00:00.000+08:00,69.707,140,603
2017-05-06T00:00:00.000+08:00,69.703,140,603
2017-05-07T00:00:00.000+08:00,69.697,10,603
2017-05-08T00:00:00.000+08:00,69.693,140,603
2017-05-09T00:00:00.000+08:00,69.695,140,603
2017-05-10T00:00:00.000+08:00,69.695,140,603
2017-05-11T00:00:00.000+08:00,69.690,140,603
2017-05-12T00:00:00.000+08:00,69.683,140,603
2017-05-13T00:00:00.000+08:00,69.679,140,603
2017-05-14T00:00:00.000+08:00,69.685,140,603
2017-05-15T00:00:00.000+08:00,69.693,140,603
2017-05-16T00:00:00.000+08:00,69.699,10,603
2017-05-17T00:00:00.000+08:00,69.703,140,603
2017-05-18T00:00:00.000+08:00,69.711,140,603
2017-05-19T00:00:00.000+08:00,69.766,140,603
2017-05-20T00:00:00.000+08:00,69.815,140,603
2017-05-21T00:00:00.000+08:00,69.840,140,603
2017-05-22T00:00:00.000+08:00,69.866,140,603
2017-05-23T00:00:00.000+08:00,69.871,140,603
2017-05-24T00:00:00.000+08:00,69.872,140,603
2017-05-25T00:00:00.000+08:00,69.868,140,603
2017-05-26T00:00:00.000+08:00,69.868,140,603
2017-05-27T00:00:00.000+08:00,69.869,140,603
2017-05-28T00:00:00.000+08:00,69.864,140,603
2017-05-29T00:00:00.000+08:00,69.856,140,603
2017-05-30T00:00:00.000+08:00,69.847,140,603
2017-05-31T00:00:00.000+08:00,69.839,140,603
2017-06-01T00:00:00.000+08:00,69.834,140,603
2017-06-02T00:00:00.000+08:00,69.831,10,603
2017-06-03T00:00:00.000+08:00,69.831,10,603
2017-06-04T00:00:00.000+08:00,69.826,10,603
2017-06-05T00:00:00.000+08:00,69.816,140,603
2017-06-06T00:00:00.000+08:00,69.808,10,603
2017-06-07T00:00:00.000+08:00,69.800,140,603
2017-06-08T00:00:00.000+08:00,69.792,140,603
2017-06-09T00:00:00.000+08:00,69.787,140,603
2017-06-10T00:00:00.000+08:00,69.775,10,603
2017-06-11T00:00:00.000+08:00,69.758,10,603
2017-06-12T00:00:00.000+08:00,69.747,140,603
2017-06-13T00:00:00.000+08:00,69.738,140,603
2017-06-14T00:00:00.000+08:00,69.728,140,603
2017-06-15T00:00:00.000+08:00,69.715,140,603
2017-06-16T00:00:00.000+08:00,69.706,140,603
2017-06-17T00:00:00.000+08:00,69.700,140,603
2017-06-18T00:00:00.000+08:00,69.693,140,603
2017-06-19T00:00:00.000+08:00,69.686,140,603
2017-06-20T00:00:00.000+08:00,69.679,140,603
2017-06-21T00:00:00.000+08:00,69.681,140,603
2017-06-22T00:00:00.000+08:00,69.758,10,603
2017-06-23T00:00:00.000+08:00,69.837,10,603
2017-06-24T00:00:00.000+08:00,69.845,10,603
2017-06-25T00:00:00.000+08:00,69.843,10,603
2017-06-26T00:00:00.000+08:00,69.840,140,603
2017-06-27T00:00:00.000+08:00,69.836,140,603
2017-06-28T00:00:00.000+08:00,69.831,140,603
2017-06-29T00:00:00.000+08:00,69.824,10,603
2017-06-30T00:00:00.000+08:00,69.820,140,603
2017-07-01T00:00:00.000+08:00,69.841,10,603
2017-07-02T00:00:00.000+08:00,69.864,10,603
2017-07-03T00:00:00.000+08:00,69.865,140,603
2017-07-04T00:00:00.000+08:00,69.865,140,603
2017-07-05T00:00:00.000+08:00,69.917,140,603
2017-07-06T00:00:00.000+08:00,69.978,140,603
2017-07-07T00:00:00.000+08:00,70.011,140,603
2017-07-08T00:00:00.000+08:00,70.035,140,603
2017-07-09T00:00:00.000+08:00,70.030,140,603
2017-07-10T00:00:00.000+08:00,70.021,140,603
2017-07-11T00:00:00.000+08:00,70.010,140,603
2017-07-12T00:00:00.000+08:00,70.012,140,603
2017-07-13T00:00:00.000+08:00,70.016,140,603
2017-07-14T00:00:00.000+08:00,70.000,140,603
2017-07-15T00:00:00.000+08:00,70.006,140,603
2017-07-16T00:00:00.000+08:00,70.025,140,603
2017-07-17T00:00:00.000+08:00,70.019,140,603
2017-07-18T00:00:00.000+08:00,70.001,140,603
2017-07-19T00:00:00.000+08:00,69.991,140,603
2017-07-20T00:00:00.000+08:00,70.042,10,603
2017-07-21T00:00:00.000+08:00,70.151,10,603
2017-07-22T00:00:00.000+08:00,70.231,10,603
2017-07-23T00:00:00.000+08:00,70.282,10,603
2017-07-24T00:00:00.000+08:00,70.340,140,603
2017-07-25T00:00:00.000+08:00,70.388,140,603
2017-07-26T00:00:00.000+08:00,70.438,140,603
2017-07-27T00:00:00.000+08:00,70.477,140,603
2017-07-28T00:00:00.000+08:00,70.574,140,603
2017-07-29T00:00:00.000+08:00,70.711,140,603
2017-07-30T00:00:00.000+08:00,70.784,140,603
2017-07-31T00:00:00.000+08:00,70.888,140,603
2017-08-01T00:00:00.000+08:00,70.998,140,603
2017-08-02T00:00:00.000+08:00,71.029,140,603
2017-08-03T00:00:00.000+08:00,71.030,10,603
2017-08-04T00:00:00.000+08:00,71.076,10,603
2017-08-05T00:00:00.000+08:00,71.128,10,603
2017-08-06T00:00:00.000+08:00,71.127,10,603
2017-08-07T00:00:00.000+08:00,71.115,140,603
2017-08-08T00:00:00.000+08:00,71.212,140,603
2017-08-09T00:00:00.000+08:00,71.312,140,603
2017-08-10T00:00:00.000+08:00,71.259,140,603
2017-08-11T00:00:00.000+08:00,71.202,140,603
2017-08-12T00:00:00.000+08:00,71.226,140,603
2017-08-13T00:00:00.000+08:00,71.237,140,603
2017-08-14T00:00:00.000+08:00,71.224,140,603
2017-08-15T00:00:00.000+08:00,71.212,140,603
2017-08-16T00:00:00.000+08:00,71.182,140,603
2017-08-17T00:00:00.000+08:00,71.167,140,603
2017-08-18T00:00:00.000+08:00,71.161,140,603
2017-08-19T00:00:00.000+08:00,71.154,140,603
2017-08-20T00:00:00.000+08:00,71.151,140,603
2017-08-21T00:00:00.000+08:00,71.139,10,603
2017-08-22T00:00:00.000+08:00,71.147,140,603
2017-08-23T00:00:00.000+08:00,71.164,140,603
2017-08-24T00:00:00.000+08:00,71.156,140,603
2017-08-25T00:00:00.000+08:00,71.151,140,603
2017-08-26T00:00:00.000+08:00,71.146,140,603
2017-08-27T00:00:00.000+08:00,71.139,140,603
2017-08-28T00:00:00.000+08:00,71.127,140,603
2017-08-29T00:00:00.000+08:00,71.113,140,603
2017-08-30T00:00:00.000+08:00,71.102,140,603
2017-08-31T00:00:00.000+08:00,71.097,140,603
2017-09-01T00:00:00.000+08:00,71.096,140,603
2017-09-02T00:00:00.000+08:00,71.090,140,603
2017-09-03T00:00:00.000+08:00,71.079,140,603
2017-09-04T00:00:00.000+08:00,71.067,140,603
2017-09-05T00:00:00.000+08:00,71.052,140,603
2017-09-06T00:00:00.000+08:00,71.035,140,603
2017-09-07T00:00:00.000+08:00,71.021,140,603
2017-09-08T00:00:00.000+08:00,71.006,140,603
2017-09-09T00:00:00.000+08:00,70.991,140,603
2017-09-10T00:00:00.000+08:00,70.975,140,603
2017-09-11T00:00:00.000+08:00,70.957,140,603
2017-09-12T00:00:00.000+08:00,70.938,140,603
2017-09-13T00:00:00.000+08:00,70.927,140,603
2017-09-14T00:00:00.000+08:00,70.905,10,603
2017-09-15T00:00:00.000+08:00,70.875,140,603
2017-09-16T00:00:00.000+08:00,70.855,10,603
2017-09-17T00:00:00.000+08:00,70.837,10,603
2017-09-18T00:00:00.000+08:00,70.818,140,603
2017-09-19T00:00:00.000+08:00,70.780,140,603
2017-09-20T00:00:00.000+08:00,70.826,140,603
2017-09-21T00:00:00.000+08:00,70.998,10,603
2017-09-22T00:00:00.000+08:00,71.156,10,603
2017-09-23T00:00:00.000+08:00,71.202,10,603
2017-09-24T00:00:00.000+08:00,71.185,10,603
2017-09-25T00:00:00.000+08:00,71.171,140,603
2017-09-26T00:00:00.000+08:00,71.150,140,603
2017-09-27T00:00:00.000+08:00,71.134,140,603
2017-09-28T00:00:00.000+08:00,71.131,140,603
2017-09-29T00:00:00.000+08:00,71.128,140,603
2017-09-30T00:00:00.000+08:00,71.119,140,603
2017-10-01T00:00:00.000+08:00,71.113,140,603
2017-10-02T00:00:00.000+08:00,71.110,140,603
2017-10-03T00:00:00.000+08:00,71.108,140,603
2017-10-04T00:00:00.000+08:00,71.105,140,603
2017-10-05T00:00:00.000+08:00,71.102,140,603
2017-10-06T00:00:00.000+08:00,71.102,140,603
2017-10-07T00:00:00.000+08:00,71.103,140,603
2017-10-08T00:00:00.000+08:00,71.103,140,603
2017-10-09T00:00:00.000+08:00,71.101,140,603
2017-10-10T00:00:00.000+08:00,71.102,140,603
2017-10-11T00:00:00.000+08:00,71.102,140,603
2017-10-12T00:00:00.000+08:00,71.100,140,603
2017-10-13T00:00:00.000+08:00,71.094,140,603
2017-10-14T00:00:00.000+08:00,71.083,140,603
2017-10-15T00:00:00.000+08:00,71.073,140,603
2017-10-16T00:00:00.000+08:00,71.073,140,603
2017-10-17T00:00:00.000+08:00,71.089,140,603
2017-10-18T00:00:00.000+08:00,71.097,140,603
2017-10-19T00:00:00.000+08:00,71.091,10,603
2017-10-20T00:00:00.000+08:00,71.088,10,603
2017-10-21T00:00:00.000+08:00,71.073,10,603
2017-10-22T00:00:00.000+08:00,71.051,10,603
2017-10-23T00:00:00.000+08:00,71.035,10,603
2017-10-24T00:00:00.000+08:00,71.017,10,603
2017-10-25T00:00:00.000+08:00,71.008,10,603
2017-10-26T00:00:00.000+08:00,71.004,10,603
2017-10-27T00:00:00.000+08:00,70.999,10,603
2017-10-28T00:00:00.000+08:00,70.994,10,603
2017-10-29T00:00:00.000+08:00,70.987,10,603
2017-10-30T00:00:00.000+08:00,70.978,10,603
2017-10-31T00:00:00.000+08:00,70.969,10,603
2017-11-01T00:00:00.000+08:00,70.957,10,603
2017-11-02T00:00:00.000+08:00,70.939,10,603
2017-11-03T00:00:00.000+08:00,70.910,10,603
2017-11-04T00:00:00.000+08:00,70.870,10,603
2017-11-05T00:00:00.000+08:00,70.837,10,603
2017-11-06T00:00:00.000+08:00,70.810,10,603
2017-11-07T00:00:00.000+08:00,70.785,10,603
2017-11-08T00:00:00.000+08:00,70.765,10,603
2017-11-09T00:00:00.000+08:00,70.748,10,603
2017-11-10T00:00:00.000+08:00,70.726,10,603
2017-11-11T00:00:00.000+08:00,70.696,10,603
2017-11-12T00:00:00.000+08:00,70.667,10,603
2017-11-13T00:00:00.000+08:00,70.643,10,603
2017-11-14T00:00:00.000+08:00,70.594,10,603
2017-11-15T00:00:00.000+08:00,70.558,10,603
2017-11-16T00:00:00.000+08:00,70.496,10,603
2017-11-17T00:00:00.000+08:00,70.426,10,603
2017-11-18T00:00:00.000+08:00,70.418,10,603
2017-11-19T00:00:00.000+08:00,70.417,10,603
2017-11-20T00:00:00.000+08:00,70.415,10,603
2017-11-21T00:00:00.000+08:00,70.408,10,603
2017-11-22T00:00:00.000+08:00,70.401,10,603
2017-11-23T00:00:00.000+08:00,70.377,10,603
2017-11-24T00:00:00.000+08:00,70.337,10,603
2017-11-25T00:00:00.000+08:00,70.314,10,603
2017-11-26T00:00:00.000+08:00,70.298,10,603
2017-11-27T00:00:00.000+08:00,70.242,10,603
2017-11-28T00:00:00.000+08:00,70.157,10,603
2017-11-29T00:00:00.000+08:00,70.072,10,603
2017-11-30T00:00:00.000+08:00,69.987,10,603
2017-12-01T00:00:00.000+08:00,69.945,10,603
2017-12-02T00:00:00.000+08:00,69.956,10,603
2017-12-03T00:00:00.000+08:00,69.976,10,603
2017-12-04T00:00:00.000+08:00,69.998,10,603
2017-12-05T00:00:00.000+08:00,70.036,10,603
2017-12-06T00:00:00.000+08:00,70.072,10,603
2017-12-07T00:00:00.000+08:00,70.085,10,603
2017-12-08T00:00:00.000+08:00,70.100,10,603
2017-12-09T00:00:00.000+08:00,70.115,10,603
2017-12-10T00:00:00.000+08:00,70.095,10,603
2017-12-11T00:00:00.000+08:00,70.066,10,603
2017-12-12T00:00:00.000+08:00,70.034,10,603
2017-12-13T00:00:00.000+08:00,70.010,10,603
2017-12-14T00:00:00.000+08:00,69.938,10,603
2017-12-15T00:00:00.000+08:00,69.883,10,603
2017-12-16T00:00:00.000+08:00,69.933,10,603
2017-12-17T00:00:00.000+08:00,70.020,10,603
2017-12-18T00:00:00.000+08:00,70.136,10,603
2017-12-19T00:00:00.000+08:00,70.240,10,603
2017-12-20T00:00:00.000+08:00,70.320,10,603
2017-12-21T00:00:00.000+08:00,70.383,10,603
2017-12-22T00:00:00.000+08:00,70.410,10,603
2017-12-23T00:00:00.000+08:00,70.403,10,603
2017-12-24T00:00:00.000+08:00,70.389,10,603
2017-12-25T00:00:00.000+08:00,70.389,10,603
2017-12-26T00:00:00.000+08:00,70.400,10,603
2017-12-27T00:00:00.000+08:00,70.362,10,603
2017-12-28T00:00:00.000+08:00,70.320,10,603
2017-12-29T00:00:00.000+08:00,70.229,10,603
2017-12-30T00:00:00.000+08:00,70.108,10,603
2017-12-31T00:00:00.000+08:00,70.067,10,603
2018-01-01T00:00:00.000+08:00,70.085,10,603
2018-01-02T00:00:00.000+08:00,70.129,10,603
2018-01-03T00:00:00.000+08:00,70.144,10,603
2018-01-04T00:00:00.000+08:00,70.122,10,603
2018-01-05T00:00:00.000+08:00,70.081,10,603
2018-01-06T00:00:00.000+08:00,70.067,10,603
2018-01-07T00:00:00.000+08:00,70.075,10,603
2018-01-08T00:00:00.000+08:00,70.034,10,603
2018-01-09T00:00:00.000+08:00,69.958,140,603
2018-01-10T00:00:00.000+08:00,69.926,140,603
2018-01-11T00:00:00.000+08:00,69.954,140,603
2018-01-12T00:00:00.000+08:00,70.014,140,603
2018-01-13T00:00:00.000+08:00,70.092,140,603
2018-01-14T00:00:00.000+08:00,70.181,140,603
2018-01-15T00:00:00.000+08:00,70.291,140,603
2018-01-16T00:00:00.000+08:00,70.442,140,603
2018-01-17T00:00:00.000+08:00,70.539,140,603
2018-01-18T00:00:00.000+08:00,70.555,140,603
2018-01-19T00:00:00.000+08:00,70.563,140,603
2018-01-20T00:00:00.000+08:00,70.566,140,603
2018-01-21T00:00:00.000+08:00,70.561,140,603
2018-01-22T00:00:00.000+08:00,70.546,140,603
2018-01-23T00:00:00.000+08:00,70.532,140,603
2018-01-24T00:00:00.000+08:00,70.509,140,603
2018-01-25T00:00:00.000+08:00,70.488,140,603
2018-01-26T00:00:00.000+08:00,70.443,140,603
2018-01-27T00:00:00.000+08:00,70.351,140,603
2018-01-28T00:00:00.000+08:00,70.245,140,603
2018-01-29T00:00:00.000+08:00,70.145,140,603
2018-01-30T00:00:00.000+08:00,70.105,140,603
2018-01-31T00:00:00.000+08:00,70.125,140,603
2018-02-01T00:00:00.000+08:00,70.137,140,603
2018-02-02T00:00:00.000+08:00,70.180,10,603
2018-02-03T00:00:00.000+08:00,70.229,10,603
2018-02-04T00:00:00.000+08:00,70.243,10,603
2018-02-05T00:00:00.000+08:00,70.270,140,603
2018-02-06T00:00:00.000+08:00,70.317,140,603
2018-02-07T00:00:00.000+08:00,70.350,140,603
2018-02-08T00:00:00.000+08:00,70.334,140,603
2018-02-09T00:00:00.000+08:00,70.296,140,603
2018-02-10T00:00:00.000+08:00,70.261,140,603
2018-02-11T00:00:00.000+08:00,70.231,140,603
2018-02-12T00:00:00.000+08:00,70.232,140,603
2018-02-13T00:00:00.000+08:00,70.257,10,603
2018-02-14T00:00:00.000+08:00,70.256,140,603
2018-02-15T00:00:00.000+08:00,70.243,140,603
2018-02-16T00:00:00.000+08:00,70.226,140,603
2018-02-17T00:00:00.000+08:00,70.209,140,603
2018-02-18T00:00:00.000+08:00,70.199,140,603
2018-02-19T00:00:00.000+08:00,70.179,140,603
2018-02-20T00:00:00.000+08:00,70.161,140,603
2018-02-21T00:00:00.000+08:00,70.157,140,603
2018-02-22T00:00:00.000+08:00,70.157,10,603
2018-02-23T00:00:00.000+08:00,70.157,10,603
2018-02-24T00:00:00.000+08:00,70.157,10,603
2018-02-25T00:00:00.000+08:00,70.157,10,603
2018-02-26T00:00:00.000+08:00,70.074,10,603
2018-02-27T00:00:00.000+08:00,69.999,140,603
2018-02-28T00:00:00.000+08:00,70.005,140,603
2018-03-01T00:00:00.000+08:00,70.005,10,603
2018-03-02T00:00:00.000+08:00,70.005,10,603
2018-03-03T00:00:00.000+08:00,70.005,10,603
2018-03-04T00:00:00.000+08:00,70.005,10,603
2018-03-05T00:00:00.000+08:00,70.005,10,603
2018-03-06T00:00:00.000+08:00,70.046,10,603
2018-03-07T00:00:00.000+08:00,70.064,140,603
2018-03-08T00:00:00.000+08:00,70.040,140,603
2018-03-09T00:00:00.000+08:00,70.049,10,603
2018-03-10T00:00:00.000+08:00,70.099,10,603
2018-03-11T00:00:00.000+08:00,70.160,10,603
2018-03-12T00:00:00.000+08:00,70.207,140,603
2018-03-13T00:00:00.000+08:00,70.257,140,603
2018-03-14T00:00:00.000+08:00,70.277,140,603
2018-03-15T00:00:00.000+08:00,70.270,140,603
2018-03-16T00:00:00.000+08:00,70.264,140,603
2018-03-17T00:00:00.000+08:00,70.254,140,603
2018-03-18T00:00:00.000+08:00,70.243,140,603
2018-03-19T00:00:00.000+08:00,70.188,140,603
2018-03-20T00:00:00.000+08:00,70.081,140,603
2018-03-21T00:00:00.000+08:00,70.002,140,603
2018-03-22T00:00:00.000+08:00,69.939,140,603
2018-03-23T00:00:00.000+08:00,69.904,140,603
2018-03-24T00:00:00.000+08:00,69.932,140,603
2018-03-25T00:00:00.000+08:00,69.978,140,603
2018-03-26T00:00:00.000+08:00,70.025,140,603
2018-03-27T00:00:00.000+08:00,70.078,140,603
2018-03-28T00:00:00.000+08:00,70.126,140,603
2018-03-29T00:00:00.000+08:00,70.162,140,603
2018-03-30T00:00:00.000+08:00,70.195,140,603
2018-03-31T00:00:00.000+08:00,70.216,140,603
2018-04-01T00:00:00.000+08:00,70.211,10,603
2018-04-02T00:00:00.000+08:00,70.199,10,603
2018-04-03T00:00:00.000+08:00,70.188,140,603
2018-04-04T00:00:00.000+08:00,70.176,140,603
2018-04-05T00:00:00.000+08:00,70.167,140,603
2018-04-06T00:00:00.000+08:00,70.155,140,603
2018-04-07T00:00:00.000+08:00,70.123,140,603
2018-04-08T00:00:00.000+08:00,70.074,140,603
2018-04-09T00:00:00.000+08:00,69.988,140,603
2018-04-10T00:00:00.000+08:00,69.863,140,603
2018-04-11T00:00:00.000+08:00,69.763,140,603
2018-04-12T00:00:00.000+08:00,69.719,140,603
2018-04-13T00:00:00.000+08:00,69.709,10,603
2018-04-14T00:00:00.000+08:00,69.710,140,603
2018-04-15T00:00:00.000+08:00,69.702,140,603
2018-04-16T00:00:00.000+08:00,69.667,140,603
2018-04-17T00:00:00.000+08:00,69.620,140,603
2018-04-18T00:00:00.000+08:00,69.585,140,603
2018-04-19T00:00:00.000+08:00,69.555,140,603
2018-04-20T00:00:00.000+08:00,69.527,140,603
2018-04-21T00:00:00.000+08:00,69.502,140,603
2018-04-22T00:00:00.000+08:00,69.522,140,603
2018-04-23T00:00:00.000+08:00,69.542,140,603
2018-04-24T00:00:00.000+08:00,69.516,140,603
2018-04-25T00:00:00.000+08:00,69.489,140,603
2018-04-26T00:00:00.000+08:00,69.464,140,603
2018-04-27T00:00:00.000+08:00,69.451,140,603
2018-04-28T00:00:00.000+08:00,69.447,140,603
2018-04-29T00:00:00.000+08:00,69.436,140,603
2018-04-30T00:00:00.000+08:00,69.422,140,603
2018-05-01T00:00:00.000+08:00,69.420,140,603
2018-05-02T00:00:00.000+08:00,69.422,140,603
2018-05-03T00:00:00.000+08:00,69.423,140,603
2018-05-04T00:00:00.000+08:00,69.425,140,603
2018-05-05T00:00:00.000+08:00,69.427,140,603
2018-05-06T00:00:00.000+08:00,69.428,140,603
2018-05-07T00:00:00.000+08:00,69.430,140,603
2018-05-08T00:00:00.000+08:00,69.432,140,603
2018-05-09T00:00:00.000+08:00,69.433,140,603
2018-05-10T00:00:00.000+08:00,69.435,140,603
2018-05-11T00:00:00.000+08:00,69.436,140,603
2018-05-12T00:00:00.000+08:00,69.434,10,603
2018-05-13T00:00:00.000+08:00,69.433,10,603
2018-05-14T00:00:00.000+08:00,69.435,140,603
2018-05-15T00:00:00.000+08:00,69.430,140,603
2018-05-16T00:00:00.000+08:00,69.422,140,603
2018-05-17T00:00:00.000+08:00,69.411,140,603
2018-05-18T00:00:00.000+08:00,69.404,140,603
2018-05-19T00:00:00.000+08:00,69.398,140,603
2018-05-20T00:00:00.000+08:00,69.393,140,603
2018-05-21T00:00:00.000+08:00,69.394,140,603
2018-05-22T00:00:00.000+08:00,69.396,140,603
2018-05-23T00:00:00.000+08:00,69.397,140,603
2018-05-24T00:00:00.000+08:00,69.429,140,603
2018-05-25T00:00:00.000+08:00,69.515,140,603
2018-05-26T00:00:00.000+08:00,69.594,140,603
2018-05-27T00:00:00.000+08:00,69.618,140,603
2018-05-28T00:00:00.000+08:00,69.619,10,603
2018-05-29T00:00:00.000+08:00,69.619,10,603
2018-05-30T00:00:00.000+08:00,69.619,10,603
2018-05-31T00:00:00.000+08:00,69.619,10,603
2018-06-01T00:00:00.000+08:00,69.619,10,603
2018-06-02T00:00:00.000+08:00,69.619,10,603
2018-06-03T00:00:00.000+08:00,69.619,10,603
2018-06-04T00:00:00.000+08:00,69.619,10,603
2018-06-05T00:00:00.000+08:00,69.619,10,603
2018-06-06T00:00:00.000+08:00,69.619,10,603
2018-06-07T00:00:00.000+08:00,69.619,10,603
2018-06-08T00:00:00.000+08:00,69.619,10,603
2018-06-09T00:00:00.000+08:00,69.619,10,603
2018-06-10T00:00:00.000+08:00,69.619,10,603
2018-06-11T00:00:00.000+08:00,69.619,10,603
2018-06-12T00:00:00.000+08:00,69.619,10,603
2018-06-13T00:00:00.000+08:00,69.619,10,603
2018-06-14T00:00:00.000+08:00,69.986,140,603
2018-06-15T00:00:00.000+08:00,70.350,10,603
2018-06-16T00:00:00.000+08:00,70.342,10,603
2018-06-17T00:00:00.000+08:00,70.334,10,603
2018-06-18T00:00:00.000+08:00,70.356,10,603
2018-06-19T00:00:00.000+08:00,70.402,10,603
2018-06-20T00:00:00.000+08:00,70.431,10,603
2018-06-21T00:00:00.000+08:00,70.446,10,603
2018-06-22T00:00:00.000+08:00,70.452,10,603
2018-06-23T00:00:00.000+08:00,70.452,10,603
2018-06-24T00:00:00.000+08:00,70.449,10,603
2018-06-25T00:00:00.000+08:00,70.444,10,603
2018-06-26T00:00:00.000+08:00,70.441,10,603
2018-06-27T00:00:00.000+08:00,70.667,10,603
2018-06-28T00:00:00.000+08:00,70.916,10,603
2018-06-29T00:00:00.000+08:00,70.947,10,603
2018-06-30T00:00:00.000+08:00,70.957,10,603
2018-07-01T00:00:00.000+08:00,70.958,10,603
2018-07-02T00:00:00.000+08:00,71.044,10,603
2018-07-03T00:00:00.000+08:00,71.137,10,603
2018-07-04T00:00:00.000+08:00,71.190,10,603
2018-07-05T00:00:00.000+08:00,71.215,10,603
2018-07-06T00:00:00.000+08:00,71.173,10,603
2018-07-07T00:00:00.000+08:00,71.141,10,603
2018-07-08T00:00:00.000+08:00,71.120,10,603
2018-07-09T00:00:00.000+08:00,71.104,10,603
2018-07-10T00:00:00.000+08:00,71.093,10,603
2018-07-11T00:00:00.000+08:00,71.084,10,603
2018-07-12T00:00:00.000+08:00,71.084,10,603
2018-07-13T00:00:00.000+08:00,71.091,10,603
2018-07-14T00:00:00.000+08:00,71.129,10,603
2018-07-15T00:00:00.000+08:00,71.159,140,603
2018-07-16T00:00:00.000+08:00,71.147,140,603
2018-07-17T00:00:00.000+08:00,71.132,140,603
2018-07-18T00:00:00.000+08:00,71.117,140,603
2018-07-19T00:00:00.000+08:00,71.104,140,603
2018-07-20T00:00:00.000+08:00,71.093,140,603
2018-07-21T00:00:00.000+08:00,71.137,140,603
2018-07-22T00:00:00.000+08:00,71.216,140,603
2018-07-23T00:00:00.000+08:00,71.220,140,603
2018-07-24T00:00:00.000+08:00,71.174,140,603
2018-07-25T00:00:00.000+08:00,71.248,140,603
2018-07-26T00:00:00.000+08:00,71.280,140,603
2018-07-27T00:00:00.000+08:00,71.199,140,603
2018-07-28T00:00:00.000+08:00,71.164,140,603
2018-07-29T00:00:00.000+08:00,71.156,140,603
2018-07-30T00:00:00.000+08:00,71.155,140,603
2018-07-31T00:00:00.000+08:00,71.139,10,603
2018-08-01T00:00:00.000+08:00,71.163,10,603
2018-08-02T00:00:00.000+08:00,71.188,140,603
2018-08-03T00:00:00.000+08:00,71.235,140,603
2018-08-04T00:00:00.000+08:00,71.267,140,603
2018-08-05T00:00:00.000+08:00,71.213,140,603
2018-08-06T00:00:00.000+08:00,71.172,140,603
2018-08-07T00:00:00.000+08:00,71.154,140,603
2018-08-08T00:00:00.000+08:00,71.147,140,603
2018-08-09T00:00:00.000+08:00,71.191,140,603
2018-08-10T00:00:00.000+08:00,71.208,140,603
2018-08-11T00:00:00.000+08:00,71.167,140,603
2018-08-12T00:00:00.000+08:00,71.144,140,603
2018-08-13T00:00:00.000+08:00,71.144,140,603
2018-08-14T00:00:00.000+08:00,71.192,140,603
2018-08-15T00:00:00.000+08:00,71.236,140,603
2018-08-16T00:00:00.000+08:00,71.243,140,603
2018-08-17T00:00:00.000+08:00,71.247,140,603
2018-08-18T00:00:00.000+08:00,71.247,10,603
2018-08-19T00:00:00.000+08:00,71.247,10,603
2018-08-20T00:00:00.000+08:00,71.247,10,603
2018-08-21T00:00:00.000+08:00,71.247,10,603
2018-08-22T00:00:00.000+08:00,71.247,10,603
2018-08-23T00:00:00.000+08:00,71.247,10,603
2018-08-24T00:00:00.000+08:00,71.247,10,603
2018-08-25T00:00:00.000+08:00,71.247,10,603
2018-08-26T00:00:00.000+08:00,71.247,10,603
2018-08-27T00:00:00.000+08:00,71.247,10,603
2018-08-28T00:00:00.000+08:00,71.253,10,603
2018-08-29T00:00:00.000+08:00,71.271,140,603
2018-08-30T00:00:00.000+08:00,71.275,140,603
2018-08-31T00:00:00.000+08:00,71.255,140,603
2018-09-01T00:00:00.000+08:00,71.234,140,603
2018-09-02T00:00:00.000+08:00,71.218,140,603
2018-09-03T00:00:00.000+08:00,71.203,140,603
2018-09-04T00:00:00.000+08:00,71.200,140,603
2018-09-05T00:00:00.000+08:00,71.203,140,603
2018-09-06T00:00:00.000+08:00,71.195,10,603
2018-09-07T00:00:00.000+08:00,71.196,10,603
2018-09-08T00:00:00.000+08:00,71.212,10,603
2018-09-09T00:00:00.000+08:00,71.215,140,603
2018-09-10T00:00:00.000+08:00,71.224,140,603
2018-09-11T00:00:00.000+08:00,71.234,140,603
2018-09-12T00:00:00.000+08:00,71.222,10,603
2018-09-13T00:00:00.000+08:00,71.213,140,603
2018-09-14T00:00:00.000+08:00,71.211,140,603
2018-09-15T00:00:00.000+08:00,71.203,140,603
2018-09-16T00:00:00.000+08:00,71.196,140,603
2018-09-17T00:00:00.000+08:00,71.189,140,603
2018-09-18T00:00:00.000+08:00,71.182,140,603
2018-09-19T00:00:00.000+08:00,71.177,140,603
2018-09-20T00:00:00.000+08:00,71.172,140,603
2018-09-21T00:00:00.000+08:00,71.166,140,603
2018-09-22T00:00:00.000+08:00,71.163,140,603
2018-09-23T00:00:00.000+08:00,71.165,140,603
2018-09-24T00:00:00.000+08:00,71.165,140,603
2018-09-25T00:00:00.000+08:00,71.162,140,603
2018-09-26T00:00:00.000+08:00,71.158,140,603
2018-09-27T00:00:00.000+08:00,71.153,10,603
2018-09-28T00:00:00.000+08:00,71.152,140,603
2018-09-29T00:00:00.000+08:00,71.160,140,603
2018-09-30T00:00:00.000+08:00,71.162,140,603
2018-10-01T00:00:00.000+08:00,71.157,140,603
2018-10-02T00:00:00.000+08:00,71.155,140,603
2018-10-03T00:00:00.000+08:00,71.160,140,603
2018-10-04T00:00:00.000+08:00,71.165,140,603
2018-10-05T00:00:00.000+08:00,71.167,140,603
2018-10-06T00:00:00.000+08:00,71.170,140,603
2018-10-07T00:00:00.000+08:00,71.171,140,603
2018-10-08T00:00:00.000+08:00,71.169,140,603
2018-10-09T00:00:00.000+08:00,71.166,140,603
2018-10-10T00:00:00.000+08:00,71.165,140,603
2018-10-11T00:00:00.000+08:00,71.165,140,603
2018-10-12T00:00:00.000+08:00,71.165,10,603
2018-10-13T00:00:00.000+08:00,71.176,140,603
2018-10-14T00:00:00.000+08:00,71.204,10,603
2018-10-15T00:00:00.000+08:00,71.218,10,603
2018-10-16T00:00:00.000+08:00,71.207,10,603
2018-10-17T00:00:00.000+08:00,71.196,10,603
2018-10-18T00:00:00.000+08:00,71.189,140,603
2018-10-19T00:00:00.000+08:00,71.183,140,603
2018-10-20T00:00:00.000+08:00,71.181,140,603
2018-10-21T00:00:00.000+08:00,71.184,140,603
2018-10-22T00:00:00.000+08:00,71.183,140,603
2018-10-23T00:00:00.000+08:00,71.178,140,603
2018-10-24T00:00:00.000+08:00,71.174,140,603
2018-10-25T00:00:00.000+08:00,71.169,140,603
2018-10-26T00:00:00.000+08:00,71.158,140,603
2018-10-27T00:00:00.000+08:00,71.146,140,603
2018-10-28T00:00:00.000+08:00,71.142,140,603
2018-10-29T00:00:00.000+08:00,71.131,140,603
2018-10-30T00:00:00.000+08:00,71.108,140,603
2018-10-31T00:00:00.000+08:00,71.079,140,603
2018-11-01T00:00:00.000+08:00,71.053,140,603
2018-11-02T00:00:00.000+08:00,71.047,140,603
2018-11-03T00:00:00.000+08:00,71.050,10,603
2018-11-04T00:00:00.000+08:00,71.054,10,603
2018-11-05T00:00:00.000+08:00,71.062,10,603
2018-11-06T00:00:00.000+08:00,71.067,10,603
2018-11-07T00:00:00.000+08:00,71.067,10,603
2018-11-08T00:00:00.000+08:00,71.063,10,603
2018-11-09T00:00:00.000+08:00,71.057,10,603
2018-11-10T00:00:00.000+08:00,71.041,10,603
2018-11-11T00:00:00.000+08:00,71.004,140,603
2018-11-12T00:00:00.000+08:00,70.943,140,603
2018-11-13T00:00:00.000+08:00,70.867,140,603
2018-11-14T00:00:00.000+08:00,70.783,140,603
2018-11-15T00:00:00.000+08:00,70.729,140,603
2018-11-16T00:00:00.000+08:00,70.705,140,603
2018-11-17T00:00:00.000+08:00,70.670,140,603
2018-11-18T00:00:00.000+08:00,70.636,140,603
2018-11-19T00:00:00.000+08:00,70.597,140,603
2018-11-20T00:00:00.000+08:00,70.562,140,603
2018-11-21T00:00:00.000+08:00,70.546,140,603
2018-11-22T00:00:00.000+08:00,70.526,140,603
2018-11-23T00:00:00.000+08:00,70.491,140,603
2018-11-24T00:00:00.000+08:00,70.466,140,603
2018-11-25T00:00:00.000+08:00,70.457,140,603
2018-11-26T00:00:00.000+08:00,70.402,140,603
2018-11-27T00:00:00.000+08:00,70.306,10,603
2018-11-28T00:00:00.000+08:00,70.236,10,603
2018-11-29T00:00:00.000+08:00,70.199,10,603
2018-11-30T00:00:00.000+08:00,70.192,140,603
2018-12-01T00:00:00.000+08:00,70.203,140,603
2018-12-02T00:00:00.000+08:00,70.202,140,603
2018-12-03T00:00:00.000+08:00,70.196,140,603
2018-12-04T00:00:00.000+08:00,70.204,140,603
2018-12-05T00:00:00.000+08:00,70.218,140,603
2018-12-06T00:00:00.000+08:00,70.234,140,603
2018-12-07T00:00:00.000+08:00,70.236,140,603
2018-12-08T00:00:00.000+08:00,70.206,140,603
2018-12-09T00:00:00.000+08:00,70.178,140,603
2018-12-10T00:00:00.000+08:00,70.142,140,603
2018-12-11T00:00:00.000+08:00,70.068,140,603
2018-12-12T00:00:00.000+08:00,69.998,140,603
2018-12-13T00:00:00.000+08:00,69.951,140,603
2018-12-14T00:00:00.000+08:00,69.945,140,603
2018-12-15T00:00:00.000+08:00,69.981,140,603
2018-12-16T00:00:00.000+08:00,70.037,140,603
2018-12-17T00:00:00.000+08:00,70.095,140,603
2018-12-18T00:00:00.000+08:00,70.133,140,603
2018-12-19T00:00:00.000+08:00,70.173,140,603
2018-12-20T00:00:00.000+08:00,70.217,140,603
2018-12-21T00:00:00.000+08:00,70.240,140,603
2018-12-22T00:00:00.000+08:00,70.241,140,603
2018-12-23T00:00:00.000+08:00,70.236,140,603
2018-12-24T00:00:00.000+08:00,70.201,140,603
2018-12-25T00:00:00.000+08:00,70.143,140,603
2018-12-26T00:00:00.000+08:00,70.110,140,603
2018-12-27T00:00:00.000+08:00,70.110,140,603
2018-12-28T00:00:00.000+08:00,70.173,140,603
2018-12-29T00:00:00.000+08:00,70.277,140,603
2018-12-30T00:00:00.000+08:00,70.367,140,603
2018-12-31T00:00:00.000+08:00,70.445,140,603
2019-01-01T00:00:00.000+08:00,70.507,140,603
2019-01-02T00:00:00.000+08:00,70.580,140,603
2019-01-03T00:00:00.000+08:00,70.652,140,603
2019-01-04T00:00:00.000+08:00,70.670,140,603
2019-01-05T00:00:00.000+08:00,70.658,140,603
2019-01-06T00:00:00.000+08:00,70.629,140,603
2019-01-07T00:00:00.000+08:00,70.526,140,603
2019-01-08T00:00:00.000+08:00,70.377,140,603
2019-01-09T00:00:00.000+08:00,70.275,140,603
2019-01-10T00:00:00.000+08:00,70.234,140,603
2019-01-11T00:00:00.000+08:00,70.239,10,603
2019-01-12T00:00:00.000+08:00,70.292,10,603
2019-01-13T00:00:00.000+08:00,70.369,10,603
2019-01-14T00:00:00.000+08:00,70.443,10,603
2019-01-15T00:00:00.000+08:00,70.484,140,603
2019-01-16T00:00:00.000+08:00,70.499,140,603
2019-01-17T00:00:00.000+08:00,70.507,140,603
2019-01-18T00:00:00.000+08:00,70.498,140,603
2019-01-19T00:00:00.000+08:00,70.482,140,603
2019-01-20T00:00:00.000+08:00,70.472,140,603
2019-01-21T00:00:00.000+08:00,70.421,140,603
2019-01-22T00:00:00.000+08:00,70.354,140,603
2019-01-23T00:00:00.000+08:00,70.330,140,603
2019-01-24T00:00:00.000+08:00,70.318,140,603
2019-01-25T00:00:00.000+08:00,70.337,140,603
2019-01-26T00:00:00.000+08:00,70.389,140,603
2019-01-27T00:00:00.000+08:00,70.455,140,603
2019-01-28T00:00:00.000+08:00,70.523,140,603
2019-01-29T00:00:00.000+08:00,70.570,140,603
2019-01-30T00:00:00.000+08:00,70.590,140,603
2019-01-31T00:00:00.000+08:00,70.602,10,603
2019-02-01T00:00:00.000+08:00,70.608,140,603
2019-02-02T00:00:00.000+08:00,70.605,140,603
2019-02-03T00:00:00.000+08:00,70.604,140,603
2019-02-04T00:00:00.000+08:00,70.545,140,603
2019-02-05T00:00:00.000+08:00,70.438,140,603
2019-02-06T00:00:00.000+08:00,70.330,140,603
2019-02-07T00:00:00.000+08:00,70.219,140,603
2019-02-08T00:00:00.000+08:00,70.126,140,603
2019-02-09T00:00:00.000+08:00,70.069,140,603
2019-02-10T00:00:00.000+08:00,70.028,140,603
2019-02-11T00:00:00.000+08:00,69.989,140,603
2019-02-12T00:00:00.000+08:00,69.972,140,603
2019-02-13T00:00:00.000+08:00,69.971,140,603
2019-02-14T00:00:00.000+08:00,69.981,140,603
2019-02-15T00:00:00.000+08:00,70.003,140,603
2019-02-16T00:00:00.000+08:00,70.040,140,603
2019-02-17T00:00:00.000+08:00,70.088,140,603
2019-02-18T00:00:00.000+08:00,70.089,140,603
2019-02-19T00:00:00.000+08:00,70.025,140,603
2019-02-20T00:00:00.000+08:00,69.945,140,603
2019-02-21T00:00:00.000+08:00,69.882,140,603
2019-02-22T00:00:00.000+08:00,69.859,140,603
2019-02-23T00:00:00.000+08:00,69.885,10,603
2019-02-24T00:00:00.000+08:00,69.944,10,603
2019-02-25T00:00:00.000+08:00,70.004,140,603
2019-02-26T00:00:00.000+08:00,70.061,140,603
2019-02-27T00:00:00.000+08:00,70.123,140,603
2019-02-28T00:00:00.000+08:00,70.177,140,603
2019-03-01T00:00:00.000+08:00,70.207,140,603
2019-03-02T00:00:00.000+08:00,70.220,140,603
2019-03-03T00:00:00.000+08:00,70.229,10,603
2019-03-04T00:00:00.000+08:00,70.186,10,603
2019-03-05T00:00:00.000+08:00,70.114,10,603
2019-03-06T00:00:00.000+08:00,70.091,10,603
2019-03-07T00:00:00.000+08:00,70.080,10,603
2019-03-08T00:00:00.000+08:00,70.113,10,603
2019-03-09T00:00:00.000+08:00,70.204,10,603
2019-03-10T00:00:00.000+08:00,70.297,10,603
2019-03-11T00:00:00.000+08:00,70.387,10,603
2019-03-12T00:00:00.000+08:00,70.459,140,603
2019-03-13T00:00:00.000+08:00,70.497,140,603
2019-03-14T00:00:00.000+08:00,70.504,10,603
2019-03-15T00:00:00.000+08:00,70.502,140,603
2019-03-16T00:00:00.000+08:00,70.501,10,603
2019-03-17T00:00:00.000+08:00,70.502,10,603
2019-03-18T00:00:00.000+08:00,70.496,140,603
2019-03-19T00:00:00.000+08:00,70.459,140,603
2019-03-20T00:00:00.000+08:00,70.399,140,603
2019-03-21T00:00:00.000+08:00,70.313,140,603
2019-03-22T00:00:00.000+08:00,70.146,140,603
2019-03-23T00:00:00.000+08:00,69.967,140,603
2019-03-24T00:00:00.000+08:00,69.854,140,603
2019-03-25T00:00:00.000+08:00,69.777,140,603
2019-03-26T00:00:00.000+08:00,69.703,140,603
2019-03-27T00:00:00.000+08:00,69.651,140,603
2019-03-28T00:00:00.000+08:00,69.631,140,603
2019-03-29T00:00:00.000+08:00,69.611,140,603
2019-03-30T00:00:00.000+08:00,69.596,140,603
2019-03-31T00:00:00.000+08:00,69.584,140,603
2019-04-01T00:00:00.000+08:00,69.587,10,603
2019-04-02T00:00:00.000+08:00,69.604,140,603
2019-04-03T00:00:00.000+08:00,69.624,140,603
2019-04-04T00:00:00.000+08:00,69.667,10,603
2019-04-05T00:00:00.000+08:00,69.724,10,603
2019-04-06T00:00:00.000+08:00,69.772,140,603
2019-04-07T00:00:00.000+08:00,69.812,140,603
2019-04-08T00:00:00.000+08:00,69.819,140,603
2019-04-09T00:00:00.000+08:00,69.807,140,603
2019-04-10T00:00:00.000+08:00,69.807,10,603
2019-04-11T00:00:00.000+08:00,69.807,10,603
2019-04-12T00:00:00.000+08:00,69.824,10,603
2019-04-13T00:00:00.000+08:00,69.882,10,603
2019-04-14T00:00:00.000+08:00,69.966,10,603
2019-04-15T00:00:00.000+08:00,70.047,140,603
2019-04-16T00:00:00.000+08:00,70.087,140,603
2019-04-17T00:00:00.000+08:00,70.091,10,603
2019-04-18T00:00:00.000+08:00,70.091,10,603
2019-04-19T00:00:00.000+08:00,70.091,10,603
2019-04-20T00:00:00.000+08:00,70.091,10,603
2019-04-21T00:00:00.000+08:00,70.091,10,603
2019-04-22T00:00:00.000+08:00,70.091,10,603
2019-04-23T00:00:00.000+08:00,70.091,10,603
2019-04-24T00:00:00.000+08:00,70.091,10,603
2019-04-25T00:00:00.000+08:00,70.091,10,603
2019-04-26T00:00:00.000+08:00,70.091,10,603
2019-04-27T00:00:00.000+08:00,70.091,10,603
2019-04-28T00:00:00.000+08:00,70.091,10,603
2019-04-29T00:00:00.000+08:00,70.091,10,603
2019-04-30T00:00:00.000+08:00,70.091,10,603
2019-05-01T00:00:00.000+08:00,70.091,10,603
2019-05-02T00:00:00.000+08:00,70.091,10,603
2019-05-03T00:00:00.000+08:00,70.091,10,603
2019-05-04T00:00:00.000+08:00,70.091,10,603
2019-05-05T00:00:00.000+08:00,70.091,10,603
2019-05-06T00:00:00.000+08:00,70.091,10,603
2019-05-07T00:00:00.000+08:00,70.091,10,603
2019-05-08T00:00:00.000+08:00,70.091,10,603
2019-05-09T00:00:00.000+08:00,70.091,10,603
2019-05-10T00:00:00.000+08:00,70.091,10,603
2019-05-11T00:00:00.000+08:00,70.091,10,603
2019-05-12T00:00:00.000+08:00,70.091,10,603
2019-05-13T00:00:00.000+08:00,70.091,10,603
2019-05-14T00:00:00.000+08:00,70.091,10,603
2019-05-15T00:00:00.000+08:00,70.091,10,603
2019-05-16T00:00:00.000+08:00,70.091,10,603
2019-05-17T00:00:00.000+08:00,70.091,10,603
2019-05-18T00:00:00.000+08:00,70.091,10,603
2019-05-19T00:00:00.000+08:00,70.091,10,603
2019-05-20T00:00:00.000+08:00,70.091,10,603
2019-05-21T00:00:00.000+08:00,70.091,10,603
2019-05-22T00:00:00.000+08:00,70.091,10,603
2019-05-23T00:00:00.000+08:00,70.091,10,603
2019-05-24T00:00:00.000+08:00,70.091,10,603
2019-05-25T00:00:00.000+08:00,70.091,10,603
2019-05-26T00:00:00.000+08:00,70.091,10,603
2019-05-27T00:00:00.000+08:00,70.091,10,603
2019-05-28T00:00:00.000+08:00,70.091,10,603
2019-05-29T00:00:00.000+08:00,70.091,10,603
2019-05-30T00:00:00.000+08:00,70.091,10,603
2019-05-31T00:00:00.000+08:00,70.091,10,603
2019-06-01T00:00:00.000+08:00,70.091,10,603
2019-06-02T00:00:00.000+08:00,70.091,10,603
2019-06-03T00:00:00.000+08:00,70.091,10,603
2019-06-04T00:00:00.000+08:00,70.091,10,603
2019-06-05T00:00:00.000+08:00,70.091,10,603
2019-06-06T00:00:00.000+08:00,70.091,10,603
2019-06-07T00:00:00.000+08:00,70.091,10,603
2019-06-08T00:00:00.000+08:00,70.091,10,603
2019-06-09T00:00:00.000+08:00,70.091,10,603
2019-06-10T00:00:00.000+08:00,70.091,10,603
2019-06-11T00:00:00.000+08:00,70.091,10,603
2019-06-12T00:00:00.000+08:00,70.091,10,603
2019-06-13T00:00:00.000+08:00,70.091,10,603
2019-06-14T00:00:00.000+08:00,70.091,10,603
2019-06-15T00:00:00.000+08:00,70.091,10,603
2019-06-16T00:00:00.000+08:00,70.091,10,603
2019-06-17T00:00:00.000+08:00,70.091,10,603
2019-06-18T00:00:00.000+08:00,70.091,10,603
2019-06-19T00:00:00.000+08:00,70.091,10,603
2019-06-20T00:00:00.000+08:00,70.091,10,603
2019-06-21T00:00:00.000+08:00,70.091,10,603
2019-06-22T00:00:00.000+08:00,70.091,10,603
2019-06-23T00:00:00.000+08:00,70.091,10,603
2019-06-24T00:00:00.000+08:00,70.091,10,603
2019-06-25T00:00:00.000+08:00,70.091,10,603
2019-06-26T00:00:00.000+08:00,70.091,10,603
2019-06-27T00:00:00.000+08:00,70.091,10,603
2019-06-28T00:00:00.000+08:00,70.091,10,603
2019-06-29T00:00:00.000+08:00,70.091,10,603
2019-06-30T00:00:00.000+08:00,70.091,10,603
2019-07-01T00:00:00.000+08:00,70.091,10,603
2019-07-02T00:00:00.000+08:00,70.091,10,603
2019-07-03T00:00:00.000+08:00,70.091,10,603
2019-07-04T00:00:00.000+08:00,70.091,10,603
2019-07-05T00:00:00.000+08:00,70.091,10,603
2019-07-06T00:00:00.000+08:00,70.091,10,603
2019-07-07T00:00:00.000+08:00,70.091,10,603
2019-07-08T00:00:00.000+08:00,70.091,10,603
2019-07-09T00:00:00.000+08:00,70.091,10,603
2019-07-10T00:00:00.000+08:00,70.091,10,603
2019-07-11T00:00:00.000+08:00,70.091,10,603
2019-07-12T00:00:00.000+08:00,70.091,10,603
2019-07-13T00:00:00.000+08:00,70.091,10,603
2019-07-14T00:00:00.000+08:00,70.091,10,603
2019-07-15T00:00:00.000+08:00,70.091,10,603
2019-07-16T00:00:00.000+08:00,70.091,10,603
2019-07-17T00:00:00.000+08:00,70.099,140,603
2019-07-18T00:00:00.000+08:00,70.114,140,603
2019-07-19T00:00:00.000+08:00,70.130,140,603
2019-07-20T00:00:00.000+08:00,70.146,140,603
2019-07-21T00:00:00.000+08:00,70.161,140,603
2019-07-22T00:00:00.000+08:00,70.177,140,603
2019-07-23T00:00:00.000+08:00,70.193,140,603
2019-07-24T00:00:00.000+08:00,70.208,140,603
2019-07-25T00:00:00.000+08:00,70.224,140,603
2019-07-26T00:00:00.000+08:00,70.240,140,603
2019-07-27T00:00:00.000+08:00,70.255,140,603
2019-07-28T00:00:00.000+08:00,70.271,140,603
2019-07-29T00:00:00.000+08:00,70.287,140,603
2019-07-30T00:00:00.000+08:00,70.302,140,603
2019-07-31T00:00:00.000+08:00,70.318,140,603
2019-08-01T00:00:00.000+08:00,70.333,140,603
2019-08-02T00:00:00.000+08:00,70.349,140,603
2019-08-03T00:00:00.000+08:00,70.365,140,603
2019-08-04T00:00:00.000+08:00,70.380,140,603
2019-08-05T00:00:00.000+08:00,70.396,140,603
2019-08-06T00:00:00.000+08:00,70.412,140,603
2019-08-07T00:00:00.000+08:00,70.427,140,603
2019-08-08T00:00:00.000+08:00,70.443,140,603
2019-08-09T00:00:00.000+08:00,70.459,140,603
2019-08-10T00:00:00.000+08:00,70.474,140,603
2019-08-11T00:00:00.000+08:00,70.490,140,603
2019-08-12T00:00:00.000+08:00,70.506,140,603
2019-08-13T00:00:00.000+08:00,70.521,140,603
2019-08-14T00:00:00.000+08:00,70.537,140,603
2019-08-15T00:00:00.000+08:00,70.552,140,603
2019-08-16T00:00:00.000+08:00,70.568,140,603
2019-08-17T00:00:00.000+08:00,70.584,140,603
2019-08-18T00:00:00.000+08:00,70.599,140,603
2019-08-19T00:00:00.000+08:00,70.615,140,603
2019-08-20T00:00:00.000+08:00,70.631,140,603
2019-08-21T00:00:00.000+08:00,70.646,140,603
2019-08-22T00:00:00.000+08:00,70.662,140,603
2019-08-23T00:00:00.000+08:00,70.678,140,603
2019-08-24T00:00:00.000+08:00,70.693,140,603
2019-08-25T00:00:00.000+08:00,70.709,140,603
2019-08-26T00:00:00.000+08:00,70.725,140,603
2019-08-27T00:00:00.000+08:00,70.740,140,603
2019-08-28T00:00:00.000+08:00,70.756,140,603
2019-08-29T00:00:00.000+08:00,70.771,140,603
2019-08-30T00:00:00.000+08:00,70.787,140,603
2019-08-31T00:00:00.000+08:00,70.803,140,603
2019-09-01T00:00:00.000+08:00,70.818,140,603
2019-09-02T00:00:00.000+08:00,70.834,140,603
2019-09-03T00:00:00.000+08:00,70.850,140,603
2019-09-04T00:00:00.000+08:00,70.865,140,603
2019-09-05T00:00:00.000+08:00,70.881,140,603
2019-09-06T00:00:00.000+08:00,70.897,140,603
2019-09-07T00:00:00.000+08:00,70.912,140,603
2019-09-08T00:00:00.000+08:00,70.928,140,603
2019-09-09T00:00:00.000+08:00,70.944,140,603
2019-09-10T00:00:00.000+08:00,70.959,140,603
2019-09-11T00:00:00.000+08:00,70.950,140,603
2019-09-12T00:00:00.000+08:00,70.917,140,603
2019-09-13T00:00:00.000+08:00,70.883,140,603
2019-09-14T00:00:00.000+08:00,70.851,140,603
2019-09-15T00:00:00.000+08:00,70.821,140,603
2019-09-16T00:00:00.000+08:00,70.784,140,603
2019-09-17T00:00:00.000+08:00,70.746,140,603
2019-09-18T00:00:00.000+08:00,70.721,140,603
2019-09-19T00:00:00.000+08:00,70.699,140,603
2019-09-20T00:00:00.000+08:00,70.667,140,603
2019-09-21T00:00:00.000+08:00,70.630,140,603
2019-09-22T00:00:00.000+08:00,70.591,140,603
2019-09-23T00:00:00.000+08:00,70.550,140,603
2019-09-24T00:00:00.000+08:00,70.513,140,603
2019-09-25T00:00:00.000+08:00,70.478,140,603
2019-09-26T00:00:00.000+08:00,70.460,140,603
2019-09-27T00:00:00.000+08:00,70.442,10,603
2019-09-28T00:00:00.000+08:00,70.419,10,603
2019-09-29T00:00:00.000+08:00,70.403,10,603
2019-09-30T00:00:00.000+08:00,70.388,10,603
2019-10-01T00:00:00.000+08:00,70.378,140,603
2019-10-02T00:00:00.000+08:00,70.369,140,603
2019-10-03T00:00:00.000+08:00,70.363,140,603
2019-10-04T00:00:00.000+08:00,70.378,140,603
2019-10-05T00:00:00.000+08:00,70.395,140,603
2019-10-06T00:00:00.000+08:00,70.392,140,603
2019-10-07T00:00:00.000+08:00,70.388,140,603
2019-10-08T00:00:00.000+08:00,70.379,140,603
2019-10-09T00:00:00.000+08:00,70.357,140,603
2019-10-10T00:00:00.000+08:00,70.337,140,603
2019-10-11T00:00:00.000+08:00,70.337,140,603
2019-10-12T00:00:00.000+08:00,70.340,140,603
2019-10-13T00:00:00.000+08:00,70.332,10,603
2019-10-14T00:00:00.000+08:00,70.277,140,603
2019-10-15T00:00:00.000+08:00,70.189,140,603
2019-10-16T00:00:00.000+08:00,70.121,140,603
2019-10-17T00:00:00.000+08:00,70.075,10,603
2019-10-18T00:00:00.000+08:00,70.064,140,603
2019-10-19T00:00:00.000+08:00,70.080,140,603
2019-10-20T00:00:00.000+08:00,70.109,140,603
2019-10-21T00:00:00.000+08:00,70.149,140,603
2019-10-22T00:00:00.000+08:00,70.188,140,603
2019-10-23T00:00:00.000+08:00,70.205,140,603
2019-10-24T00:00:00.000+08:00,70.246,10,603
2019-10-25T00:00:00.000+08:00,70.302,10,603
2019-10-26T00:00:00.000+08:00,70.335,10,603
2019-10-27T00:00:00.000+08:00,70.364,10,603
2019-10-28T00:00:00.000+08:00,70.350,10,603
2019-10-29T00:00:00.000+08:00,70.289,140,603
2019-10-30T00:00:00.000+08:00,70.262,140,603
2019-10-31T00:00:00.000+08:00,70.299,140,603
2019-11-01T00:00:00.000+08:00,70.349,140,603
2019-11-02T00:00:00.000+08:00,70.386,140,603
2019-11-03T00:00:00.000+08:00,70.413,10,603
2019-11-04T00:00:00.000+08:00,70.433,140,603
2019-11-05T00:00:00.000+08:00,70.447,140,603
2019-11-06T00:00:00.000+08:00,70.448,140,603
2019-11-07T00:00:00.000+08:00,70.435,140,603
2019-11-08T00:00:00.000+08:00,70.422,140,603
2019-11-09T00:00:00.000+08:00,70.410,140,603
2019-11-10T00:00:00.000+08:00,70.397,10,603
2019-11-11T00:00:00.000+08:00,70.370,140,603
2019-11-12T00:00:00.000+08:00,70.331,140,603
2019-11-13T00:00:00.000+08:00,70.311,10,603
2019-11-14T00:00:00.000+08:00,70.266,140,603
2019-11-15T00:00:00.000+08:00,70.183,10,603
2019-11-16T00:00:00.000+08:00,70.109,10,603
2019-11-17T00:00:00.000+08:00,70.060,10,603
2019-11-18T00:00:00.000+08:00,70.072,140,603
2019-11-19T00:00:00.000+08:00,70.097,140,603
2019-11-20T00:00:00.000+08:00,70.166,10,603
2019-11-21T00:00:00.000+08:00,70.270,10,603
2019-11-22T00:00:00.000+08:00,70.318,140,603
2019-11-23T00:00:00.000+08:00,70.318,140,603
2019-11-24T00:00:00.000+08:00,70.317,140,603
2019-11-25T00:00:00.000+08:00,70.333,10,603
2019-11-26T00:00:00.000+08:00,70.284,140,603
2019-11-27T00:00:00.000+08:00,70.230,140,603
2019-11-28T00:00:00.000+08:00,70.156,10,603
2019-11-29T00:00:00.000+08:00,70.051,10,603
2019-11-30T00:00:00.000+08:00,70.008,140,603
2019-12-01T00:00:00.000+08:00,69.991,10,603
2019-12-02T00:00:00.000+08:00,69.985,140,603
2019-12-03T00:00:00.000+08:00,69.950,10,603
2019-12-04T00:00:00.000+08:00,69.920,140,603
2019-12-05T00:00:00.000+08:00,69.932,140,603
2019-12-06T00:00:00.000+08:00,69.951,140,603
2019-12-07T00:00:00.000+08:00,69.998,140,603
2019-12-08T00:00:00.000+08:00,70.067,140,603
2019-12-09T00:00:00.000+08:00,70.101,140,603
2019-12-10T00:00:00.000+08:00,70.024,10,603
2019-12-11T00:00:00.000+08:00,69.901,10,603
2019-12-12T00:00:00.000+08:00,69.820,140,603
2019-12-13T00:00:00.000+08:00,69.787,140,603
2019-12-14T00:00:00.000+08:00,69.817,140,603
2019-12-15T00:00:00.000+08:00,69.881,140,603
2019-12-16T00:00:00.000+08:00,69.962,140,603
2019-12-17T00:00:00.000+08:00,70.052,140,603
2019-12-18T00:00:00.000+08:00,70.148,140,603
2019-12-19T00:00:00.000+08:00,70.249,140,603
2019-12-20T00:00:00.000+08:00,70.335,140,603
2019-12-21T00:00:00.000+08:00,70.352,140,603
2019-12-22T00:00:00.000+08:00,70.304,140,603
2019-12-23T00:00:00.000+08:00,70.244,140,603
2019-12-24T00:00:00.000+08:00,70.205,140,603
2019-12-25T00:00:00.000+08:00,70.215,140,603
2019-12-26T00:00:00.000+08:00,70.262,140,603
2019-12-27T00:00:00.000+08:00,70.315,140,603
2019-12-28T00:00:00.000+08:00,70.345,140,603
2019-12-29T00:00:00.000+08:00,70.375,140,603
2019-12-30T00:00:00.000+08:00,70.430,140,603
2019-12-31T00:00:00.000+08:00,70.473,140,603
2020-01-01T00:00:00.000+08:00,70.491,140,603
2020-01-02T00:00:00.000+08:00,70.492,140,603
2020-01-03T00:00:00.000+08:00,70.473,140,603
2020-01-04T00:00:00.000+08:00,70.445,140,603
2020-01-05T00:00:00.000+08:00,70.417,140,603
2020-01-06T00:00:00.000+08:00,70.326,140,603
2020-01-07T00:00:00.000+08:00,70.187,140,603
2020-01-08T00:00:00.000+08:00,70.077,140,603
2020-01-09T00:00:00.000+08:00,70.029,140,603
2020-01-10T00:00:00.000+08:00,70.015,140,603
2020-01-11T00:00:00.000+08:00,70.039,10,603
2020-01-12T00:00:00.000+08:00,70.113,10,603
2020-01-13T00:00:00.000+08:00,70.183,10,603
2020-01-14T00:00:00.000+08:00,70.248,140,603
2020-01-15T00:00:00.000+08:00,70.320,140,603
2020-01-16T00:00:00.000+08:00,70.394,140,603
2020-01-17T00:00:00.000+08:00,70.433,140,603
2020-01-18T00:00:00.000+08:00,70.437,140,603
2020-01-19T00:00:00.000+08:00,70.433,140,603
2020-01-20T00:00:00.000+08:00,70.366,140,603
2020-01-21T00:00:00.000+08:00,70.248,140,603
2020-01-22T00:00:00.000+08:00,70.181,140,603
2020-01-23T00:00:00.000+08:00,70.158,140,603
2020-01-24T00:00:00.000+08:00,70.140,140,603
2020-01-25T00:00:00.000+08:00,70.160,140,603
2020-01-26T00:00:00.000+08:00,70.232,140,603
2020-01-27T00:00:00.000+08:00,70.306,140,603
2020-01-28T00:00:00.000+08:00,70.361,140,603
2020-01-29T00:00:00.000+08:00,70.380,140,603
2020-01-30T00:00:00.000+08:00,70.386,140,603
2020-01-31T00:00:00.000+08:00,70.404,140,603
2020-02-01T00:00:00.000+08:00,70.364,140,603
2020-02-02T00:00:00.000+08:00,70.253,140,603
2020-02-03T00:00:00.000+08:00,70.118,140,603
2020-02-04T00:00:00.000+08:00,70.002,140,603
2020-02-05T00:00:00.000+08:00,69.949,140,603
2020-02-06T00:00:00.000+08:00,69.969,10,603
2020-02-07T00:00:00.000+08:00,70.041,140,603
2020-02-08T00:00:00.000+08:00,70.128,10,603
2020-02-09T00:00:00.000+08:00,70.212,10,603
2020-02-10T00:00:00.000+08:00,70.271,140,603
2020-02-11T00:00:00.000+08:00,70.288,140,603
2020-02-12T00:00:00.000+08:00,70.292,140,603
2020-02-13T00:00:00.000+08:00,70.291,140,603
2020-02-14T00:00:00.000+08:00,70.273,140,603
2020-02-15T00:00:00.000+08:00,70.268,140,603
2020-02-16T00:00:00.000+08:00,70.272,140,603
2020-02-17T00:00:00.000+08:00,70.217,140,603
2020-02-18T00:00:00.000+08:00,70.118,140,603
2020-02-19T00:00:00.000+08:00,70.056,140,603
2020-02-20T00:00:00.000+08:00,70.022,140,603
2020-02-21T00:00:00.000+08:00,70.015,140,603
2020-02-22T00:00:00.000+08:00,70.053,140,603
2020-02-23T00:00:00.000+08:00,70.080,10,603
2020-02-24T00:00:00.000+08:00,70.205,10,603
2020-02-25T00:00:00.000+08:00,70.329,140,603
2020-02-26T00:00:00.000+08:00,70.364,10,603
2020-02-27T00:00:00.000+08:00,70.412,140,603
2020-02-28T00:00:00.000+08:00,70.438,140,603
2020-02-29T00:00:00.000+08:00,70.461,140,603
2020-03-01T00:00:00.000+08:00,70.482,140,603
2020-03-02T00:00:00.000+08:00,70.495,140,603
2020-03-03T00:00:00.000+08:00,70.500,140,603
2020-03-04T00:00:00.000+08:00,70.507,140,603
2020-03-05T00:00:00.000+08:00,70.503,140,603
2020-03-06T00:00:00.000+08:00,70.493,140,603
2020-03-07T00:00:00.000+08:00,70.487,140,603
2020-03-08T00:00:00.000+08:00,70.477,140,603
2020-03-09T00:00:00.000+08:00,70.400,140,603
2020-03-10T00:00:00.000+08:00,70.277,140,603
2020-03-11T00:00:00.000+08:00,70.193,140,603
2020-03-12T00:00:00.000+08:00,70.151,140,603
2020-03-13T00:00:00.000+08:00,70.142,140,603
2020-03-14T00:00:00.000+08:00,70.202,140,603
2020-03-15T00:00:00.000+08:00,70.318,140,603
2020-03-16T00:00:00.000+08:00,70.409,140,603
2020-03-17T00:00:00.000+08:00,70.453,140,603
2020-03-18T00:00:00.000+08:00,70.467,140,603
2020-03-19T00:00:00.000+08:00,70.469,10,603
2020-03-20T00:00:00.000+08:00,70.468,140,603
2020-03-21T00:00:00.000+08:00,70.457,140,603
2020-03-22T00:00:00.000+08:00,70.437,140,603
2020-03-23T00:00:00.000+08:00,70.405,140,603
2020-03-24T00:00:00.000+08:00,70.368,140,603
2020-03-25T00:00:00.000+08:00,70.275,140,603
2020-03-26T00:00:00.000+08:00,70.139,140,603
2020-03-27T00:00:00.000+08:00,70.056,140,603
2020-03-28T00:00:00.000+08:00,70.051,140,603
2020-03-29T00:00:00.000+08:00,70.114,140,603
2020-03-30T00:00:00.000+08:00,70.176,140,603
2020-03-31T00:00:00.000+08:00,70.191,140,603
2020-04-01T00:00:00.000+08:00,70.178,10,603
2020-04-02T00:00:00.000+08:00,70.146,140,603
2020-04-03T00:00:00.000+08:00,70.119,140,603
2020-04-04T00:00:00.000+08:00,70.111,140,603
2020-04-05T00:00:00.000+08:00,70.111,140,603
2020-04-06T00:00:00.000+08:00,70.095,140,603
2020-04-07T00:00:00.000+08:00,70.054,140,603
2020-04-08T00:00:00.000+08:00,70.019,140,603
2020-04-09T00:00:00.000+08:00,70.000,140,603
2020-04-10T00:00:00.000+08:00,69.992,140,603
2020-04-11T00:00:00.000+08:00,69.985,140,603
2020-04-12T00:00:00.000+08:00,69.974,140,603
2020-04-13T00:00:00.000+08:00,69.931,140,603
2020-04-14T00:00:00.000+08:00,69.895,140,603
2020-04-15T00:00:00.000+08:00,69.931,140,603
2020-04-16T00:00:00.000+08:00,69.992,140,603
2020-04-17T00:00:00.000+08:00,70.017,140,603
2020-04-18T00:00:00.000+08:00,70.018,140,603
2020-04-19T00:00:00.000+08:00,70.031,140,603
2020-04-20T00:00:00.000+08:00,70.044,140,603
2020-04-21T00:00:00.000+08:00,70.051,140,603
2020-04-22T00:00:00.000+08:00,70.054,140,603
2020-04-23T00:00:00.000+08:00,70.062,10,603
2020-04-24T00:00:00.000+08:00,70.070,140,603
2020-04-25T00:00:00.000+08:00,70.077,140,603
2020-04-26T00:00:00.000+08:00,70.083,140,603
2020-04-27T00:00:00.000+08:00,70.085,140,603
2020-04-28T00:00:00.000+08:00,70.086,140,603
2020-04-29T00:00:00.000+08:00,70.083,140,603
2020-04-30T00:00:00.000+08:00,70.082,10,603
2020-05-01T00:00:00.000+08:00,70.076,140,603
2020-05-02T00:00:00.000+08:00,70.058,140,603
2020-05-03T00:00:00.000+08:00,70.043,140,603
2020-05-04T00:00:00.000+08:00,70.047,140,603
2020-05-05T00:00:00.000+08:00,70.056,140,603
2020-05-06T00:00:00.000+08:00,70.066,140,603
2020-05-07T00:00:00.000+08:00,70.079,140,603
2020-05-08T00:00:00.000+08:00,70.085,140,603
2020-05-09T00:00:00.000+08:00,70.084,140,603
2020-05-10T00:00:00.000+08:00,70.081,140,603
2020-05-11T00:00:00.000+08:00,70.075,140,603
2020-05-12T00:00:00.000+08:00,70.065,140,603
2020-05-13T00:00:00.000+08:00,70.058,140,603
2020-05-14T00:00:00.000+08:00,70.049,140,603
2020-05-15T00:00:00.000+08:00,70.029,140,603
2020-05-16T00:00:00.000+08:00,70.005,140,603
2020-05-17T00:00:00.000+08:00,69.980,140,603
2020-05-18T00:00:00.000+08:00,69.957,140,603
2020-05-19T00:00:00.000+08:00,69.933,140,603
2020-05-20T00:00:00.000+08:00,69.910,140,603
2020-05-21T00:00:00.000+08:00,69.888,140,603
2020-05-22T00:00:00.000+08:00,69.865,140,603
2020-05-23T00:00:00.000+08:00,69.842,140,603
2020-05-24T00:00:00.000+08:00,69.832,140,603
2020-05-25T00:00:00.000+08:00,69.837,140,603
2020-05-26T00:00:00.000+08:00,69.835,140,603
2020-05-27T00:00:00.000+08:00,69.822,140,603
2020-05-28T00:00:00.000+08:00,69.817,140,603
2020-05-29T00:00:00.000+08:00,69.840,140,603
2020-05-30T00:00:00.000+08:00,69.871,140,603
2020-05-31T00:00:00.000+08:00,69.889,140,603
2020-06-01T00:00:00.000+08:00,69.898,140,603
2020-06-02T00:00:00.000+08:00,69.894,140,603
2020-06-03T00:00:00.000+08:00,69.878,140,603
2020-06-04T00:00:00.000+08:00,69.856,140,603
2020-06-05T00:00:00.000+08:00,69.833,140,603
2020-06-06T00:00:00.000+08:00,69.809,140,603
2020-06-07T00:00:00.000+08:00,69.787,140,603
2020-06-08T00:00:00.000+08:00,69.764,140,603
2020-06-09T00:00:00.000+08:00,69.740,140,603
2020-06-10T00:00:00.000+08:00,69.723,140,603
2020-06-11T00:00:00.000+08:00,69.749,140,603
2020-06-12T00:00:00.000+08:00,69.776,140,603
2020-06-13T00:00:00.000+08:00,69.770,140,603
2020-06-14T00:00:00.000+08:00,69.761,140,603
2020-06-15T00:00:00.000+08:00,69.747,140,603
2020-06-16T00:00:00.000+08:00,69.730,140,603
2020-06-17T00:00:00.000+08:00,69.750,140,603
2020-06-18T00:00:00.000+08:00,69.793,140,603
2020-06-19T00:00:00.000+08:00,69.805,140,603
2020-06-20T00:00:00.000+08:00,69.795,140,603
2020-06-21T00:00:00.000+08:00,69.781,140,603
2020-06-22T00:00:00.000+08:00,69.776,140,603
2020-06-23T00:00:00.000+08:00,69.792,140,603
2020-06-24T00:00:00.000+08:00,69.801,140,603
2020-06-25T00:00:00.000+08:00,69.788,140,603
2020-06-26T00:00:00.000+08:00,69.820,140,603
2020-06-27T00:00:00.000+08:00,69.869,140,603
2020-06-28T00:00:00.000+08:00,69.941,140,603
2020-06-29T00:00:00.000+08:00,70.032,140,603
2020-06-30T00:00:00.000+08:00,70.072,140,603
2020-07-01T00:00:00.000+08:00,70.083,140,603
2020-07-02T00:00:00.000+08:00,70.074,140,603
2020-07-03T00:00:00.000+08:00,70.055,140,603
2020-07-04T00:00:00.000+08:00,70.035,140,603
2020-07-05T00:00:00.000+08:00,70.015,140,603
2020-07-06T00:00:00.000+08:00,70.014,140,603
2020-07-07T00:00:00.000+08:00,70.031,140,603
2020-07-08T00:00:00.000+08:00,70.041,140,603
2020-07-09T00:00:00.000+08:00,70.038,140,603
2020-07-10T00:00:00.000+08:00,70.025,140,603
2020-07-11T00:00:00.000+08:00,70.006,140,603
2020-07-12T00:00:00.000+08:00,69.990,140,603
2020-07-13T00:00:00.000+08:00,69.992,140,603
2020-07-14T00:00:00.000+08:00,70.017,140,603
2020-07-15T00:00:00.000+08:00,70.037,140,603
2020-07-16T00:00:00.000+08:00,70.065,140,603
2020-07-17T00:00:00.000+08:00,70.146,140,603
2020-07-18T00:00:00.000+08:00,70.216,140,603
2020-07-19T00:00:00.000+08:00,70.239,140,603
2020-07-20T00:00:00.000+08:00,70.246,140,603
2020-07-21T00:00:00.000+08:00,70.242,140,603
2020-07-22T00:00:00.000+08:00,70.238,140,603
2020-07-23T00:00:00.000+08:00,70.239,140,603
2020-07-24T00:00:00.000+08:00,70.238,140,603
2020-07-25T00:00:00.000+08:00,70.238,10,603
2020-07-26T00:00:00.000+08:00,70.238,10,603
2020-07-27T00:00:00.000+08:00,70.238,10,603
2020-07-28T00:00:00.000+08:00,70.238,10,603
2020-07-29T00:00:00.000+08:00,70.238,10,603
2020-07-30T00:00:00.000+08:00,70.232,140,603
2020-07-31T00:00:00.000+08:00,70.209,140,603
2020-08-01T00:00:00.000+08:00,70.180,140,603
2020-08-02T00:00:00.000+08:00,70.163,140,603
2020-08-03T00:00:00.000+08:00,70.152,140,603
2020-08-04T00:00:00.000+08:00,70.146,140,603
2020-08-05T00:00:00.000+08:00,70.132,10,603
2020-08-06T00:00:00.000+08:00,70.106,140,603
2020-08-07T00:00:00.000+08:00,70.085,140,603
2020-08-08T00:00:00.000+08:00,70.067,140,603
2020-08-09T00:00:00.000+08:00,70.077,140,603
2020-08-10T00:00:00.000+08:00,70.155,140,603
2020-08-11T00:00:00.000+08:00,70.264,140,603
2020-08-12T00:00:00.000+08:00,70.320,140,603
2020-08-13T00:00:00.000+08:00,70.322,140,603
2020-08-14T00:00:00.000+08:00,70.314,140,603
2020-08-15T00:00:00.000+08:00,70.320,140,603
2020-08-16T00:00:00.000+08:00,70.361,140,603
2020-08-17T00:00:00.000+08:00,70.407,140,603
2020-08-18T00:00:00.000+08:00,70.428,140,603
2020-08-19T00:00:00.000+08:00,70.426,140,603
2020-08-20T00:00:00.000+08:00,70.413,140,603
2020-08-21T00:00:00.000+08:00,70.395,140,603
2020-08-22T00:00:00.000+08:00,70.375,140,603
2020-08-23T00:00:00.000+08:00,70.354,140,603
2020-08-24T00:00:00.000+08:00,70.333,140,603
2020-08-25T00:00:00.000+08:00,70.313,140,603
2020-08-26T00:00:00.000+08:00,70.296,140,603
2020-08-27T00:00:00.000+08:00,70.277,140,603
2020-08-28T00:00:00.000+08:00,70.259,140,603
2020-08-29T00:00:00.000+08:00,70.244,10,603
2020-08-30T00:00:00.000+08:00,70.229,10,603
2020-08-31T00:00:00.000+08:00,70.218,140,603
2020-09-01T00:00:00.000+08:00,70.222,140,603
2020-09-02T00:00:00.000+08:00,70.232,140,603
2020-09-03T00:00:00.000+08:00,70.232,140,603
2020-09-04T00:00:00.000+08:00,70.214,140,603
2020-09-05T00:00:00.000+08:00,70.200,140,603
2020-09-06T00:00:00.000+08:00,70.322,140,603
2020-09-07T00:00:00.000+08:00,70.482,140,603
2020-09-08T00:00:00.000+08:00,70.528,140,603
2020-09-09T00:00:00.000+08:00,70.552,140,603
2020-09-10T00:00:00.000+08:00,70.565,140,603
2020-09-11T00:00:00.000+08:00,70.586,10,603
2020-09-12T00:00:00.000+08:00,70.606,10,603
2020-09-13T00:00:00.000+08:00,70.603,10,603
2020-09-14T00:00:00.000+08:00,70.591,140,603
2020-09-15T00:00:00.000+08:00,70.571,140,603
2020-09-16T00:00:00.000+08:00,70.552,140,603
2020-09-17T00:00:00.000+08:00,70.533,140,603
2020-09-18T00:00:00.000+08:00,70.510,140,603
2020-09-19T00:00:00.000+08:00,70.500,140,603
2020-09-20T00:00:00.000+08:00,70.504,140,603
2020-09-21T00:00:00.000+08:00,70.496,140,603
2020-09-22T00:00:00.000+08:00,70.484,140,603
2020-09-23T00:00:00.000+08:00,70.469,140,603
2020-09-24T00:00:00.000+08:00,70.445,140,603
2020-09-25T00:00:00.000+08:00,70.418,140,603
2020-09-26T00:00:00.000+08:00,70.408,140,603
2020-09-27T00:00:00.000+08:00,70.406,140,603
2020-09-28T00:00:00.000+08:00,70.395,140,603
2020-09-29T00:00:00.000+08:00,70.377,140,603
2020-09-30T00:00:00.000+08:00,70.359,140,603
2020-10-01T00:00:00.000+08:00,70.344,140,603
2020-10-02T00:00:00.000+08:00,70.331,140,603
2020-10-03T00:00:00.000+08:00,70.316,140,603
2020-10-04T00:00:00.000+08:00,70.297,140,603
2020-10-05T00:00:00.000+08:00,70.275,140,603
2020-10-06T00:00:00.000+08:00,70.251,140,603
2020-10-07T00:00:00.000+08:00,70.241,140,603
2020-10-08T00:00:00.000+08:00,70.246,140,603
2020-10-09T00:00:00.000+08:00,70.249,140,603
2020-10-10T00:00:00.000+08:00,70.247,140,603
2020-10-11T00:00:00.000+08:00,70.243,140,603
2020-10-12T00:00:00.000+08:00,70.238,140,603
2020-10-13T00:00:00.000+08:00,70.231,140,603
2020-10-14T00:00:00.000+08:00,70.226,140,603
2020-10-15T00:00:00.000+08:00,70.220,140,603
2020-10-16T00:00:00.000+08:00,70.208,140,603
2020-10-17T00:00:00.000+08:00,70.188,10,603
2020-10-18T00:00:00.000+08:00,70.171,10,603
2020-10-19T00:00:00.000+08:00,70.145,140,603
2020-10-20T00:00:00.000+08:00,70.115,140,603
2020-10-21T00:00:00.000+08:00,70.102,140,603
2020-10-22T00:00:00.000+08:00,70.097,140,603
2020-10-23T00:00:00.000+08:00,70.090,10,603
2020-10-24T00:00:00.000+08:00,70.077,10,603
2020-10-25T00:00:00.000+08:00,70.063,10,603
2020-10-26T00:00:00.000+08:00,70.026,140,603
2020-10-27T00:00:00.000+08:00,69.955,140,603
2020-10-28T00:00:00.000+08:00,69.907,140,603
2020-10-29T00:00:00.000+08:00,69.924,140,603
2020-10-30T00:00:00.000+08:00,69.967,140,603
2020-10-31T00:00:00.000+08:00,70.015,10,603
2020-11-01T00:00:00.000+08:00,70.106,10,603
2020-11-02T00:00:00.000+08:00,70.209,140,603
2020-11-03T00:00:00.000+08:00,70.281,10,603
2020-11-04T00:00:00.000+08:00,70.311,140,603
2020-11-05T00:00:00.000+08:00,70.308,140,603
2020-11-06T00:00:00.000+08:00,70.295,140,603
2020-11-07T00:00:00.000+08:00,70.275,140,603
2020-11-08T00:00:00.000+08:00,70.259,140,603
2020-11-09T00:00:00.000+08:00,70.286,140,603
2020-11-10T00:00:00.000+08:00,70.332,140,603
2020-11-11T00:00:00.000+08:00,70.349,140,603
2020-11-12T00:00:00.000+08:00,70.356,140,603
2020-11-13T00:00:00.000+08:00,70.375,140,603
2020-11-14T00:00:00.000+08:00,70.399,140,603
2020-11-15T00:00:00.000+08:00,70.414,140,603
2020-11-16T00:00:00.000+08:00,70.422,10,603
2020-11-17T00:00:00.000+08:00,70.425,140,603
2020-11-18T00:00:00.000+08:00,70.425,140,603
2020-11-19T00:00:00.000+08:00,70.422,140,603
2020-11-20T00:00:00.000+08:00,70.413,140,603
2020-11-21T00:00:00.000+08:00,70.403,140,603
2020-11-22T00:00:00.000+08:00,70.393,140,603
2020-11-23T00:00:00.000+08:00,70.380,140,603
2020-11-24T00:00:00.000+08:00,70.359,140,603
2020-11-25T00:00:00.000+08:00,70.331,140,603
2020-11-26T00:00:00.000+08:00,70.309,140,603
2020-11-27T00:00:00.000+08:00,70.291,140,603
2020-11-28T00:00:00.000+08:00,70.261,140,603
2020-11-29T00:00:00.000+08:00,70.226,140,603
2020-11-30T00:00:00.000+08:00,70.217,140,603
2020-12-01T00:00:00.000+08:00,70.244,140,603
2020-12-02T00:00:00.000+08:00,70.308,140,603
2020-12-03T00:00:00.000+08:00,70.391,140,603
2020-12-04T00:00:00.000+08:00,70.477,140,603
2020-12-05T00:00:00.000+08:00,70.565,140,603
2020-12-06T00:00:00.000+08:00,70.649,140,603
2020-12-07T00:00:00.000+08:00,70.709,10,603
2020-12-08T00:00:00.000+08:00,70.722,140,603
2020-12-09T00:00:00.000+08:00,70.713,140,603
2020-12-10T00:00:00.000+08:00,70.663,140,603
2020-12-11T00:00:00.000+08:00,70.589,140,603
2020-12-12T00:00:00.000+08:00,70.535,140,603
2020-12-13T00:00:00.000+08:00,70.499,140,603
2020-12-14T00:00:00.000+08:00,70.511,140,603
2020-12-15T00:00:00.000+08:00,70.568,140,603
2020-12-16T00:00:00.000+08:00,70.611,140,603
2020-12-17T00:00:00.000+08:00,70.600,140,603
2020-12-18T00:00:00.000+08:00,70.559,140,603
2020-12-19T00:00:00.000+08:00,70.542,140,603
2020-12-20T00:00:00.000+08:00,70.563,140,603
2020-12-21T00:00:00.000+08:00,70.551,140,603
2020-12-22T00:00:00.000+08:00,70.490,140,603
2020-12-23T00:00:00.000+08:00,70.420,140,603
2020-12-24T00:00:00.000+08:00,70.339,140,603
2020-12-25T00:00:00.000+08:00,70.283,140,603
2020-12-26T00:00:00.000+08:00,70.289,140,603
2020-12-27T00:00:00.000+08:00,70.305,140,603
2020-12-28T00:00:00.000+08:00,70.294,140,603
2020-12-29T00:00:00.000+08:00,70.283,140,603
2020-12-30T00:00:00.000+08:00,70.277,10,603
2020-12-31T00:00:00.000+08:00,70.281,10,603
2021-01-01T00:00:00.000+08:00,70.314,10,603
2021-01-02T00:00:00.000+08:00,70.361,10,603
2021-01-03T00:00:00.000+08:00,70.403,10,603
2021-01-04T00:00:00.000+08:00,70.383,10,603
2021-01-05T00:00:00.000+08:00,70.293,140,603
2021-01-06T00:00:00.000+08:00,70.190,140,603
2021-01-07T00:00:00.000+08:00,,-1,603