,ID,Depth,Surface Area,number of images
0,ODSS_18335_WSLAHD.1,220,223750,27
1,ODSS_18335_WSLAHD.1,219,213750,89
2,ODSS_18335_WSLAHD.1,218,206875,113
3,ODSS_18335_WSLAHD.1,217,188125,123
4,ODSS_18335_WSLAHD.1,216,166875,83
5,ODSS_18335_WSLAHD.1,215,142500,32
6,ODSS_18335_WSLAHD.1,214,113750,30
7,ODSS_18335_WSLAHD.1,213,0,5
8,ODSS_18335_WSLAHD.1,221,0,0
0,604.1,121,5269375,247
1,604.1,120,5278750,134
2,604.1,119,5266875,39
3,604.1,118,4868125,8
4,604.1,117,0,3
5,604.1,122,5263750,60
6,604.1,123,1250,4
7,604.1,116,0,0
8,604.1,124,0,0
0,136115A,312,1434375,53
1,136115A,313,1655000,6
2,136115A,314,1758750,7
3,136115A,311,1280625,3
4,136115A,310,1263125,5
5,136115A,309,986875,1
6,136115A,308,825000,31
7,136115A,307,775000,70
8,136115A,306,690000,13
9,136115A,305,587500,7
10,136115A,319,3156250,12
11,136115A,320,3288750,25
12,136115A,321,3340625,11
13,136115A,318,2848750,16
14,136115A,317,2624375,7
15,136115A,316,2271875,12
16,136115A,315,2155000,28
17,136115A,322,0,0
18,136115A,324,0,0
19,136115A,327,5243750,16
20,136115A,329,5798125,67
21,136115A,331,6218750,32
22,136115A,330,6156250,132
23,136115A,333,0,0
24,136115A,332,0,0
25,136115A,328,5463125,20
26,136115A,326,0,0
27,136115A,325,0,0
28,136115A,323,0,0
0,BARKERSCREEK,364,379375,99
1,BARKERSCREEK,363,326875,128
2,BARKERSCREEK,365,431250,7
3,BARKERSCREEK,366,0,0
4,BARKERSCREEK,362,264375,116
5,BARKERSCREEK,361,205000,78
6,BARKERSCREEK,360,158750,33
7,BARKERSCREEK,359,118125,7
8,BARKERSCREEK,358,106875,15
9,BARKERSCREEK,357,63750,22
10,BARKERSCREEK,356,0,9
0,sp-o10350,185,13782500,15
1,sp-o10350,184,12660625,11
2,sp-o10350,183,11180000,15
3,sp-o10350,182,9663125,17
4,sp-o10350,186,16040000,14
5,sp-o10350,187,17880000,23
6,sp-o10350,188,19245625,21
7,sp-o10350,189,22152500,28
8,sp-o10350,190,23260000,12
9,sp-o10350,191,25992500,42
10,sp-o10350,192,28068750,57
11,sp-o10350,193,29710000,56
12,sp-o10350,181,8503125,12
13,sp-o10350,180,7461875,7
14,sp-o10350,179,6725000,5
15,sp-o10350,178,5155625,5
16,sp-o10350,177,4728125,14
17,sp-o10350,176,4119375,20
18,sp-o10350,175,3401875,28
19,sp-o10350,174,3106875,55
20,sp-o10350,173,2809375,25
21,sp-o10350,172,2381250,22
22,sp-o10350,171,1980625,25
23,sp-o10350,170,1587500,4
24,sp-o10350,169,1194375,6
25,sp-o10350,168,1041250,4
26,sp-o10350,167,758750,4
27,sp-o10350,166,516875,2
28,sp-o10350,165,567500,9
29,sp-o10350,194,29942500,10
30,sp-o10350,195,0,0
0,222537,1573,41875,134
1,222537,1574,46875,167
2,222537,1575,57500,150
3,222537,1571,26875,94
4,222537,1572,35000,107
5,222537,1570,20000,45
6,222537,1576,60625,123
7,222537,1577,66875,107
8,222537,1578,72500,124
9,222537,1579,86875,72
10,222537,1582,162500,27
11,222537,1580,76250,38
12,222537,1581,83750,18
13,222537,1569,6875,12
14,222537,1567,0,0
15,222537,1568,3125,1
16,222537,1583,0,0
0,229406A,181,4800625,139
1,229406A,182,4944375,464
2,229406A,180,4551875,168
3,229406A,179,4282500,79
4,229406A,178,3965000,58
5,229406A,177,3770000,136
0,RE690,576,53125,46
1,RE690,575,9375,8
2,RE690,577,111250,56
3,RE690,578,143125,50
4,RE690,579,197500,99
5,RE690,580,241250,117
6,RE690,581,280000,42
7,RE690,582,398125,33
8,RE690,583,466250,58
9,RE690,584,488750,4
0,sp-o10298,455,41713750,9
1,sp-o10298,454,41192500,6
2,sp-o10298,453,40508750,5
3,sp-o10298,452,40321250,9
4,sp-o10298,456,40732500,7
5,sp-o10298,457,42203125,4
6,sp-o10298,458,42193125,6
7,sp-o10298,459,42148750,4
8,sp-o10298,460,42678125,9
9,sp-o10298,461,43585000,18
10,sp-o10298,462,43758125,28
11,sp-o10298,463,37808750,3
12,sp-o10298,464,43700000,4
13,sp-o10298,465,44556875,4
14,sp-o10298,466,39476875,7
15,sp-o10298,467,43380625,8
16,sp-o10298,468,44926875,9
17,sp-o10298,469,45468750,8
18,sp-o10298,470,45453125,12
19,sp-o10298,471,45860000,19
20,sp-o10298,472,46005000,32
21,sp-o10298,473,41580625,5
22,sp-o10298,474,46240625,9
23,sp-o10298,475,46098750,9
24,sp-o10298,476,46605000,13
25,sp-o10298,477,46744375,10
26,sp-o10298,478,46766250,10
27,sp-o10298,479,46935625,38
28,sp-o10298,451,0,2
29,sp-o10298,450,38221250,4
30,sp-o10298,449,38875625,12
31,sp-o10298,448,37649375,15
32,sp-o10298,447,37741250,21
33,sp-o10298,446,37195000,11
34,sp-o10298,445,36614375,11
35,sp-o10298,444,36463125,28
36,sp-o10298,443,35973125,3
37,sp-o10298,442,33955625,1
38,sp-o10298,441,32240625,1
39,sp-o10298,440,31199375,2
40,sp-o10298,439,30594375,2
41,sp-o10298,438,28122500,1
42,sp-o10298,437,0,1
43,sp-o10298,436,31323750,3
44,sp-o10298,435,0,1
45,sp-o10298,434,228125,2
46,sp-o10298,433,0,2
47,sp-o10298,432,0,1
48,sp-o10298,431,27076875,7
49,sp-o10298,430,29021875,11
50,sp-o10298,429,28434375,10
51,sp-o10298,428,28331250,4
52,sp-o10298,427,0,2
53,sp-o10298,426,0,2
54,sp-o10298,425,0,1
55,sp-o10298,424,0,1
56,sp-o10298,423,21040625,2
57,sp-o10298,422,0,1
58,sp-o10298,421,0,1
59,sp-o10298,420,22090000,2
60,sp-o10298,419,23133750,11
61,sp-o10298,418,23526875,12
62,sp-o10298,417,22867500,5
63,sp-o10298,416,22444375,7
64,sp-o10298,415,0,1
65,sp-o10298,414,10048750,2
66,sp-o10298,413,5625,1
67,sp-o10298,412,16779375,2
68,sp-o10298,411,3750,9
69,sp-o10298,410,18582500,12
70,sp-o10298,409,14706250,1
71,sp-o10298,408,16945625,3
72,sp-o10298,407,0,1
73,sp-o10298,406,16651875,3
74,sp-o10298,405,0,1
75,sp-o10298,404,0,1
76,sp-o10298,403,0,2
77,sp-o10298,402,0,3
78,sp-o10298,401,0,3
79,sp-o10298,400,5229375,5
80,sp-o10298,399,0,1
81,sp-o10298,480,47710625,7
82,sp-o10298,481,47136250,12
83,sp-o10298,482,47164375,18
84,sp-o10298,483,47202500,8
85,sp-o10298,484,47146875,9
86,sp-o10298,485,47272500,14
87,sp-o10298,305,0,0
88,sp-o10298,172,0,0
89,sp-o10298,203,0,0
0,410545,817,36875,48
1,410545,818,44375,85
2,410545,819,50000,113
3,410545,820,50000,168
4,410545,821,51875,268
5,410545,822,51875,265
6,410545,823,56875,39
7,410545,816,38125,30
8,410545,814,6250,2
9,410545,815,41875,11
10,410545,813,0,0
0,sp-o11534,118,50172500,93
1,sp-o11534,117,46385000,137
2,sp-o11534,116,43258750,253
3,sp-o11534,115,40415625,250
4,sp-o11534,119,53450625,93
5,sp-o11534,120,56994375,152
6,sp-o11534,121,58761250,44
7,sp-o11534,114,36910625,36
8,sp-o11534,113,34766875,23
9,sp-o11534,112,31495000,26
0,656.1,226,6093750,126
1,656.1,225,5868125,110
2,656.1,224,5853750,105
3,656.1,223,5855625,96
4,656.1,222,5639375,82
5,656.1,221,5761250,35
6,656.1,220,5306875,15
7,656.1,219,1250,6
8,656.1,227,6028125,101
9,656.1,228,5992500,127
10,656.1,229,6306250,69
11,656.1,230,0,0
0,171.1,668,627500,563
1,171.1,667,565000,110
2,171.1,669,745000,233
3,171.1,670,868750,135
4,171.1,671,904375,38
5,171.1,672,0,0
0,410717,778,568750,161
1,410717,777,567500,110
2,410717,776,551250,149
3,410717,775,531250,211
4,410717,774,523125,272
5,410717,773,506250,199
6,410717,772,488750,88
7,410717,771,469375,23
8,410717,770,421875,9
9,410717,769,442500,10
10,410717,779,0,0
11,410717,768,372500,6
12,410717,767,85625,2
0,627.1,51,1201250,115
1,627.1,52,1210625,221
2,627.1,53,1235625,68
3,627.1,50,1126875,30
4,627.1,54,1231250,40
5,627.1,49,195625,17
6,627.1,55,13750,4
7,627.1,56,0,0
0,UPPERCOLIBAN,500,2550625,22
1,UPPERCOLIBAN,499,2296875,10
2,UPPERCOLIBAN,498,2160625,21
3,UPPERCOLIBAN,497,2022500,25
4,UPPERCOLIBAN,496,1897500,16
5,UPPERCOLIBAN,495,1701875,10
6,UPPERCOLIBAN,494,1480000,14
7,UPPERCOLIBAN,493,1371250,12
8,UPPERCOLIBAN,492,1222500,13
9,UPPERCOLIBAN,501,2767500,38
10,UPPERCOLIBAN,502,3029375,27
11,UPPERCOLIBAN,503,3289375,21
12,UPPERCOLIBAN,504,3404375,33
13,UPPERCOLIBAN,505,3578125,129
14,UPPERCOLIBAN,491,911875,4
15,UPPERCOLIBAN,490,856875,5
16,UPPERCOLIBAN,489,749375,10
17,UPPERCOLIBAN,488,585625,13
18,UPPERCOLIBAN,487,521875,25
19,UPPERCOLIBAN,486,379375,8
20,UPPERCOLIBAN,485,165000,6
21,UPPERCOLIBAN,484,50625,22
22,UPPERCOLIBAN,483,15000,19
23,UPPERCOLIBAN,482,33750,5
24,UPPERCOLIBAN,481,0,1
0,233272A,511,155625,38
1,233272A,510,135000,53
2,233272A,512,180000,40
3,233272A,513,193125,44
4,233272A,514,200625,36
5,233272A,509,117500,77
6,233272A,508,101250,42
7,233272A,507,93125,37
8,233272A,506,74375,63
9,233272A,505,49375,10
10,233272A,504,51250,17
11,233272A,503,41250,23
12,233272A,502,51250,27
13,233272A,501,25000,43
14,233272A,500,20000,13
15,233272A,499,8750,5
16,233272A,498,8125,13
17,233272A,497,2500,25
18,233272A,496,0,8
19,233272A,495,3750,11
0,sp-o11590,408,978125,232
1,sp-o11590,407,969375,96
2,sp-o11590,406,928125,27
3,sp-o11590,405,891875,27
4,sp-o11590,404,847500,26
5,sp-o11590,403,786875,30
6,sp-o11590,402,768750,18
7,sp-o11590,401,733750,11
8,sp-o11590,400,663125,16
9,sp-o11590,399,645000,9
10,sp-o11590,398,611250,15
11,sp-o11590,397,552500,20
12,sp-o11590,396,522500,14
13,sp-o11590,395,485000,4
14,sp-o11590,394,4375,4
15,sp-o11590,393,0,0
16,sp-o11590,392,0,0
17,sp-o11590,409,0,0
0,233232A,530,787500,58
1,233232A,529,744375,88
2,233232A,528,675625,29
3,233232A,527,640000,30
4,233232A,531,868750,61
5,233232A,532,926250,67
6,233232A,533,985000,99
7,233232A,534,1035000,78
8,233232A,526,555625,19
9,233232A,525,545625,6
10,233232A,524,488750,19
11,233232A,523,428750,29
12,233232A,522,341250,15
13,233232A,521,361250,11
14,233232A,520,0,4
15,233232A,519,205000,5
16,233232A,518,158750,3
17,233232A,517,141250,3
18,233232A,516,0,1
19,233232A,535,1080625,100
20,233232A,536,1088125,39
0,136023A,18,5355000,205
1,136023A,19,5649375,151
2,136023A,17,4489375,127
3,136023A,16,4186875,53
4,136023A,15,3073125,63
5,136023A,14,2783750,14
6,136023A,13,2164375,4
7,136023A,20,6236875,7
8,136023A,21,0,0
9,136023A,22,4721875,1
10,136023A,23,0,0
11,136023A,26,0,0
12,136023A,28,0,0
13,136023A,24,3265000,1
14,136023A,27,0,0
15,136023A,25,2266875,1
0,sp-o10930,264,5135000,151
1,sp-o10930,263,4842500,59
2,sp-o10930,262,4439375,46
3,sp-o10930,261,3963125,45
4,sp-o10930,260,3471875,69
5,sp-o10930,259,3215625,28
6,sp-o10930,258,2763125,21
7,sp-o10930,257,2486250,43
8,sp-o10930,256,2185000,42
9,sp-o10930,255,2005625,20
10,sp-o10930,265,0,0
11,sp-o10930,254,1518125,5
12,sp-o10930,253,1462500,9
13,sp-o10930,241,0,0
14,sp-o10930,250,0,0
15,sp-o10930,251,0,0
0,203042,129,963125,427
1,203042,128,906250,69
2,203042,127,862500,52
3,203042,126,743125,16
4,203042,130,0,0
5,203042,125,746875,4
6,203042,124,213125,3
7,203042,123,565625,10
8,203042,122,525625,8
9,203042,121,440000,5
10,203042,120,385000,5
11,203042,119,157500,1
12,203042,118,153750,1
13,203042,117,0,1
14,203042,116,26875,1
15,203042,115,181875,1
16,203042,114,0,0
17,203042,131,0,0
0,130354A,154,1044375,53
1,130354A,155,1106875,106
2,130354A,156,1148750,260
3,130354A,157,1253125,307
4,130354A,158,1412500,10
5,130354A,153,1048750,51
6,130354A,152,955000,30
7,130354A,151,948750,37
8,130354A,150,703125,22
9,130354A,159,823750,9
10,130354A,160,5139375,4
11,130354A,161,1030625,2
12,130354A,162,0,1
0,135009A,61,12881875,23
1,135009A,62,14390625,18
2,135009A,60,11860625,57
3,135009A,59,9383125,15
4,135009A,58,8175625,9
5,135009A,57,7165625,3
6,135009A,56,5748750,3
7,135009A,55,1875,3
8,135009A,54,0,1
9,135009A,53,3305000,5
10,135009A,52,2937500,5
11,135009A,51,3093125,18
12,135009A,50,0,3
13,135009A,49,0,1
14,135009A,64,18594375,49
15,135009A,66,21428125,47
16,135009A,67,25179375,26
17,135009A,68,26461875,38
18,135009A,69,28932500,43
19,135009A,70,30490000,62
20,135009A,71,32085000,42
21,135009A,65,20571250,77
22,135009A,63,16238750,17
23,135009A,72,36573750,6
24,135009A,73,41381250,128
25,135009A,74,44201875,152
26,135009A,75,45532500,292
27,135009A,76,48152500,18
28,135009A,77,0,1
29,135009A,78,0,1
30,135009A,79,0,0
31,135009A,82,0,0
32,135009A,81,0,0
33,135009A,80,0,0
0,ODSS_21168_WSLAHD.1,132,4089375,44
1,ODSS_21168_WSLAHD.1,131,3761250,91
2,ODSS_21168_WSLAHD.1,130,3389375,111
3,ODSS_21168_WSLAHD.1,129,3062500,164
4,ODSS_21168_WSLAHD.1,128,2726875,116
5,ODSS_21168_WSLAHD.1,133,4296250,21
6,ODSS_21168_WSLAHD.1,127,2528125,67
7,ODSS_21168_WSLAHD.1,134,3805000,5
0,229130A,137,1600000,48
1,229130A,136,1568750,38
2,229130A,135,1517500,33
3,229130A,134,1440625,36
4,229130A,133,1391250,54
5,229130A,132,1311875,47
6,229130A,131,1236875,39
7,229130A,130,1195625,43
8,229130A,138,1650625,42
9,229130A,139,1666250,129
10,229130A,129,1118125,17
11,229130A,128,5000,5
12,229130A,127,0,2
13,229130A,126,0,0
0,136113A,207,1793125,17
1,136113A,208,2034375,20
2,136113A,206,1460625,10
3,136113A,205,1106875,6
4,136113A,204,1121250,3
5,136113A,203,846875,3
6,136113A,202,650625,55
7,136113A,201,578125,47
8,136113A,200,491875,72
9,136113A,211,2946875,19
10,136113A,215,4590625,7
11,136113A,214,4178750,9
12,136113A,213,3645000,8
13,136113A,212,3396875,20
14,136113A,210,2745625,11
15,136113A,209,2335000,11
16,136113A,217,0,0
17,136113A,218,0,1
18,136113A,220,0,0
19,136113A,221,0,0
20,136113A,223,0,0
21,136113A,225,11970625,22
22,136113A,228,14159375,124
23,136113A,231,0,0
24,136113A,230,0,0
25,136113A,229,0,0
26,136113A,227,13518125,98
27,136113A,226,12481875,38
28,136113A,224,0,0
29,136113A,222,0,0
0,ODSS_21167_WSLAHD.1,193,368125,115
1,ODSS_21167_WSLAHD.1,192,343750,99
2,ODSS_21167_WSLAHD.1,191,321250,76
3,ODSS_21167_WSLAHD.1,190,303125,80
4,ODSS_21167_WSLAHD.1,189,285625,61
5,ODSS_21167_WSLAHD.1,188,263750,55
6,ODSS_21167_WSLAHD.1,194,395000,65
7,ODSS_21167_WSLAHD.1,195,429375,29
8,ODSS_21167_WSLAHD.1,196,460000,25
9,ODSS_21167_WSLAHD.1,187,241250,36
10,ODSS_21167_WSLAHD.1,186,236875,18
11,ODSS_21167_WSLAHD.1,185,215000,7
12,ODSS_21167_WSLAHD.1,184,185000,2
13,ODSS_21167_WSLAHD.1,183,188125,7
14,ODSS_21167_WSLAHD.1,197,497500,18
15,ODSS_21167_WSLAHD.1,198,514375,27
16,ODSS_21167_WSLAHD.1,199,513125,5
0,228264A,68,1827500,279
1,228264A,67,1617500,525
2,228264A,69,2030000,9
3,228264A,66,1436875,175
0,130338A,164,211875,58
1,130338A,165,387500,126
2,130338A,166,738750,40
3,130338A,167,902500,52
4,130338A,168,1033750,84
5,130338A,169,1213750,138
6,130338A,171,1311250,42
7,130338A,170,1273750,633
8,130338A,172,1341250,4
9,130338A,174,1463125,2
10,130338A,175,0,0
11,130338A,176,0,0
12,130338A,173,1390000,2
13,130338A,177,0,0
14,130338A,179,0,1
15,130338A,180,0,0
16,130338A,163,186250,23
0,130104A,120,738125,44
1,130104A,121,935625,73
2,130104A,123,1594375,265
3,130104A,124,1706875,167
4,130104A,122,1384375,568
5,130104A,119,747500,18
6,130104A,118,544375,3
7,130104A,126,1225625,1
8,130104A,128,0,0
9,130104A,129,2665000,1
10,130104A,130,2935000,1
11,130104A,127,0,0
12,130104A,125,0,0
13,130104A,131,0,0
14,130104A,132,0,0
0,143048A,95,120000,67
1,143048A,96,0,0
2,143048A,94,111250,24
3,143048A,93,114375,55
4,143048A,92,99375,291
5,143048A,91,81250,61
6,143048A,90,60625,3
7,143048A,89,53125,5
8,143048A,88,54375,7
9,143048A,87,45625,82
10,143048A,86,31875,16
11,143048A,85,0,0
0,286.1,518,9375,280
1,286.1,519,10000,396
2,286.1,520,18750,116
3,286.1,521,23125,38
4,286.1,522,32500,35
5,286.1,523,17500,7
0,130304B,79,550000,134
1,130304B,80,612500,285
2,130304B,81,723125,13
3,130304B,78,476250,56
4,130304B,77,439375,51
5,130304B,76,410625,19
6,130304B,83,878750,5
7,130304B,82,798125,12
8,130304B,75,249375,7
9,130304B,84,0,0
10,130304B,85,0,1
11,130304B,86,0,0
12,130304B,87,0,0
0,410742,953,2346875,29
1,410742,952,2275000,26
2,410742,951,2234375,29
3,410742,950,2194375,51
4,410742,949,2140000,30
5,410742,948,2081875,42
6,410742,947,2048125,42
7,410742,946,1976250,33
8,410742,954,2410625,21
9,410742,955,2435625,123
10,410742,945,1941875,62
11,410742,944,1868750,55
12,410742,943,1796875,73
13,410742,942,1768750,67
14,410742,941,1718125,53
15,410742,940,1655000,33
16,410742,939,1635000,36
17,410742,938,1551875,23
18,410742,937,1522500,43
19,410742,936,1531250,37
20,410742,935,1408125,47
21,410742,934,1341250,30
22,410742,933,1250000,15
23,410742,932,1252500,21
24,410742,931,1228125,29
25,410742,930,1152500,25
26,410742,929,1093125,23
27,410742,928,1083750,11
28,410742,927,1018750,32
29,410742,926,1003750,16
30,410742,925,818750,3
31,410742,924,916875,4
32,410742,923,865000,7
33,410742,922,804375,4
34,410742,921,819375,3
35,410742,920,762500,14
36,410742,919,787500,8
37,410742,918,415000,4
38,410742,917,0,3
39,410742,916,624375,3
40,410742,915,359375,4
41,410742,914,3125,11
42,410742,956,0,0
0,143036A,67,109765000,25
1,143036A,66,107336875,251
2,143036A,65,101102500,124
3,143036A,64,93775625,140
4,143036A,63,84592500,134
5,143036A,62,77675000,119
6,143036A,61,72547500,94
7,143036A,60,67802500,45
8,143036A,59,62170625,21
9,143036A,58,58686250,29
10,143036A,57,53526250,19
11,143036A,56,51239375,51
12,143036A,55,47902500,29
13,143036A,54,43003125,56
14,143036A,53,37981250,23
15,143036A,52,33187500,14
16,143036A,51,31073125,32
17,143036A,50,28718750,16
18,143036A,69,111624375,2
19,143036A,68,0,1
20,143036A,71,0,0
21,143036A,74,0,0
22,143036A,73,0,0
23,143036A,72,0,0
24,143036A,70,60065000,2
0,136020A,2,5907500,230
1,136020A,3,6621250,296
2,136020A,4,6817500,9
3,136020A,1,5452500,53
4,136020A,5,0,0
5,136020A,6,0,0
6,136020A,7,0,0
7,136020A,8,0,0
8,136020A,9,0,0
9,136020A,11,0,0
10,136020A,12,0,0
11,136020A,10,0,1
12,136020A,16,0,0
13,136020A,17,0,0
14,136020A,14,0,0
0,401027,183,137296250,43
1,401027,182,131491875,62
2,401027,181,125823750,55
3,401027,180,120255000,54
4,401027,179,114891250,54
5,401027,178,108002500,42
6,401027,177,101516875,49
7,401027,176,96950625,54
8,401027,175,92885000,57
9,401027,184,143873125,32
10,401027,185,150962500,40
11,401027,186,158000000,48
12,401027,187,166671875,43
13,401027,188,172123125,44
14,401027,189,179305000,29
15,401027,190,187000000,67
16,401027,191,196378125,103
17,401027,192,170117500,1
18,401027,174,87990000,49
19,401027,173,84561875,52
20,401027,172,76998750,27
21,401027,171,71920625,23
22,401027,170,64711875,31
23,401027,169,54903750,32
24,401027,168,47384375,10
25,401027,167,42545625,19
26,401027,166,37104375,18
27,401027,165,33172500,11
28,401027,164,28639375,5
0,110014A,668,29924375,167
1,110014A,669,30781875,145
2,110014A,670,31750625,185
3,110014A,671,16637500,1
4,110014A,672,0,0
5,110014A,667,28954375,178
6,110014A,666,28101250,111
7,110014A,665,26801875,75
8,110014A,664,25700000,51
9,110014A,663,24038750,19
10,110014A,662,21598750,56
11,110014A,661,20673750,45
12,110014A,660,19740625,40
13,110014A,659,18266875,16
14,110014A,658,17190000,12
15,110014A,657,11485625,3
16,110014A,656,14328125,10
0,143234A,64,4933750,54
1,143234A,63,4470000,70
2,143234A,62,3975000,40
3,143234A,61,3404375,65
4,143234A,60,3070000,94
5,143234A,59,2586875,53
6,143234A,58,2150625,78
7,143234A,57,1358750,599
8,143234A,65,5391875,174
9,143234A,66,0,0
0,412106,847,3552500,75
1,412106,846,3455000,93
2,412106,845,3295000,71
3,412106,844,3009375,73
4,412106,843,2671875,54
5,412106,842,2301875,42
6,412106,841,2205000,15
7,412106,840,1950000,18
8,412106,839,1768750,14
9,412106,838,1563750,35
10,412106,837,1431250,87
11,412106,836,1288125,43
12,412106,835,1094375,74
13,412106,834,926250,48
14,412106,833,759375,70
15,412106,832,687500,111
16,412106,831,628125,86
17,412106,830,581250,82
18,412106,829,500000,54
19,412106,828,461875,23
0,419080,449,20013125,3
1,419080,448,19648125,35
2,419080,447,204375,2
3,419080,446,18262500,40
4,419080,445,17086250,8
5,419080,444,13253750,2
6,419080,443,0,0
7,419080,442,15748125,1
8,419080,441,14923125,2
9,419080,440,0,0
10,419080,439,0,1
11,419080,438,12443125,1
12,419080,437,12662500,3
13,419080,436,12378750,1
14,419080,435,0,1
15,419080,434,11363750,1
16,419080,433,10779375,2
17,419080,432,9196250,1
18,419080,431,9953750,69
19,419080,430,9602500,28
20,419080,429,8854375,33
21,419080,428,8540625,11
22,419080,427,7810000,70
23,419080,426,7438125,28
24,419080,425,6743125,8
25,419080,424,6526250,19
26,419080,423,6056875,11
27,419080,422,5754375,20
28,419080,421,5093125,3
29,419080,420,207500,2
30,419080,419,4483125,16
31,419080,418,4109375,43
32,419080,417,3791250,51
33,419080,416,3302500,25
34,419080,415,2818750,19
35,419080,414,2481250,48
36,419080,413,2195000,8
37,419080,412,0,0
38,419080,411,0,0
39,419080,410,0,0
0,422214A,194,2530000,32
1,422214A,193,2391250,406
2,422214A,192,2011250,107
3,422214A,191,1645625,58
4,422214A,190,1188125,16
5,422214A,196,3369375,1
6,422214A,198,5571250,3
7,422214A,199,0,0
8,422214A,197,0,0
9,422214A,195,3349375,1
10,422214A,200,0,0
11,422214A,189,0,0
0,410791,612,223125,741
1,410791,611,216250,433
0,sp-o10109,264,2923125,296
1,sp-o10109,263,2787500,123
2,sp-o10109,262,2530000,168
3,sp-o10109,261,2234375,308
4,sp-o10109,260,1890625,127
5,sp-o10109,259,1680625,43
6,sp-o10109,258,1503125,52
7,sp-o10109,257,1215000,34
8,sp-o10109,256,1033125,15
9,sp-o10109,255,930625,5
10,sp-o10109,254,0,0
0,130106A,100,221875,149
1,130106A,101,250625,196
2,130106A,102,315625,636
3,130106A,103,375000,130
4,130106A,104,530625,18
5,130106A,105,606875,5
6,130106A,106,0,0
7,130106A,108,0,0
8,130106A,109,502500,2
9,130106A,110,0,0
10,130106A,111,0,0
11,130106A,107,0,0
12,130106A,112,0,1
13,130106A,99,117500,3
0,410572A,542,15191250,270
1,410572A,541,15158125,217
2,410572A,543,15115000,4
3,410572A,540,15129375,115
4,410572A,539,14986250,56
5,410572A,538,14856250,31
6,410572A,537,14675000,13
7,410572A,536,0,1
8,410572A,535,0,0
0,120016A,154,251600000,174
1,120016A,155,280917500,16
2,120016A,156,332138125,6
3,120016A,157,340735000,3
4,120016A,153,241671875,208
5,120016A,152,218041875,105
6,120016A,151,196381875,77
7,120016A,150,171111250,36
8,120016A,149,150303125,9
9,120016A,148,127410625,8
10,120016A,158,355858750,1
11,120016A,159,0,1
12,120016A,160,0,0
13,120016A,147,108361875,3
14,120016A,146,69417500,3
15,120016A,137,0,0
0,ODSS_47683_WSLAHD.1,201,327500,173
1,ODSS_47683_WSLAHD.1,200,290000,96
2,ODSS_47683_WSLAHD.1,199,253750,105
3,ODSS_47683_WSLAHD.1,198,218125,135
4,ODSS_47683_WSLAHD.1,197,188750,45
5,ODSS_47683_WSLAHD.1,196,137500,26
6,ODSS_47683_WSLAHD.1,195,123750,10
7,ODSS_47683_WSLAHD.1,194,77500,8
8,ODSS_47683_WSLAHD.1,193,76875,6
9,ODSS_47683_WSLAHD.1,192,0,0
0,419041,327,36382500,8
1,419041,326,33991250,26
2,419041,325,31053125,29
3,419041,324,29486250,9
4,419041,323,26142500,12
5,419041,322,23618125,50
6,419041,321,21042500,66
7,419041,328,39544375,24
8,419041,320,19732500,23
9,419041,319,17062500,47
10,419041,318,15645625,40
11,419041,317,13623750,42
12,419041,316,12085000,56
13,419041,315,10051875,36
14,419041,314,8350000,36
15,419041,313,7420625,20
16,419041,312,5965625,7
17,419041,311,5414375,6
18,419041,310,4303750,18
19,419041,309,3801250,13
20,419041,308,3381875,2
21,419041,307,2440000,4
22,419041,329,41516875,43
23,419041,306,1598125,14
24,419041,305,1161875,12
0,412010,378,38725625,48
1,412010,377,37853125,61
2,412010,376,37037500,61
3,412010,375,35927500,55
4,412010,379,0,0
5,412010,374,34666250,22
6,412010,373,33849375,32
7,412010,372,32960625,18
8,412010,371,32351250,24
9,412010,370,31023125,20
10,412010,369,30396250,16
11,412010,368,29762500,25
12,412010,367,29013750,26
13,412010,366,28367500,24
14,412010,365,27270000,23
15,412010,364,26130000,29
16,412010,363,25690000,45
17,412010,362,24846250,25
18,412010,361,24076250,27
19,412010,360,23265625,20
20,412010,359,22550625,38
21,412010,358,21485000,20
22,412010,357,20904375,13
23,412010,356,20307500,15
24,412010,355,19244375,10
25,412010,354,18263125,8
26,412010,353,18278750,7
27,412010,352,16676875,14
28,412010,351,16569375,16
29,412010,350,15250625,10
30,412010,349,14615000,35
31,412010,348,14017500,21
32,412010,347,13184375,29
33,412010,346,12476875,35
34,412010,345,11636875,59
35,412010,344,10958125,36
36,412010,343,10133125,39
37,412010,342,9440625,44
38,412010,341,8652500,23
39,412010,340,8301875,36
40,412010,339,7216875,31
41,412010,338,6489375,12
42,412010,337,6041250,10
43,412010,336,5337500,7
44,412010,335,5206250,10
45,412010,334,0,3
0,210102,155,1868125,982
1,210102,156,0,1
2,210102,154,1708750,194
3,210102,153,1541875,42
4,210102,152,1454375,9
5,210102,157,0,0
6,210102,151,1302500,8
7,210102,150,0,1
8,210102,149,0,0
0,LAKE_BELLFIELD,266,3050000,3
1,LAKE_BELLFIELD,265,3049375,4
2,LAKE_BELLFIELD,264,2870625,9
3,LAKE_BELLFIELD,263,0,0
4,LAKE_BELLFIELD,262,2530625,5
5,LAKE_BELLFIELD,261,2428750,22
6,LAKE_BELLFIELD,260,2303750,13
7,LAKE_BELLFIELD,259,2055000,8
8,LAKE_BELLFIELD,258,1969375,18
9,LAKE_BELLFIELD,257,1830000,10
10,LAKE_BELLFIELD,256,1687500,17
11,LAKE_BELLFIELD,255,1586875,25
12,LAKE_BELLFIELD,254,1491875,33
13,LAKE_BELLFIELD,253,1342500,16
14,LAKE_BELLFIELD,252,1251875,44
15,LAKE_BELLFIELD,251,946875,5
16,LAKE_BELLFIELD,267,3241250,9
17,LAKE_BELLFIELD,268,3353125,11
18,LAKE_BELLFIELD,269,3518750,10
19,LAKE_BELLFIELD,271,3833125,20
20,LAKE_BELLFIELD,272,3981875,37
21,LAKE_BELLFIELD,273,4113750,40
22,LAKE_BELLFIELD,274,4210000,78
23,LAKE_BELLFIELD,275,4306250,28
24,LAKE_BELLFIELD,270,3681875,40
0,657.1,226,1463125,94
1,657.1,225,1332500,87
2,657.1,224,1222500,76
3,657.1,227,1515000,106
4,657.1,223,1171875,70
5,657.1,222,1087500,35
6,657.1,221,739375,24
7,657.1,220,593750,14
8,657.1,219,0,2
9,657.1,231,1195000,26
10,657.1,233,1948125,32
11,657.1,234,2072500,27
12,657.1,235,1856250,10
13,657.1,236,1674375,18
14,657.1,238,645000,18
15,657.1,239,1196875,19
16,657.1,240,100625,27
17,657.1,241,930625,20
18,657.1,237,1938750,18
19,657.1,232,1443750,25
20,657.1,230,1707500,31
21,657.1,229,1608125,33
22,657.1,228,1576250,52
23,657.1,242,0,7
24,657.1,243,0,0
25,657.1,244,0,0
0,125008A,45,515625,342
1,125008A,46,509375,83
2,125008A,47,549375,128
3,125008A,48,0,0
4,125008A,49,0,0
5,125008A,44,290000,10
6,125008A,51,0,0
0,401571,583,26875,48
1,401571,584,27500,125
2,401571,585,28750,282
3,401571,586,30000,126
4,401571,582,27500,26
5,401571,580,0,3
6,401571,581,27500,17
7,401571,579,6875,1
8,401571,587,33125,7
9,401571,588,0,0
0,421148,544,14722500,11
1,421148,545,14310000,11
2,421148,546,14053125,18
3,421148,547,16072500,14
4,421148,548,16689375,9
5,421148,549,17916875,17
6,421148,550,18402500,45
7,421148,543,13789375,51
8,421148,542,13501875,65
9,421148,541,12890625,150
10,421148,540,12148750,129
11,421148,539,11857500,125
12,421148,538,11245625,111
13,421148,537,10726875,39
14,421148,536,10345625,78
15,421148,535,9705625,23
16,421148,534,9200625,40
17,421148,533,8600625,50
18,421148,532,8076875,99
19,421148,531,7695000,51
20,421148,530,7146250,25
21,421148,529,7140625,11
0,295.1,522,39375,416
1,295.1,524,60625,70
2,295.1,525,71875,45
3,295.1,523,48750,151
4,295.1,521,33125,100
5,295.1,526,80000,28
6,295.1,529,6250,11
7,295.1,527,97500,26
8,295.1,528,76250,22
9,295.1,530,62500,3
10,295.1,519,0,0
11,295.1,520,0,0
0,sp-o10926,531,620625,143
1,sp-o10926,530,568125,98
2,sp-o10926,529,506875,119
3,sp-o10926,532,638750,8
4,sp-o10926,528,446875,60
5,sp-o10926,527,346875,70
6,sp-o10926,526,275625,41
7,sp-o10926,525,107500,11
8,sp-o10926,524,69375,1
0,sp-o10814,125,45821875,8
1,sp-o10814,124,45068125,507
2,sp-o10814,123,37087500,12
3,sp-o10814,122,15625,5
4,sp-o10814,121,36875,9
5,sp-o10814,120,7500,2
6,sp-o10814,119,2500,4
0,410542,1149,1177500,39
1,410542,1150,1175000,37
2,410542,1151,1172500,32
3,410542,1148,1169375,53
4,410542,1147,1118125,50
5,410542,1146,1095625,52
6,410542,1145,1090625,46
7,410542,1144,1063750,51
8,410542,1142,1019375,70
9,410542,1141,1008125,39
10,410542,1143,1033750,46
11,410542,1140,981875,40
12,410542,1139,930625,37
13,410542,1138,919375,36
14,410542,1137,888750,29
15,410542,1136,815000,33
16,410542,1135,819375,27
17,410542,1133,751250,30
18,410542,1153,1235000,12
19,410542,1154,1218750,6
20,410542,1155,841250,2
21,410542,1152,1168750,18
22,410542,1134,780625,28
23,410542,1132,773125,28
24,410542,1131,738125,27
25,410542,1129,661250,40
26,410542,1126,588125,30
27,410542,1128,658125,33
28,410542,1130,678750,25
29,410542,1127,592500,38
30,410542,1124,508750,28
31,410542,1125,546875,21
32,410542,1121,428750,15
33,410542,1122,483125,19
34,410542,1123,412500,19
35,410542,1120,415625,8
36,410542,1115,340000,7
37,410542,1117,315000,9
38,410542,1119,428125,11
39,410542,1116,1250,4
40,410542,1112,185000,3
41,410542,1118,430625,16
42,410542,1114,35000,6
43,410542,1113,213125,2
44,410542,1111,132500,2
45,410542,1110,0,1
46,410542,1109,0,2
47,410542,1106,135000,2
48,410542,1108,0,3
49,410542,1107,0,0
50,410542,1105,0,0
51,410542,1156,0,0
52,410542,1100,0,2
53,410542,1103,0,1
54,410542,1102,0,0
55,410542,1101,0,3
56,410542,1098,0,0
57,410542,1099,0,0
58,410542,1104,0,1
0,139.2,1032,153679375,1
1,139.2,1031,150975000,6
2,139.2,1030,150640625,12
3,139.2,1029,148646875,31
4,139.2,1028,136754375,14
5,139.2,1027,143986875,96
6,139.2,1026,141756250,175
7,139.2,1025,139176875,172
8,139.2,1024,136667500,212
9,139.2,1023,133772500,234
10,139.2,1022,129656250,95
11,139.2,1021,125812500,32
0,138112A,135,3441250,420
1,138112A,134,3361250,449
2,138112A,133,3171250,120
3,138112A,136,0,0
4,138112A,132,2971250,46
5,138112A,131,2838125,40
6,138112A,130,2576875,10
7,138112A,129,2466250,31
8,138112A,128,2160625,51
9,138112A,127,1947500,23
10,138112A,126,1855000,5
11,138112A,125,1601250,4
12,138112A,124,1473750,6
13,138112A,123,1315625,4
14,138112A,122,0,2
15,138112A,121,35625,4
16,138112A,120,771875,5
17,138112A,138,0,0
0,410765,577,973750,1124
1,410765,576,930000,66
2,410765,575,0,0
0,613.1,471,726875,74
1,613.1,470,668125,100
2,613.1,472,701250,49
3,613.1,469,646875,59
4,613.1,468,580625,47
5,613.1,467,529375,45
6,613.1,466,451250,35
7,613.1,465,394375,21
8,613.1,464,340000,25
9,613.1,473,760000,5
10,613.1,463,286250,14
11,613.1,462,259375,14
12,613.1,461,148750,7
13,613.1,460,0,0
0,232217A,600,706875,55
1,232217A,599,431875,24
2,232217A,598,321875,52
3,232217A,597,237500,34
4,232217A,596,179375,37
5,232217A,595,75625,83
6,232217A,594,40000,43
7,232217A,601,850625,25
8,232217A,602,1060000,48
9,232217A,603,1228125,59
10,232217A,604,1342500,56
0,229405A,245,2943750,207
1,229405A,244,2923750,370
2,229405A,243,0,1
3,229405A,242,0,1
0,658.1,158,5981875,536
1,658.1,159,6053750,280
2,658.1,160,11250,14
3,658.1,157,3852500,19
4,658.1,156,4806875,20
5,658.1,155,0,3
6,658.1,161,0,0
0,298.1,232,42726250,109
1,298.1,231,41084375,131
2,298.1,230,39651250,125
3,298.1,229,38025000,89
4,298.1,228,35531875,68
5,298.1,227,34751875,71
6,298.1,233,43918750,108
7,298.1,234,45014375,69
8,298.1,235,12383750,35
9,298.1,226,32101875,33
10,298.1,236,0,2
11,298.1,225,1441250,15
12,298.1,221,0,1
0,145021A,205,2826875,60
1,145021A,204,2735000,41
2,145021A,203,2668750,20
3,145021A,202,2524375,19
4,145021A,201,2438750,34
5,145021A,200,2065625,1
6,145021A,199,2110625,3
7,145021A,198,1855000,2
8,145021A,197,0,1
9,145021A,196,1756250,21
10,145021A,195,1731875,23
11,145021A,194,1511875,9
12,145021A,193,1430000,15
13,145021A,192,1331250,59
14,145021A,191,1232500,22
15,145021A,190,1110000,36
16,145021A,189,982500,1
17,145021A,206,2962500,135
18,145021A,207,2995000,126
19,145021A,208,0,0
20,145021A,209,0,1
0,142801A,39,19140625,121
1,142801A,38,18438125,69
2,142801A,37,17110625,71
3,142801A,36,16166250,103
4,142801A,35,15061875,55
5,142801A,34,13513125,54
6,142801A,33,12616250,28
7,142801A,32,10876875,12
8,142801A,31,9533125,22
9,142801A,30,8825000,31
10,142801A,29,8268750,17
11,142801A,28,7585000,6
12,142801A,27,5991250,8
13,142801A,26,0,8
14,142801A,25,5209375,15
15,142801A,24,4855000,15
16,142801A,40,0,0
0,210097,275,25343750,77
1,210097,276,25697500,123
2,210097,277,26185625,4
3,210097,278,3776250,1
4,210097,274,24679375,36
5,210097,273,24348125,69
6,210097,272,23672500,142
7,210097,271,23178750,85
8,210097,270,22515000,47
9,210097,269,21995625,22
10,210097,268,21341875,18
11,210097,267,20942500,36
12,210097,266,20507500,85
13,210097,265,19895000,43
14,210097,264,19381875,49
15,210097,263,18741250,48
16,210097,262,18435000,38
17,210097,261,17673125,20
18,210097,260,17388750,73
19,210097,259,16768125,40
20,210097,258,15951250,19
21,210097,257,15079375,6
22,210097,256,6994375,7
23,210097,255,15115000,6
24,210097,254,13216250,7
25,210097,253,13640625,25
26,210097,252,10330625,10
27,210097,251,12614375,17
28,210097,250,12059375,15
29,210097,249,11579375,16
30,210097,248,11255625,21
31,210097,247,10930625,14
32,210097,222,0,0
33,210097,192,0,0
34,210097,220,0,0
35,210097,190,0,0
0,RE750,4,35000,4
1,RE750,3,273750,2
2,RE750,5,346875,4
3,RE750,6,0,1
4,RE750,7,0,1
5,RE750,8,83125,1
6,RE750,9,408125,2
7,RE750,10,270000,1
8,RE750,11,0,1
9,RE750,12,0,1
10,RE750,13,620000,1
11,RE750,14,605000,3
12,RE750,15,111875,2
13,RE750,16,0,0
14,RE750,17,0,1
15,RE750,18,643750,1
16,RE750,19,0,1
17,RE750,20,480000,4
18,RE750,21,0,0
19,RE750,23,0,0
20,RE750,29,0,1
21,RE750,36,0,0
22,RE750,42,0,0
23,RE750,49,0,0
24,RE750,55,0,0
25,RE750,62,0,0
26,RE750,68,0,0
27,RE750,75,0,0
28,RE750,81,0,0
29,RE750,88,0,0
30,RE750,94,0,0
31,RE750,101,0,0
32,RE750,107,0,0
33,RE750,113,0,0
34,RE750,120,0,0
35,RE750,126,0,0
36,RE750,133,0,1
37,RE750,139,0,0
38,RE750,146,0,0
39,RE750,152,0,0
40,RE750,159,0,0
41,RE750,165,0,0
42,RE750,172,0,0
43,RE750,178,467500,20
44,RE750,184,661250,21
45,RE750,190,812500,44
46,RE750,191,799375,17
47,RE750,192,833125,31
48,RE750,189,681875,18
49,RE750,188,771250,34
50,RE750,187,756875,11
51,RE750,186,744375,24
52,RE750,185,695625,22
53,RE750,183,634375,42
54,RE750,182,615000,40
55,RE750,181,600000,27
56,RE750,180,521875,12
57,RE750,179,492500,29
58,RE750,177,401875,15
59,RE750,176,365625,16
60,RE750,175,148125,3
61,RE750,193,0,0
0,ODSS_57389_WSLAHD.1,59,13443125,308
1,ODSS_57389_WSLAHD.1,60,14492500,100
2,ODSS_57389_WSLAHD.1,61,0,3
3,ODSS_57389_WSLAHD.1,62,0,0
4,ODSS_57389_WSLAHD.1,58,11096875,191
5,ODSS_57389_WSLAHD.1,57,8930625,196
6,ODSS_57389_WSLAHD.1,56,6685000,150
7,ODSS_57389_WSLAHD.1,55,4726875,118
8,ODSS_57389_WSLAHD.1,54,3760000,166
9,ODSS_57389_WSLAHD.1,53,2918125,64
10,ODSS_57389_WSLAHD.1,52,2572500,15
11,ODSS_57389_WSLAHD.1,49,0,0
12,ODSS_57389_WSLAHD.1,38,0,0
13,ODSS_57389_WSLAHD.1,27,0,0
14,ODSS_57389_WSLAHD.1,16,0,0
15,ODSS_57389_WSLAHD.1,5,0,0
16,ODSS_57389_WSLAHD.1,110,0,0
17,ODSS_57389_WSLAHD.1,51,0,0
0,RE851,342,133750,224
1,RE851,341,113125,70
2,RE851,340,117500,39
3,RE851,339,117500,45
4,RE851,343,0,0
5,RE851,338,115000,29
6,RE851,337,88125,24
7,RE851,336,85625,15
8,RE851,335,56250,11
9,RE851,334,8750,4
10,RE851,333,0,5
11,RE851,332,0,1
12,RE851,331,21250,1
13,RE851,330,0,1
0,WARTOOK,438,5271875,62
1,WARTOOK,437,3190625,6
2,WARTOOK,439,6801875,211
3,WARTOOK,440,7914375,422
4,WARTOOK,441,8358125,230
5,WARTOOK,442,0,0
0,625.1,220,5277500,107
1,625.1,219,5275625,132
2,625.1,218,5245625,104
3,625.1,217,5273750,88
4,625.1,221,5299375,32
5,625.1,222,3736875,18
6,625.1,216,5256250,13
7,625.1,223,16250,1
8,625.1,224,0,0
0,136003C,94,1636250,147
1,136003C,93,1553750,305
2,136003C,92,1450625,509
3,136003C,91,1256250,100
4,136003C,90,1053750,41
5,136003C,95,0,3
6,136003C,89,905625,34
7,136003C,96,1202500,2
8,136003C,98,1589375,3
9,136003C,97,0,0
10,136003C,101,1677500,2
11,136003C,100,0,0
12,136003C,99,0,1
0,222538,1154,121381250,28
1,222538,1153,119148750,24
2,222538,1152,116786250,22
3,222538,1151,113716875,11
4,222538,1150,111895625,22
5,222538,1149,109628125,25
6,222538,1148,107073750,31
7,222538,1147,104911250,75
8,222538,1146,103131875,71
9,222538,1155,122043750,3
10,222538,1145,101285625,64
11,222538,1144,98750000,30
12,222538,1143,96243125,51
13,222538,1142,94531250,122
14,222538,1141,92535625,36
15,222538,1140,90265000,53
16,222538,1139,87658750,68
17,222538,1138,86037500,25
18,222538,1137,83825625,25
19,222538,1136,80956250,32
20,222538,1135,79045000,27
21,222538,1134,76683125,14
22,222538,1133,73903125,8
23,222538,1132,73035000,13
24,222538,1131,71106250,32
25,222538,1130,69164375,46
26,222538,1129,66996875,38
27,222538,1128,65298750,33
28,222538,1127,62889375,32
29,222538,1126,61048125,39
30,222538,1125,59193125,34
31,222538,1124,57610625,17
32,222538,1123,55415625,15
33,222538,1122,52815625,10
34,222538,1121,50690625,5
35,222538,1120,48630625,7
36,222538,1119,13737500,13
37,222538,1118,257500,7
38,222538,1117,102500,9
39,222538,1116,130000,2
0,135008A,14,956875,186
1,135008A,16,1060000,144
2,135008A,15,1020625,112
3,135008A,13,881250,112
4,135008A,12,785000,31
5,135008A,11,0,0
6,135008A,17,956250,2
7,135008A,18,241875,1
8,135008A,19,0,0
0,ODSS_21166_WSLAHD.1,191,2414375,25
1,ODSS_21166_WSLAHD.1,190,2310000,29
2,ODSS_21166_WSLAHD.1,189,2192500,37
3,ODSS_21166_WSLAHD.1,188,2096875,34
4,ODSS_21166_WSLAHD.1,187,2001250,42
5,ODSS_21166_WSLAHD.1,186,1851875,44
6,ODSS_21166_WSLAHD.1,192,2504375,28
7,ODSS_21166_WSLAHD.1,193,2578125,18
8,ODSS_21166_WSLAHD.1,194,2708750,22
9,ODSS_21166_WSLAHD.1,195,2742500,19
10,ODSS_21166_WSLAHD.1,196,2855625,10
11,ODSS_21166_WSLAHD.1,197,2952500,21
12,ODSS_21166_WSLAHD.1,198,3038750,22
13,ODSS_21166_WSLAHD.1,185,1799375,33
14,ODSS_21166_WSLAHD.1,184,1664375,28
15,ODSS_21166_WSLAHD.1,183,1626250,29
16,ODSS_21166_WSLAHD.1,182,1488125,39
17,ODSS_21166_WSLAHD.1,181,1448125,39
18,ODSS_21166_WSLAHD.1,180,1351875,21
19,ODSS_21166_WSLAHD.1,179,1286875,22
20,ODSS_21166_WSLAHD.1,178,1221875,12
21,ODSS_21166_WSLAHD.1,177,1178125,13
22,ODSS_21166_WSLAHD.1,176,13125,5
23,ODSS_21166_WSLAHD.1,199,3096875,7
24,ODSS_21166_WSLAHD.1,200,3101250,5
25,ODSS_21166_WSLAHD.1,201,3236250,7
0,629.1,1111,956875,50
1,629.1,1112,1171875,61
2,629.1,1113,1295625,47
3,629.1,1114,1485000,61
4,629.1,1115,1808750,51
5,629.1,1116,2160000,45
6,629.1,1117,2378750,35
7,629.1,1118,2511875,51
8,629.1,1119,2693125,43
9,629.1,1120,2771875,71
10,629.1,1121,0,0
11,629.1,1110,0,1
0,ROCKLANDS,184,6921875,122
1,ROCKLANDS,183,5101250,112
2,ROCKLANDS,185,8850625,43
3,ROCKLANDS,186,11643125,38
4,ROCKLANDS,187,14728750,71
5,ROCKLANDS,188,18063750,84
6,ROCKLANDS,189,24380625,99
7,ROCKLANDS,182,3356875,81
8,ROCKLANDS,190,29769375,126
9,ROCKLANDS,191,33043750,150
10,ROCKLANDS,192,37628750,12
0,421078,345,69653125,28
1,421078,344,68656875,29
2,421078,343,65486875,31
3,421078,342,63845000,76
4,421078,341,61274375,26
5,421078,340,60120000,13
6,421078,346,73378750,16
7,421078,347,75311250,24
8,421078,348,78453750,9
9,421078,349,70625,2
10,421078,350,82086875,1
11,421078,351,0,0
12,421078,320,17300625,43
13,421078,319,15287500,8
14,421078,321,19053125,61
15,421078,322,20607500,96
16,421078,323,22030000,70
17,421078,324,24433125,99
18,421078,325,25854375,136
19,421078,327,29976250,47
20,421078,328,31810625,64
21,421078,329,33879375,24
22,421078,326,27649375,69
23,421078,331,37691250,30
24,421078,332,40506250,37
25,421078,333,41506875,30
26,421078,334,42968125,17
27,421078,330,35865625,19
28,421078,318,14046875,18
29,421078,317,10246875,13
30,421078,316,9912500,4
31,421078,315,8450000,17
32,421078,314,8152500,9
33,421078,335,47390625,12
34,421078,336,51548125,8
35,421078,337,57366875,10
36,421078,338,59149375,9
37,421078,339,60686875,12
38,421078,313,0,0
0,138012A,101,121875,389
1,138012A,100,116875,419
2,138012A,99,90000,129
3,138012A,98,61250,100
4,138012A,97,48125,61
5,138012A,96,34375,17
6,138012A,95,13125,11
7,138012A,94,6250,19
8,138012A,93,0,16
0,143228A,102,523750,63
1,143228A,103,568750,28
2,143228A,104,621875,19
3,143228A,101,440625,277
4,143228A,100,395000,471
5,143228A,105,690625,22
6,143228A,106,756250,28
7,143228A,107,829375,41
8,143228A,108,874375,78
9,143228A,109,938125,150
10,143228A,110,933750,23
11,143228A,99,368125,24
0,425022,58,155346250,34
1,425022,57,150387500,54
2,425022,59,159515000,50
3,425022,60,160534375,101
4,425022,56,134869375,62
5,425022,55,77571250,45
6,425022,54,53750,204
7,425022,53,51875,355
0,422315B,470,10485625,33
1,422315B,469,9816875,22
2,422315B,468,8808125,11
3,422315B,467,7431250,7
4,422315B,466,7074375,6
5,422315B,465,6486250,43
6,422315B,464,5570000,21
7,422315B,463,5126875,41
8,422315B,462,4353750,29
9,422315B,461,3734375,44
10,422315B,460,3146875,106
11,422315B,459,2810625,134
12,422315B,458,2398750,67
13,422315B,457,1961250,45
14,422315B,456,1774375,7
15,422315B,471,11650625,9
16,422315B,472,12244375,34
17,422315B,455,0,0
0,410102,354,27412500,10
1,410102,353,26815000,18
2,410102,352,26385000,14
3,410102,351,25633125,15
4,410102,350,25285000,15
5,410102,349,24440000,9
6,410102,348,23988125,18
7,410102,347,23375000,11
8,410102,346,22683750,16
9,410102,345,21992500,20
10,410102,344,21293750,27
11,410102,343,20859375,22
12,410102,342,20383750,12
13,410102,341,19639375,20
14,410102,340,19367500,10
15,410102,339,17903750,4
16,410102,338,18283125,6
17,410102,355,28039375,12
18,410102,356,28479375,18
19,410102,357,29033125,11
20,410102,358,29610625,11
21,410102,359,30076875,14
22,410102,360,30505625,13
23,410102,361,34310625,9
24,410102,362,31504375,16
25,410102,363,32084375,9
26,410102,364,32466875,14
27,410102,365,33077500,11
28,410102,366,33390625,12
29,410102,367,33976875,14
30,410102,368,34095625,8
31,410102,369,34917500,8
32,410102,370,35032500,7
33,410102,371,35876875,15
34,410102,372,36088750,6
35,410102,373,36584375,4
36,410102,374,37233750,18
37,410102,375,37514375,6
38,410102,337,17295625,4
39,410102,336,14415625,1
40,410102,335,16372500,4
41,410102,334,15541875,5
42,410102,333,14733125,3
43,410102,332,14312500,4
44,410102,331,13991250,4
45,410102,330,13360625,4
46,410102,329,11058125,3
47,410102,328,12542500,10
48,410102,327,12093125,7
49,410102,326,0,2
50,410102,325,9414375,4
51,410102,324,10783125,2
52,410102,323,10038125,2
53,410102,322,1875,3
54,410102,321,2500,4
55,410102,320,0,0
56,410102,319,0,1
57,410102,318,0,0
58,410102,317,625,3
59,410102,316,1250,4
60,410102,315,6828750,1
61,410102,314,6665625,1
62,410102,313,0,0
63,410102,312,6249375,4
64,410102,311,0,1
65,410102,310,5486250,1
66,410102,309,0,0
67,410102,308,0,0
68,410102,307,4410000,1
69,410102,306,0,0
70,410102,305,0,0
71,410102,376,37816875,15
72,410102,377,38238750,28
73,410102,378,38241250,12
74,410102,379,38433125,7
75,410102,380,31140625,2
0,401569,301,2737500,173
1,401569,300,2508750,256
2,401569,299,2248750,150
3,401569,298,1782500,9
4,401569,302,3129375,20
5,401569,297,0,1
6,401569,303,1513125,1
7,401569,296,845000,2
0,416409A,313,15345000,114
1,416409A,312,12891875,136
2,416409A,311,10611250,142
3,416409A,310,8358125,89
4,416409A,309,6634375,54
5,416409A,308,4986875,29
6,416409A,307,3438750,31
7,416409A,314,16035625,33
8,416409A,306,18750,4
9,416409A,305,0,0
10,416409A,304,0,0
0,M309,156,1328125,325
1,M309,157,0,0
2,M309,155,1280625,96
3,M309,154,1223750,68
4,M309,153,1162500,48
5,M309,152,1063750,21
6,M309,151,1014375,17
7,M309,150,958125,20
8,M309,149,825000,7
9,M309,148,791875,7
10,M309,147,0,0
11,M309,146,0,0
0,594.1,379,745000,301
1,594.1,378,621875,12
2,594.1,380,763125,138
3,594.1,381,810000,44
4,594.1,382,0,0
0,143305A,99,39673125,171
1,143305A,98,38574375,329
2,143305A,97,34755625,86
3,143305A,96,31993750,264
4,143305A,95,27351875,9
5,143305A,94,25853125,24
6,143305A,93,23645625,27
7,143305A,92,21107500,42
8,143305A,91,16755625,279
9,143305A,101,0,0
10,143305A,100,37203125,4
11,143305A,103,0,0
12,143305A,104,0,0
13,143305A,102,0,0
0,296.1,476,343125,300
1,296.1,477,347500,125
2,296.1,475,318750,406
3,296.1,474,625,6
4,296.1,478,420625,14
5,296.1,473,0,0
6,296.1,479,231250,15
7,296.1,480,246875,6
0,416030,515,9332500,52
1,416030,514,8799375,2
2,416030,513,8677500,12
3,416030,512,8538125,5
4,416030,511,8076250,10
5,416030,510,8284375,4
6,416030,509,8217500,4
7,416030,508,7611875,2
8,416030,516,9433125,61
9,416030,507,7720000,6
10,416030,506,7561875,12
11,416030,505,7316250,14
12,416030,504,7161875,74
13,416030,503,7035625,33
14,416030,502,7021250,12
15,416030,501,6826250,23
16,416030,500,6613125,8
17,416030,499,6586250,4
18,416030,498,6623125,3
19,416030,497,6093125,4
20,416030,496,5989375,4
21,416030,495,5595000,2
22,416030,494,5642500,19
23,416030,493,5288125,11
24,416030,492,5145000,13
25,416030,491,4885625,10
26,416030,490,4961250,24
27,416030,489,4863125,17
28,416030,488,4732500,7
29,416030,487,4546875,29
30,416030,486,4530000,4
31,416030,485,4121250,17
32,416030,484,4229375,17
33,416030,483,4097500,19
34,416030,482,4211875,7
35,416030,481,3638125,3
36,416030,480,3573125,11
37,416030,479,3526875,6
38,416030,517,0,0
39,416030,478,0,0
40,416030,477,3365625,28
41,416030,476,3045625,2
42,416030,475,2946250,3
43,416030,474,2981875,9
44,416030,473,2888750,7
45,416030,472,0,0
46,416030,471,0,0
47,416030,470,0,0
48,416030,469,0,0
49,416030,468,2148750,1
50,416030,467,2031875,1
51,416030,466,2023750,7
52,416030,465,2020000,10
53,416030,464,0,0
54,416030,463,0,0
0,613.1,471,726875,74
1,613.1,470,668125,100
2,613.1,472,701250,49
3,613.1,469,646875,59
4,613.1,468,580625,47
5,613.1,467,529375,45
6,613.1,466,451250,35
7,613.1,465,394375,21
8,613.1,464,340000,25
9,613.1,473,760000,5
10,613.1,463,286250,14
11,613.1,462,259375,14
12,613.1,461,148750,7
13,613.1,460,0,0
0,294.1,510,2791250,239
1,294.1,511,2934375,127
2,294.1,509,2715000,200
3,294.1,508,2526875,114
4,294.1,507,2420625,52
5,294.1,506,2082500,25
6,294.1,505,1960000,26
7,294.1,512,2961250,76
8,294.1,513,2698750,11
0,TAYLORS,141,3442500,208
1,TAYLORS,140,3221250,139
2,TAYLORS,142,3718750,199
3,TAYLORS,143,4110000,148
4,TAYLORS,144,4676875,134
5,TAYLORS,145,5228750,13
6,TAYLORS,139,3025625,105
7,TAYLORS,138,2670000,74
8,TAYLORS,137,2325000,35
0,210117,179,11772500,117
1,210117,178,11227500,36
2,210117,180,12056250,113
3,210117,181,12515625,111
4,210117,182,13036250,106
5,210117,183,13390625,202
6,210117,184,13832500,52
7,210117,185,14210625,113
8,210117,177,10786875,50
9,210117,176,10374375,58
10,210117,175,10013750,47
11,210117,174,9621250,92
12,210117,173,9059375,11
13,210117,172,8526875,17
14,210117,171,8205000,34
15,210117,170,8071250,36
16,210117,169,7548125,24
17,210117,168,6971875,13
18,210117,167,6699375,13
19,210117,166,8750,6
20,210117,186,0,0
0,143111A,149,6034375,21
1,143111A,148,5486250,73
2,143111A,147,5303750,66
3,143111A,146,4813125,19
4,143111A,145,4265000,11
5,143111A,144,4105000,16
6,143111A,143,3397500,10
7,143111A,142,0,8
8,143111A,141,2630625,16
9,143111A,140,2256875,77
10,143111A,139,2007500,97
11,143111A,138,1668750,54
12,143111A,137,1368125,38
13,143111A,136,1165000,85
14,143111A,135,388125,3
15,143111A,150,6402500,45
16,143111A,151,6595000,34
17,143111A,152,7200000,46
18,143111A,153,7673125,146
19,143111A,154,7969375,346
20,143111A,155,8255625,27
21,143111A,156,4911250,1
22,143111A,157,0,0
23,143111A,158,0,0
0,sp-o10606,160,2152500,61
1,sp-o10606,159,1970000,327
2,sp-o10606,158,1569375,479
3,sp-o10606,157,550625,144
4,sp-o10606,156,270625,90
5,sp-o10606,161,0,0
6,sp-o10606,162,0,0
0,222539,1173,58750,305
1,222539,1174,82500,122
2,222539,1175,76250,88
3,222539,1177,91875,103
4,222539,1176,91250,110
5,222539,1178,103750,131
6,222539,1179,115000,88
7,222539,1181,134375,86
8,222539,1172,43750,26
9,222539,1184,154375,3
10,222539,1183,140000,11
11,222539,1180,130000,80
12,222539,1182,136875,65
13,222539,1171,22500,1
14,222539,1170,0,0
0,136316A,278,12813125,32
1,136316A,277,12058750,51
2,136316A,276,11165000,84
3,136316A,275,10080000,47
4,136316A,274,9460625,52
5,136316A,279,14800625,95
6,136316A,273,8646875,57
7,136316A,272,8023750,89
8,136316A,271,7245625,122
9,136316A,270,6693750,107
10,136316A,269,6212500,46
11,136316A,268,5700625,103
12,136316A,267,5316250,39
13,136316A,266,4781250,28
14,136316A,265,4338125,11
15,136316A,264,4077500,16
16,136316A,263,3701875,6
17,136316A,262,3398125,7
18,136316A,261,3173125,9
19,136316A,260,2928125,14
20,136316A,259,2729375,22
21,136316A,258,2439375,17
22,136316A,257,0,1
23,136316A,280,15725000,95
24,136316A,281,11790625,3
25,136316A,282,0,0
26,136316A,283,0,0
27,136316A,285,0,0
0,229102A,351,4405000,38
1,229102A,352,4498125,41
2,229102A,353,4641250,61
3,229102A,350,4364375,41
4,229102A,349,4186250,38
5,229102A,348,4070625,57
6,229102A,354,4767500,34
7,229102A,355,4858750,25
8,229102A,356,4946875,28
9,229102A,357,5078750,42
10,229102A,358,5118125,25
11,229102A,359,5195000,32
12,229102A,360,5271250,8
13,229102A,347,3924375,25
14,229102A,361,5283750,9
15,229102A,362,5346875,8
16,229102A,363,5350625,13
17,229102A,346,307500,4
18,229102A,345,38750,3
0,155.1,1147,6368125,416
1,155.1,1148,7186250,402
2,155.1,1149,9771875,99
3,155.1,1150,10695625,145
4,155.1,1146,4959375,17
5,155.1,1145,0,1
6,155.1,1144,0,0
0,229111A,360,126875,48
1,229111A,359,125625,65
2,229111A,358,124375,58
3,229111A,357,114375,27
4,229111A,356,108125,20
5,229111A,355,114375,10
6,229111A,354,95625,8
7,229111A,361,131250,52
8,229111A,362,128125,53
9,229111A,363,137500,163
10,229111A,364,0,3
11,229111A,353,0,1
12,229111A,352,70000,3
13,229111A,351,0,2
14,229111A,350,72500,2
15,229111A,349,70000,3
16,229111A,348,60000,2
17,229111A,347,51875,6
18,229111A,346,1250,2
19,229111A,345,41875,4
20,229111A,344,1875,1
21,229111A,343,0,0
0,sp-o11454,215,4238750,37
1,sp-o11454,214,3865000,44
2,sp-o11454,213,3580000,37
3,sp-o11454,212,3209375,61
4,sp-o11454,216,4591250,38
5,sp-o11454,217,5038750,105
6,sp-o11454,218,5338125,55
7,sp-o11454,219,5728125,54
8,sp-o11454,220,6163750,47
9,sp-o11454,211,2915625,46
10,sp-o11454,210,2565625,75
11,sp-o11454,209,2318750,70
12,sp-o11454,208,2032500,69
13,sp-o11454,207,1708125,32
14,sp-o11454,206,1487500,75
15,sp-o11454,205,1243125,24
16,sp-o11454,223,7490000,7
17,sp-o11454,222,7239375,87
18,sp-o11454,224,0,0
19,sp-o11454,221,6614375,31
0,RE704,9,5076875,110
1,RE704,8,4772500,93
2,RE704,7,4390000,72
3,RE704,10,5356875,100
4,RE704,11,5528750,55
5,RE704,6,4051250,36
6,RE704,5,3485000,12
7,RE704,4,0,2
8,RE704,22,0,0
0,LAURISTON,477,1718750,103
1,LAURISTON,476,1587500,117
2,LAURISTON,478,1822500,89
3,LAURISTON,479,1923125,76
4,LAURISTON,475,1468125,44
5,LAURISTON,474,1339375,29
6,LAURISTON,473,1230000,18
7,LAURISTON,472,1142500,19
8,LAURISTON,471,883125,8
9,LAURISTON,470,916250,6
10,LAURISTON,469,625,2
11,LAURISTON,468,0,4
0,120211A,562,7711875,280
1,120211A,563,0,4
2,120211A,561,7351875,60
3,120211A,560,7120625,35
4,120211A,559,6679375,9
5,120211A,558,6443750,20
6,120211A,557,6104375,3
7,120211A,556,5736875,9
8,120211A,555,5343125,2
9,120211A,554,5140000,3
10,120211A,553,0,1
11,120211A,552,4616875,8
12,120211A,551,4228750,7
13,120211A,550,3912500,5
14,120211A,549,3359375,2
15,120211A,548,3135625,15
16,120211A,547,2895000,14
17,120211A,546,2621250,33
18,120211A,545,2414375,34
19,120211A,544,2131875,11
20,120211A,543,1923750,4
21,120211A,542,1778750,4
22,120211A,564,0,0
0,410573,387,33850625,56
1,410573,386,31851875,68
2,410573,385,32575625,74
3,410573,384,30796875,69
4,410573,383,33464375,119
5,410573,382,36396875,74
6,410573,388,34533750,75
7,410573,389,35005625,68
8,410573,390,36715000,25
9,410573,391,0,0
10,410573,381,23748750,2
11,410573,380,0,0
0,229407A,166,1628750,148
1,229407A,165,1585000,170
2,229407A,164,1530000,147
3,229407A,163,1476875,197
4,229407A,167,1136250,5
5,229407A,162,1414375,181
6,229407A,161,1348125,160
7,229407A,160,1294375,41
0,418.1,949,57523125,167
1,418.1,948,53970000,72
2,418.1,950,60235000,359
3,418.1,951,62253750,329
4,418.1,947,49636250,65
5,418.1,952,63138750,88
0,419069,518,5284375,140
1,419069,517,5042500,33
2,419069,519,5486250,8
3,419069,520,5740000,5
4,419069,516,4740625,40
5,419069,515,4589375,21
6,419069,514,4335000,29
7,419069,513,4086875,37
8,419069,512,3908125,43
9,419069,511,3706250,53
10,419069,510,3531250,67
11,419069,509,3305000,52
12,419069,508,3039375,15
13,419069,507,2755625,10
14,419069,506,2525000,12
15,419069,505,2387500,10
16,419069,521,5790000,3
17,419069,522,6053750,4
18,419069,523,6324375,11
19,419069,524,6542500,31
20,419069,525,6537500,7
0,225256A,423,13156875,41
1,225256A,422,13041250,28
2,225256A,421,12878125,23
3,225256A,420,12685625,29
4,225256A,419,12530625,40
5,225256A,418,12375625,42
6,225256A,417,10640000,18
7,225256A,416,11947500,22
8,225256A,415,11734375,17
9,225256A,414,11534375,31
10,225256A,424,13326250,27
11,225256A,425,13345000,17
12,225256A,426,13532500,11
13,225256A,427,13609375,18
14,225256A,413,11354375,25
15,225256A,412,11195625,7
16,225256A,411,11126875,12
17,225256A,410,11330000,9
18,225256A,409,10621875,6
19,225256A,408,10601250,9
20,225256A,407,10520000,11
21,225256A,406,8644375,3
22,225256A,405,10153125,8
23,225256A,404,9210625,8
24,225256A,403,9858750,9
25,225256A,402,9673750,11
26,225256A,401,9395625,10
27,225256A,400,9846250,10
28,225256A,399,3750,10
29,225256A,398,8917500,16
30,225256A,397,8807500,44
31,225256A,396,8576250,31
32,225256A,395,8424375,19
33,225256A,394,8538125,23
34,225256A,393,8027500,23
35,225256A,392,6875,12
36,225256A,391,0,3
37,225256A,428,12867500,13
38,225256A,429,13788750,27
39,225256A,430,13906875,15
40,225256A,431,13969375,31
41,225256A,432,14129375,25
42,225256A,433,14187500,22
43,225256A,434,14284375,19
44,225256A,435,14348750,21
45,225256A,436,14460000,26
46,225256A,437,14501875,12
47,225256A,438,14576875,19
48,225256A,439,14600000,44
49,225256A,440,14731875,39
50,225256A,441,14743125,43
51,225256A,442,14871875,15
52,225256A,443,14968750,17
53,225256A,444,15026250,25
54,225256A,445,15158125,21
0,418035,570,43786875,5
1,418035,569,42581875,1
2,418035,568,0,0
3,418035,567,37010000,1
4,418035,566,40702500,2
5,418035,565,35473750,1
6,418035,564,38561250,23
7,418035,563,38163125,11
8,418035,562,37048750,5
9,418035,561,36183750,2
10,418035,560,35363125,2
11,418035,559,35106875,16
12,418035,558,33850625,10
13,418035,557,33200000,9
14,418035,556,32352500,18
15,418035,555,31640000,22
16,418035,554,30852500,19
17,418035,553,29991250,10
18,418035,552,28543125,4
19,418035,551,25530625,1
20,418035,550,27577500,5
21,418035,549,26688750,4
22,418035,548,25933750,5
23,418035,547,25166250,28
24,418035,546,24309375,7
25,418035,545,23464375,20
26,418035,544,22468750,8
27,418035,543,21916250,17
28,418035,542,21015000,56
29,418035,541,20228125,51
30,418035,540,19410625,28
31,418035,539,18258750,9
32,418035,538,18016875,21
33,418035,537,17261250,31
34,418035,536,16360000,18
35,418035,535,15674375,16
36,418035,534,15029375,11
37,418035,533,14151250,12
38,418035,532,13336875,25
39,418035,531,12900625,13
40,418035,530,12103750,21
41,418035,529,11483125,16
42,418035,528,10810000,4
43,418035,527,9659375,1
44,418035,526,9194375,4
45,418035,525,9256250,8
46,418035,524,10000,3
47,418035,571,44168750,5
48,418035,572,44518125,8
0,SANDHURST,335,248750,147
1,SANDHURST,334,245000,157
2,SANDHURST,333,236250,99
3,SANDHURST,336,232500,7
4,SANDHURST,332,209375,40
5,SANDHURST,331,188125,26
6,SANDHURST,330,170000,14
7,SANDHURST,329,148125,11
8,SANDHURST,328,111250,7
9,SANDHURST,327,121875,7
10,SANDHURST,325,0,0
11,SANDHURST,324,0,0
12,SANDHURST,326,101250,4
0,219027,102,645000,665
1,219027,101,620625,95
2,219027,100,588125,54
3,219027,99,525000,37
4,219027,103,595000,6
5,219027,98,471875,23
6,219027,97,464375,21
7,219027,96,371875,13
8,219027,95,80000,10
9,219027,94,285000,17
10,219027,93,240625,28
11,219027,92,216250,31
12,219027,91,215000,10
13,219027,90,105000,3
14,219027,89,105000,7
15,219027,104,0,0
16,219027,105,0,0
17,219027,106,200625,1
0,742.1,96,17086875,276
1,742.1,97,17198750,105
2,742.1,95,17219375,271
3,742.1,94,16909375,161
4,742.1,93,9408125,38
5,742.1,98,150625,19
6,742.1,99,0,2
7,742.1,100,0,0
8,742.1,92,0,0
0,MALMSBURY,447,2249375,70
1,MALMSBURY,448,2315625,15
2,MALMSBURY,449,2807500,5
3,MALMSBURY,446,1985625,22
4,MALMSBURY,445,1713125,39
5,MALMSBURY,444,1575625,71
6,MALMSBURY,443,1303750,84
7,MALMSBURY,442,1040625,64
8,MALMSBURY,441,700625,55
9,MALMSBURY,440,567500,18
10,MALMSBURY,439,374375,33
11,MALMSBURY,438,270625,40
0,401565,1201,451875,24
1,401565,1200,428750,13
2,401565,1199,416250,18
3,401565,1198,380625,18
4,401565,1202,480625,15
5,401565,1195,356250,16
6,401565,1192,298125,24
7,401565,1191,281250,43
8,401565,1190,251875,58
9,401565,1189,241250,55
10,401565,1188,61250,2
11,401565,1193,343750,19
12,401565,1194,354375,11
13,401565,1196,359375,17
14,401565,1197,440625,14
15,401565,1204,513125,27
16,401565,1205,548750,36
17,401565,1203,496250,19
18,401565,1206,565625,21
19,401565,1208,585625,31
20,401565,1209,628750,19
21,401565,1207,570000,19
22,401565,1210,631875,23
23,401565,1211,661250,30
24,401565,1212,692500,35
25,401565,1213,721250,68
26,401565,1214,740625,52
27,401565,1215,771875,17
28,401565,1216,744375,8
29,401565,1218,0,0
30,401565,1217,0,0
0,DAM_MARDI.1,40,578125,106
1,DAM_MARDI.1,39,551250,75
2,DAM_MARDI.1,38,538125,63
3,DAM_MARDI.1,37,508125,53
4,DAM_MARDI.1,36,491250,47
5,DAM_MARDI.1,35,470625,64
6,DAM_MARDI.1,34,434375,55
7,DAM_MARDI.1,33,411250,57
8,DAM_MARDI.1,32,390625,36
9,DAM_MARDI.1,31,357500,17
10,DAM_MARDI.1,41,0,0
11,DAM_MARDI.1,30,343750,4
12,DAM_MARDI.1,29,305625,3
13,DAM_MARDI.1,28,0,1
0,RE670,482,244375,38
1,RE670,481,166875,50
2,RE670,483,256875,20
3,RE670,484,323125,14
4,RE670,485,301250,22
5,RE670,486,398125,29
6,RE670,487,473750,13
7,RE670,488,533750,17
8,RE670,489,548750,21
9,RE670,490,637500,16
10,RE670,491,676250,42
11,RE670,492,735000,23
12,RE670,493,790000,48
13,RE670,480,115625,84
14,RE670,479,90000,56
15,RE670,478,43125,11
16,RE670,494,686875,10
0,RE604,337,663750,22
1,RE604,338,0,0
2,RE604,339,0,1
3,RE604,340,753750,1
4,RE604,341,0,0
5,RE604,342,0,0
6,RE604,343,491250,11
7,RE604,344,473750,14
8,RE604,345,756250,15
9,RE604,346,737500,20
10,RE604,347,697500,11
11,RE604,348,692500,6
12,RE604,349,503125,10
13,RE604,350,501250,4
14,RE604,351,491250,4
15,RE604,352,0,3
16,RE604,353,727500,7
17,RE604,354,691875,259
18,RE604,355,745625,96
19,RE604,356,756250,23
0,138121A,216,3370625,357
1,138121A,217,3350000,186
2,138121A,215,3367500,114
3,138121A,214,3228125,83
4,138121A,213,3130000,119
5,138121A,212,3031875,53
6,138121A,211,2942500,52
7,138121A,210,2851875,50
8,138121A,209,2791875,60
9,138121A,208,2713750,34
10,138121A,207,2575625,32
11,138121A,218,0,1
12,138121A,206,2498125,21
0,ODSS_21140_WSLAHD.1,186,1818125,85
1,ODSS_21140_WSLAHD.1,185,1738125,71
2,ODSS_21140_WSLAHD.1,184,1678125,87
3,ODSS_21140_WSLAHD.1,183,1571250,43
4,ODSS_21140_WSLAHD.1,187,1868750,30
5,ODSS_21140_WSLAHD.1,188,1932500,65
6,ODSS_21140_WSLAHD.1,189,1994375,37
7,ODSS_21140_WSLAHD.1,190,2035000,19
8,ODSS_21140_WSLAHD.1,191,2062500,18
9,ODSS_21140_WSLAHD.1,192,2103125,32
10,ODSS_21140_WSLAHD.1,193,2228125,29
11,ODSS_21140_WSLAHD.1,182,1517500,39
12,ODSS_21140_WSLAHD.1,181,1456250,19
13,ODSS_21140_WSLAHD.1,180,15000,5
14,ODSS_21140_WSLAHD.1,194,2193750,23
15,ODSS_21140_WSLAHD.1,195,2235625,19
16,ODSS_21140_WSLAHD.1,196,2259375,16
17,ODSS_21140_WSLAHD.1,197,2243125,8
18,ODSS_21140_WSLAHD.1,198,0,0
19,ODSS_21140_WSLAHD.1,199,0,0
0,158.1,125,1072500,657
1,158.1,126,1102500,202
2,158.1,127,1300625,57
3,158.1,124,1043750,105
4,158.1,123,900625,24
5,158.1,122,8750,8
6,158.1,121,371250,5
7,158.1,120,37500,4
8,158.1,119,555000,9
9,158.1,128,64375,6
10,158.1,118,625,2
11,158.1,129,10625,1
12,158.1,117,0,0
13,158.1,130,0,0
0,130314B,201,3705000,16
1,130314B,200,3243125,26
2,130314B,199,2868125,25
3,130314B,198,2501875,30
4,130314B,202,4185000,27
5,130314B,203,4646250,32
6,130314B,197,2083125,97
7,130314B,196,1736875,20
8,130314B,205,5493750,7
9,130314B,206,5843125,3
10,130314B,207,5815000,2
11,130314B,204,5129375,14
12,130314B,195,1601875,8
13,130314B,208,7372500,3
14,130314B,210,8138125,14
15,130314B,213,10587500,64
16,130314B,214,11218125,62
17,130314B,215,11632500,33
18,130314B,216,11808750,7
19,130314B,212,9911875,44
20,130314B,211,9142500,36
21,130314B,209,7565625,5
0,401570,1096,341875,82
1,401570,1097,343750,79
2,401570,1099,344375,72
3,401570,1098,341875,84
4,401570,1093,336250,68
5,401570,1091,326250,61
6,401570,1095,333125,105
7,401570,1094,334375,66
8,401570,1100,340625,55
9,401570,1101,340625,38
10,401570,1092,334375,78
11,401570,1090,328125,64
12,401570,1088,317500,54
13,401570,1089,321875,56
14,401570,1085,306875,41
15,401570,1086,310000,53
16,401570,1087,315625,50
17,401570,1084,299375,42
18,401570,1083,290000,29
19,401570,1082,290000,10
20,401570,1081,0,2
21,401570,1102,345625,21
22,401570,1079,0,1
23,401570,1077,5000,1
24,401570,1080,0,2
25,401570,1078,0,0
26,401570,1103,343125,5
27,401570,1104,0,0
0,228224A,155,2874375,59
1,228224A,154,2690000,91
2,228224A,156,2953750,50
3,228224A,153,2584375,142
4,228224A,152,2438125,53
5,228224A,151,2215625,13
6,228224A,157,2991250,114
7,228224A,158,56250,6
0,MCCAY,407,171875,191
1,MCCAY,406,158750,163
2,MCCAY,405,139375,65
3,MCCAY,408,184375,24
4,MCCAY,404,119375,46
5,MCCAY,403,110000,24
6,MCCAY,402,86875,3
0,410748,663,5511250,118
1,410748,662,5500625,121
2,410748,661,5303125,20
3,410748,660,4971875,6
4,410748,659,4921875,11
5,410748,658,4722500,25
6,410748,657,4535000,20
7,410748,656,4426875,17
8,410748,655,4336250,20
9,410748,654,4141250,11
10,410748,653,4017500,41
11,410748,652,3764375,35
12,410748,651,3602500,27
13,410748,650,3451250,29
14,410748,649,3186250,19
15,410748,648,3080625,40
16,410748,647,2932500,28
17,410748,646,2756250,24
18,410748,664,0,0
0,136210A,307,17575000,72
1,136210A,306,16213125,37
2,136210A,305,15049375,28
3,136210A,308,0,2
4,136210A,304,13854375,23
5,136210A,303,11590625,64
6,136210A,302,9610000,50
7,136210A,301,7852500,33
8,136210A,300,6860625,21
9,136210A,299,6335000,66
10,136210A,298,5425625,41
11,136210A,297,4065625,16
12,136210A,296,3088125,21
13,136210A,295,2477500,34
14,136210A,294,1942500,17
15,136210A,293,1106250,30
16,136210A,292,877500,22
17,136210A,291,548125,2
18,136210A,309,0,0
19,136210A,311,0,0
20,136210A,310,0,0
0,562.1,479,6766250,42
1,562.1,478,6428750,38
2,562.1,477,5383125,24
3,562.1,476,5348125,30
4,562.1,475,4880625,19
5,562.1,474,4999375,18
6,562.1,473,16250,8
7,562.1,472,3032500,2
8,562.1,471,224375,5
9,562.1,480,7111875,35
10,562.1,481,7238750,37
11,562.1,482,7393750,32
12,562.1,483,7593750,29
13,562.1,484,7738125,22
14,562.1,485,7815625,39
15,562.1,486,7885000,26
16,562.1,487,7939375,42
17,562.1,488,7930000,30
18,562.1,470,0,2
19,562.1,469,467500,2
20,562.1,468,1710000,3
21,562.1,467,1572500,10
0,410131,350,30717500,32
1,410131,351,31399375,27
2,410131,349,28652500,62
3,410131,348,27802500,41
4,410131,347,26507500,69
5,410131,346,25236250,151
6,410131,345,24278750,129
7,410131,344,23490625,41
8,410131,343,21895000,67
9,410131,352,32925625,37
10,410131,353,34513125,57
11,410131,354,36306875,34
12,410131,355,37601250,33
13,410131,356,39220000,29
14,410131,357,41555000,13
15,410131,358,43251875,13
16,410131,359,45310625,22
17,410131,342,20620000,30
18,410131,341,19853750,52
19,410131,340,17600625,14
20,410131,339,17806250,28
21,410131,338,16621875,64
22,410131,337,8635000,3
23,410131,336,14381250,6
24,410131,335,13075000,3
25,410131,334,10212500,4
26,410131,333,0,1
27,410131,332,0,0
28,410131,331,3789375,2
29,410131,330,0,0
30,410131,329,0,3
31,410131,328,0,0
32,410131,327,8370000,5
33,410131,326,8643750,4
34,410131,325,0,0
35,410131,324,0,0
36,410131,323,7195625,7
37,410131,360,46985625,41
38,410131,361,48276250,61
39,410131,362,36646875,3
40,410131,363,0,0
0,130360A,252,46250,174
1,130360A,255,287500,5
2,130360A,257,520000,7
3,130360A,258,689375,10
4,130360A,256,383125,9
5,130360A,254,196250,2
6,130360A,253,106875,12
7,130360A,259,960000,14
8,130360A,260,1225625,17
9,130360A,265,2310000,120
10,130360A,264,2186250,68
11,130360A,263,1994375,59
12,130360A,262,1779375,50
13,130360A,261,1540000,28
14,130360A,266,0,0
0,sp-o10334,265,61820000,19
1,sp-o10334,264,59428750,14
2,sp-o10334,263,57815625,9
3,sp-o10334,262,54261250,16
4,sp-o10334,261,52395000,9
5,sp-o10334,260,51416875,20
6,sp-o10334,259,49650000,37
7,sp-o10334,258,46993125,12
8,sp-o10334,257,44410625,11
9,sp-o10334,256,43361875,15
10,sp-o10334,255,40993750,6
11,sp-o10334,254,38762500,8
12,sp-o10334,253,36329375,9
13,sp-o10334,252,36120000,9
14,sp-o10334,266,63181875,11
15,sp-o10334,267,65438750,10
16,sp-o10334,268,67548750,16
17,sp-o10334,269,69829375,17
18,sp-o10334,270,71798750,16
19,sp-o10334,271,73207500,5
20,sp-o10334,272,75985625,10
21,sp-o10334,273,78954375,6
22,sp-o10334,274,80843750,10
23,sp-o10334,251,34203750,9
24,sp-o10334,250,0,2
25,sp-o10334,249,26970625,2
26,sp-o10334,248,28641875,4
27,sp-o10334,247,17533750,7
28,sp-o10334,246,25392500,2
29,sp-o10334,245,13984375,1
30,sp-o10334,244,0,1
31,sp-o10334,243,18125,2
32,sp-o10334,275,83555000,15
33,sp-o10334,276,86112500,15
34,sp-o10334,277,88250625,16
35,sp-o10334,278,91634375,10
36,sp-o10334,279,94668125,10
37,sp-o10334,280,96280000,25
38,sp-o10334,281,99197500,20
39,sp-o10334,282,101153125,15
40,sp-o10334,283,103547500,21
41,sp-o10334,284,106189375,17
42,sp-o10334,285,109980000,13
43,sp-o10334,286,112641250,8
44,sp-o10334,287,114805625,15
45,sp-o10334,288,115256250,9
0,222540,901,23512500,49
1,222540,900,23053125,143
2,222540,899,22328750,154
3,222540,898,21525625,66
4,222540,902,24171250,36
5,222540,903,24890625,60
6,222540,904,25406250,119
7,222540,905,26048125,193
8,222540,906,26549375,186
9,222540,907,26941875,41
10,222540,897,20911250,70
11,222540,896,20112500,65
12,222540,895,19373750,28
13,222540,909,19563125,1
14,222540,910,0,1
15,222540,908,14117500,7
0,410784,567,556250,1183
1,410784,568,567500,40
0,sp-o10438,124,3401250,995
1,sp-o10438,123,3357500,87
0,M316,9,22124375,99
1,M316,10,23263125,116
2,M316,8,0,1
3,M316,11,24471250,142
4,M316,12,25080625,221
5,M316,13,0,0
0,410543,1209,4017500,38
1,410543,1208,3715000,57
2,410543,1207,3156875,88
3,410543,1206,2776250,289
4,410543,1210,4585000,35
5,410543,1211,4909375,25
6,410543,1212,5332500,39
7,410543,1213,5886250,91
8,410543,1214,6351250,82
9,410543,1215,6734375,122
10,410543,1216,7166875,85
11,410543,1217,8005000,37
12,410543,1205,2415625,63
13,410543,1218,8778125,47
14,410543,1219,9557500,38
15,410543,1220,10155000,30
16,410543,1221,10813750,26
17,410543,1222,11526875,13
18,410543,1223,0,6
19,410543,1224,13356875,8
