,ID,Depth,Surface Area,Number of images
0,MCCAY,399.0,17500.0,
1,MCCAY,400.0,40625.0,
2,MCCAY,401.0,63750.0,
3,MCCAY,402.0,86875.0,3.0
4,MCCAY,402.0,86875.0,
5,MCCAY,403.0,110000.0,24.0
6,MCCAY,404.0,119375.0,46.0
7,MCCAY,405.0,139375.0,65.0
8,MCCAY,406.0,158750.0,163.0
9,MCCAY,407.0,171875.0,191.0
10,MCCAY,408.0,184375.0,24.0
11,MCCAY,408.0,184375.0,
12,MCCAY,409.0,196875.0,
13,MCCAY,410.0,209375.0,
14,410742,912.0,266875.0,
15,410742,913.0,356250.0,
16,410742,914.0,445625.0,
17,410742,915.0,535000.0,
18,410742,916.0,624375.0,6.0
19,410742,916.0,624375.0,
20,410742,917.0,713750.0,
21,410742,918.0,803125.0,12.0
22,410742,919.0,811093.75,
23,410742,920.0,819062.5,
24,410742,921.0,827031.25,
25,410742,922.0,835000.0,11.0
26,410742,923.0,851250.0,
27,410742,924.0,867500.0,7.0
28,410742,925.0,938125.0,
29,410742,926.0,1008750.0,48.0
30,410742,927.0,1055000.0,
31,410742,928.0,1101250.0,34.0
32,410742,929.0,1156562.5,
33,410742,930.0,1211875.0,54.0
34,410742,931.0,1237187.5,
35,410742,932.0,1262500.0,36.0
36,410742,933.0,1329062.5,
37,410742,934.0,1395625.0,77.0
38,410742,935.0,1464062.5,
39,410742,936.0,1532500.0,80.0
40,410742,937.0,1565937.5,
41,410742,938.0,1599375.0,59.0
42,410742,939.0,1648125.0,
43,410742,940.0,1696875.0,86.0
44,410742,941.0,1742187.5,
45,410742,942.0,1787500.0,140.0
46,410742,943.0,1851250.0,
47,410742,944.0,1915000.0,117.0
48,410742,945.0,1980000.0,
49,410742,946.0,2045000.0,75.0
50,410742,947.0,2079062.5,
51,410742,948.0,2113125.0,72.0
52,410742,949.0,2162187.5,
53,410742,950.0,2211250.0,80.0
54,410742,951.0,2268437.5,
55,410742,952.0,2325625.0,55.0
56,410742,953.0,2382187.5,
57,410742,954.0,2438750.0,144.0
58,410742,954.0,2438750.0,
59,410742,955.0,2495312.5,
60,410742,956.0,2551875.0,
61,410742,957.0,2608437.5,
62,410742,958.0,2665000.0,
63,410742,959.0,2721562.5,
64,229406A,175.0,3380000.0,
65,229406A,176.0,3575000.0,
66,229406A,177.0,3770000.0,136.0
67,229406A,177.0,3770000.0,
68,229406A,178.0,3965000.0,58.0
69,229406A,179.0,4282500.0,79.0
70,229406A,180.0,4551875.0,168.0
71,229406A,181.0,4800625.0,139.0
72,229406A,182.0,4944375.0,464.0
73,229406A,182.0,4944375.0,
74,229406A,183.0,5088125.0,
75,229406A,184.0,5231875.0,
76,229406A,185.0,5375625.0,
77,143048A,84.0,4375.0,
78,143048A,85.0,18125.0,
79,143048A,86.0,31875.0,16.0
80,143048A,86.0,31875.0,
81,143048A,87.0,45625.0,82.0
82,143048A,88.0,54375.0,7.0
83,143048A,89.0,57500.0,
84,143048A,90.0,60625.0,3.0
85,143048A,91.0,81250.0,61.0
86,143048A,92.0,99375.0,291.0
87,143048A,93.0,114375.0,55.0
88,143048A,94.0,117187.5,
89,143048A,95.0,120000.0,
90,143048A,95.0,120000.0,67.0
91,143048A,96.0,122812.5,
92,143048A,97.0,125625.0,
93,143048A,98.0,128437.5,
94,410572A,533.0,13963125.0,
95,410572A,534.0,14145625.0,
96,410572A,535.0,14328125.0,
97,410572A,536.0,14510625.0,
98,410572A,537.0,14693125.0,
99,410572A,537.0,14693125.0,13.0
100,410572A,538.0,14875625.0,31.0
101,410572A,539.0,15005000.0,56.0
102,410572A,540.0,15148750.0,115.0
103,410572A,541.0,15176875.0,217.0
104,410572A,542.0,15210625.0,
105,410572A,542.0,15210625.0,270.0
106,410572A,543.0,15244375.0,
107,410572A,544.0,15278125.0,
108,410572A,545.0,15311875.0,
109,410572A,546.0,15345625.0,
110,410572A,547.0,15379375.0,
111,135009A,48.0,2911250.0,
112,135009A,49.0,2990000.0,
113,135009A,50.0,3068750.0,
114,135009A,51.0,3147500.0,23.0
115,135009A,51.0,3147500.0,
116,135009A,52.0,3226250.0,
117,135009A,53.0,3305000.0,6.0
118,135009A,54.0,4527500.0,
119,135009A,55.0,5750000.0,6.0
120,135009A,56.0,6795937.5,
121,135009A,57.0,7841875.0,12.0
122,135009A,58.0,9738437.5,
123,135009A,59.0,11635000.0,72.0
124,135009A,60.0,12770625.0,
125,135009A,61.0,13906250.0,41.0
126,135009A,62.0,16086250.0,
127,135009A,63.0,18266250.0,66.0
128,135009A,64.0,19640312.5,
129,135009A,65.0,21014375.0,124.0
130,135009A,66.0,23701562.5,
131,135009A,67.0,26388750.0,64.0
132,135009A,68.0,28313750.0,
133,135009A,69.0,30238750.0,105.0
134,135009A,70.0,31708437.5,
135,135009A,71.0,33178125.0,48.0
136,135009A,72.0,38251250.0,
137,135009A,73.0,43324375.0,280.0
138,135009A,74.0,44495625.0,
139,135009A,75.0,45666875.0,310.0
140,135009A,75.0,45666875.0,
141,135009A,76.0,46838125.0,
142,135009A,77.0,48009375.0,
143,135009A,78.0,49180625.0,
144,135009A,79.0,50351875.0,
145,135009A,80.0,51523125.0,
146,sp-o10926,522.0,-6875.0,
147,sp-o10926,523.0,31250.0,
148,sp-o10926,524.0,69375.0,1.0
149,sp-o10926,524.0,69375.0,
150,sp-o10926,525.0,107500.0,11.0
151,sp-o10926,526.0,275625.0,41.0
152,sp-o10926,527.0,346875.0,70.0
153,sp-o10926,528.0,446875.0,60.0
154,sp-o10926,529.0,506875.0,119.0
155,sp-o10926,530.0,568125.0,98.0
156,sp-o10926,531.0,620625.0,143.0
157,sp-o10926,532.0,638750.0,
158,sp-o10926,532.0,638750.0,8.0
159,sp-o10926,533.0,656875.0,
160,sp-o10926,534.0,675000.0,
161,sp-o10926,535.0,693125.0,
162,sp-o10926,536.0,711250.0,
163,sp-o10926,537.0,729375.0,
164,TAYLORS,134.0,1290000.0,
165,TAYLORS,135.0,1635000.0,
166,TAYLORS,136.0,1980000.0,
167,TAYLORS,137.0,2325000.0,35.0
168,TAYLORS,137.0,2325000.0,
169,TAYLORS,138.0,2670000.0,74.0
170,TAYLORS,139.0,3025625.0,105.0
171,TAYLORS,140.0,3221250.0,139.0
172,TAYLORS,141.0,3442500.0,208.0
173,TAYLORS,142.0,3718750.0,199.0
174,TAYLORS,143.0,4110000.0,148.0
175,TAYLORS,144.0,4676875.0,134.0
176,TAYLORS,145.0,5228750.0,
177,TAYLORS,145.0,5228750.0,13.0
178,TAYLORS,146.0,5780625.0,
179,TAYLORS,147.0,6332500.0,
180,TAYLORS,148.0,6884375.0,
181,401565,1185.0,152812.5,
182,401565,1186.0,175625.0,
183,401565,1187.0,198437.5,
184,401565,1188.0,221250.0,
185,401565,1189.0,244062.5,
186,401565,1190.0,266875.0,101.0
187,401565,1190.0,266875.0,
188,401565,1191.0,289687.5,
189,401565,1192.0,312500.0,43.0
190,401565,1193.0,331875.0,
191,401565,1194.0,351250.0,27.0
192,401565,1195.0,365000.0,
193,401565,1196.0,378750.0,31.0
194,401565,1197.0,391250.0,
195,401565,1198.0,403750.0,36.0
196,401565,1199.0,425312.5,
197,401565,1200.0,446875.0,37.0
198,401565,1201.0,461562.5,
199,401565,1202.0,476250.0,34.0
200,401565,1203.0,508437.5,
201,401565,1204.0,540625.0,63.0
202,401565,1205.0,554375.0,
203,401565,1206.0,568125.0,40.0
204,401565,1207.0,587500.0,
205,401565,1208.0,606875.0,50.0
206,401565,1209.0,630625.0,
207,401565,1210.0,654375.0,53.0
208,401565,1211.0,684375.0,
209,401565,1212.0,714375.0,103.0
210,401565,1213.0,734062.5,
211,401565,1214.0,753750.0,
212,401565,1214.0,753750.0,69.0
213,401565,1215.0,773437.5,
214,401565,1216.0,793125.0,
215,401565,1217.0,812812.5,
216,401565,1218.0,832500.0,
217,401565,1219.0,852187.5,
218,M309,145.0,692500.0,
219,M309,146.0,725625.0,
220,M309,147.0,758750.0,
221,M309,148.0,791875.0,7.0
222,M309,148.0,791875.0,
223,M309,149.0,825000.0,7.0
224,M309,150.0,958125.0,20.0
225,M309,151.0,1014375.0,17.0
226,M309,152.0,1063750.0,21.0
227,M309,153.0,1162500.0,48.0
228,M309,154.0,1223750.0,68.0
229,M309,155.0,1280625.0,96.0
230,M309,156.0,1328125.0,
231,M309,156.0,1328125.0,325.0
232,M309,157.0,1375625.0,
233,M309,158.0,1423125.0,
234,M309,159.0,1470625.0,
235,419069,498.0,1425000.0,
236,419069,499.0,1562500.0,
237,419069,500.0,1700000.0,
238,419069,501.0,1837500.0,
239,419069,502.0,1975000.0,
240,419069,503.0,2112500.0,
241,419069,504.0,2250000.0,
242,419069,505.0,2387500.0,
243,419069,505.0,2387500.0,10.0
244,419069,506.0,2525000.0,12.0
245,419069,507.0,2755625.0,10.0
246,419069,508.0,3039375.0,15.0
247,419069,509.0,3305000.0,52.0
248,419069,510.0,3531250.0,67.0
249,419069,511.0,3706250.0,53.0
250,419069,512.0,3908125.0,43.0
251,419069,513.0,4086875.0,37.0
252,419069,514.0,4335000.0,29.0
253,419069,515.0,4589375.0,21.0
254,419069,516.0,4740625.0,40.0
255,419069,517.0,5042500.0,33.0
256,419069,518.0,5284375.0,140.0
257,419069,519.0,5486250.0,8.0
258,419069,520.0,5740000.0,5.0
259,419069,521.0,5790000.0,3.0
260,419069,522.0,6057187.5,
261,419069,523.0,6324375.0,11.0
262,419069,524.0,6542500.0,
263,419069,524.0,6542500.0,31.0
264,419069,525.0,6760625.0,
265,419069,526.0,6978750.0,
266,419069,527.0,7196875.0,
267,419069,528.0,7415000.0,
268,419069,529.0,7633125.0,
269,418035,519.0,5138437.5,
270,418035,520.0,5808125.0,
271,418035,521.0,6477812.5,
272,418035,522.0,7147500.0,
273,418035,523.0,7817187.5,
274,418035,524.0,8486875.0,
275,418035,525.0,9156562.5,
276,418035,526.0,9826250.0,5.0
277,418035,526.0,9826250.0,
278,418035,527.0,10495937.5,
279,418035,528.0,11165625.0,20.0
280,418035,529.0,11861562.5,
281,418035,530.0,12557500.0,34.0
282,418035,531.0,13158125.0,
283,418035,532.0,13758750.0,37.0
284,418035,533.0,14608125.0,
285,418035,534.0,15457500.0,27.0
286,418035,535.0,16239062.5,
287,418035,536.0,17020625.0,49.0
288,418035,537.0,17570625.0,
289,418035,538.0,18120625.0,30.0
290,418035,539.0,19080312.5,
291,418035,540.0,20040000.0,79.0
292,418035,541.0,20679375.0,
293,418035,542.0,21318750.0,73.0
294,418035,543.0,22338750.0,
295,418035,544.0,23358750.0,28.0
296,418035,545.0,24237812.5,
297,418035,546.0,25116875.0,35.0
298,418035,547.0,25953750.0,
299,418035,548.0,26790625.0,9.0
300,418035,549.0,27095937.5,
301,418035,550.0,27401250.0,6.0
302,418035,551.0,28697500.0,
303,418035,552.0,29993750.0,14.0
304,418035,553.0,30713125.0,
305,418035,554.0,31432500.0,41.0
306,418035,555.0,32119062.5,
307,418035,556.0,32805625.0,27.0
308,418035,557.0,33859375.0,
309,418035,558.0,34913125.0,26.0
310,418035,559.0,35591562.5,
311,418035,560.0,36270000.0,4.0
312,418035,561.0,37163750.0,
313,418035,562.0,38057500.0,16.0
314,418035,563.0,38334062.5,
315,418035,564.0,38610625.0,24.0
316,418035,565.0,39804062.5,
317,418035,566.0,40997500.0,3.0
318,418035,567.0,41789687.5,
319,418035,568.0,42581875.0,1.0
320,418035,569.0,43297812.5,
321,418035,570.0,44013750.0,10.0
322,418035,571.0,44265937.5,
323,418035,572.0,44518125.0,
324,418035,572.0,44518125.0,8.0
325,418035,573.0,44770312.5,
326,418035,574.0,45022500.0,
327,418035,575.0,45274687.5,
328,418035,576.0,45526875.0,
329,418035,577.0,45779062.5,
330,233272A,493.0,5000.0,
331,233272A,494.0,5625.0,
332,233272A,495.0,6250.0,
333,233272A,496.0,6875.0,
334,233272A,497.0,7500.0,
335,233272A,498.0,8125.0,
336,233272A,498.0,8125.0,13.0
337,233272A,499.0,8750.0,5.0
338,233272A,500.0,20000.0,13.0
339,233272A,501.0,25000.0,43.0
340,233272A,502.0,34875.0,
341,233272A,503.0,44750.0,
342,233272A,504.0,54625.0,
343,233272A,505.0,64500.0,
344,233272A,506.0,74375.0,63.0
345,233272A,507.0,93125.0,37.0
346,233272A,508.0,101250.0,42.0
347,233272A,509.0,117500.0,77.0
348,233272A,510.0,135000.0,53.0
349,233272A,511.0,155625.0,38.0
350,233272A,512.0,180000.0,40.0
351,233272A,513.0,193125.0,44.0
352,233272A,514.0,200625.0,
353,233272A,514.0,200625.0,36.0
354,233272A,515.0,208125.0,
355,233272A,516.0,215625.0,
356,233272A,517.0,223125.0,
357,419080,408.0,1338750.0,
358,419080,409.0,1552812.5,
359,419080,410.0,1766875.0,
360,419080,411.0,1980937.5,
361,419080,412.0,2195000.0,8.0
362,419080,412.0,2195000.0,
363,419080,413.0,2409062.5,
364,419080,414.0,2623125.0,67.0
365,419080,415.0,3186250.0,
366,419080,416.0,3749375.0,76.0
367,419080,417.0,4063750.0,
368,419080,418.0,4378125.0,59.0
369,419080,419.0,4743125.0,
370,419080,420.0,5108125.0,5.0
371,419080,421.0,5506250.0,
372,419080,422.0,5904375.0,31.0
373,419080,423.0,6290937.5,
374,419080,424.0,6677500.0,27.0
375,419080,425.0,7218125.0,
376,419080,426.0,7758750.0,98.0
377,419080,427.0,8282500.0,
378,419080,428.0,8806250.0,44.0
379,419080,429.0,9358125.0,
380,419080,430.0,9910000.0,98.0
381,419080,431.0,10347500.0,
382,419080,432.0,10785000.0,3.0
383,419080,433.0,11074375.0,
384,419080,434.0,11363750.0,2.0
385,419080,435.0,12048437.5,
386,419080,436.0,12733125.0,4.0
387,419080,437.0,13280625.0,
388,419080,438.0,13828125.0,
389,419080,439.0,14375625.0,
390,419080,440.0,14923125.0,2.0
391,419080,441.0,15335625.0,
392,419080,442.0,15748125.0,1.0
393,419080,443.0,16476875.0,
394,419080,444.0,17205625.0,10.0
395,419080,445.0,17732500.0,
396,419080,446.0,18259375.0,42.0
397,419080,447.0,18990312.5,
398,419080,448.0,19721250.0,38.0
399,419080,448.0,19721250.0,
400,419080,449.0,20452187.5,
401,419080,450.0,21183125.0,
402,419080,451.0,21914062.5,
403,419080,452.0,22645000.0,
404,419080,453.0,23375937.5,
405,410717,766.0,232500.0,
406,410717,767.0,302500.0,
407,410717,768.0,372500.0,6.0
408,410717,768.0,372500.0,
409,410717,769.0,442500.0,10.0
410,410717,770.0,455937.5,
411,410717,771.0,469375.0,23.0
412,410717,772.0,488750.0,88.0
413,410717,773.0,506250.0,199.0
414,410717,774.0,523125.0,272.0
415,410717,775.0,531250.0,211.0
416,410717,776.0,551250.0,149.0
417,410717,777.0,567500.0,110.0
418,410717,778.0,568750.0,
419,410717,778.0,568750.0,161.0
420,410717,779.0,570000.0,
421,410717,780.0,571250.0,
422,410717,781.0,572500.0,
423,410717,782.0,573750.0,
424,410717,783.0,575000.0,
425,412106,821.0,195000.0,
426,412106,822.0,233125.0,
427,412106,823.0,271250.0,
428,412106,824.0,309375.0,
429,412106,825.0,347500.0,
430,412106,826.0,385625.0,
431,412106,827.0,423750.0,
432,412106,828.0,461875.0,
433,412106,828.0,461875.0,23.0
434,412106,829.0,500000.0,54.0
435,412106,830.0,581250.0,82.0
436,412106,831.0,628125.0,86.0
437,412106,832.0,687500.0,111.0
438,412106,833.0,759375.0,70.0
439,412106,834.0,926250.0,48.0
440,412106,835.0,1094375.0,74.0
441,412106,836.0,1288125.0,43.0
442,412106,837.0,1431250.0,87.0
443,412106,838.0,1563750.0,35.0
444,412106,839.0,1768750.0,14.0
445,412106,840.0,1950000.0,18.0
446,412106,841.0,2205000.0,15.0
447,412106,842.0,2301875.0,42.0
448,412106,843.0,2671875.0,54.0
449,412106,844.0,3009375.0,73.0
450,412106,845.0,3295000.0,71.0
451,412106,846.0,3455000.0,93.0
452,412106,847.0,3552500.0,
453,412106,847.0,3552500.0,75.0
454,412106,848.0,3650000.0,
455,412106,849.0,3747500.0,
456,412106,850.0,3845000.0,
457,412106,851.0,3942500.0,
458,412106,852.0,4040000.0,
459,136316A,254.0,1279375.0,
460,136316A,255.0,1569375.0,
461,136316A,256.0,1859375.0,
462,136316A,257.0,2149375.0,
463,136316A,258.0,2439375.0,17.0
464,136316A,258.0,2439375.0,
465,136316A,259.0,2729375.0,22.0
466,136316A,260.0,2928125.0,14.0
467,136316A,261.0,3173125.0,9.0
468,136316A,262.0,3398125.0,7.0
469,136316A,263.0,3701875.0,6.0
470,136316A,264.0,4077500.0,16.0
471,136316A,265.0,4338125.0,11.0
472,136316A,266.0,4781250.0,28.0
473,136316A,267.0,5316250.0,39.0
474,136316A,268.0,5700625.0,103.0
475,136316A,269.0,6212500.0,46.0
476,136316A,270.0,6693750.0,107.0
477,136316A,271.0,7245625.0,122.0
478,136316A,272.0,8023750.0,89.0
479,136316A,273.0,8646875.0,57.0
480,136316A,274.0,9460625.0,52.0
481,136316A,275.0,10080000.0,47.0
482,136316A,276.0,11165000.0,84.0
483,136316A,277.0,12058750.0,51.0
484,136316A,278.0,12813125.0,32.0
485,136316A,279.0,14800625.0,95.0
486,136316A,280.0,15725000.0,95.0
487,136316A,280.0,15725000.0,
488,136316A,281.0,16649375.0,
489,136316A,282.0,17573750.0,
490,136316A,283.0,18498125.0,
491,136316A,284.0,19422500.0,
492,136316A,285.0,20346875.0,
493,sp-o10438,121.0,3270000.0,
494,sp-o10438,122.0,3313750.0,
495,sp-o10438,123.0,3357500.0,87.0
496,sp-o10438,123.0,3357500.0,
497,sp-o10438,124.0,3401250.0,995.0
498,sp-o10438,124.0,3401250.0,
499,sp-o10438,125.0,3445000.0,
500,sp-o10438,126.0,3488750.0,
501,sp-o10298,399.0,13372812.5,
502,sp-o10298,400.0,13841250.0,
503,sp-o10298,401.0,14309687.5,
504,sp-o10298,402.0,14778125.0,
505,sp-o10298,403.0,15246562.5,
506,sp-o10298,404.0,15715000.0,
507,sp-o10298,405.0,16183437.5,
508,sp-o10298,406.0,16651875.0,4.0
509,sp-o10298,406.0,16651875.0,
510,sp-o10298,407.0,17120312.5,
511,sp-o10298,408.0,17588750.0,4.0
512,sp-o10298,409.0,18085625.0,
513,sp-o10298,410.0,18582500.0,21.0
514,sp-o10298,411.0,19276979.166666668,
515,sp-o10298,412.0,19971458.33333333,
516,sp-o10298,413.0,20665937.5,
517,sp-o10298,414.0,21360416.666666668,
518,sp-o10298,415.0,22054895.83333333,
519,sp-o10298,416.0,22749375.0,12.0
520,sp-o10298,417.0,23085625.0,
521,sp-o10298,418.0,23421875.0,23.0
522,sp-o10298,419.0,23944312.5,
523,sp-o10298,420.0,24466750.0,
524,sp-o10298,421.0,24989187.5,
525,sp-o10298,422.0,25511625.0,
526,sp-o10298,423.0,26034062.5,
527,sp-o10298,424.0,26556500.0,
528,sp-o10298,425.0,27078937.5,
529,sp-o10298,426.0,27601375.0,
530,sp-o10298,427.0,28123812.5,
531,sp-o10298,428.0,28646250.0,14.0
532,sp-o10298,429.0,29022500.0,
533,sp-o10298,430.0,29398750.0,18.0
534,sp-o10298,431.0,29719583.33333333,
535,sp-o10298,432.0,30040416.66666667,
536,sp-o10298,433.0,30361250.0,
537,sp-o10298,434.0,30682083.33333333,
538,sp-o10298,435.0,31002916.66666667,
539,sp-o10298,436.0,31323750.0,4.0
540,sp-o10298,437.0,31942500.0,
541,sp-o10298,438.0,32561250.0,3.0
542,sp-o10298,439.0,33669375.0,
543,sp-o10298,440.0,34777500.0,3.0
544,sp-o10298,441.0,35474062.5,
545,sp-o10298,442.0,36170625.0,4.0
546,sp-o10298,443.0,36393750.0,
547,sp-o10298,444.0,36616875.0,39.0
548,sp-o10298,445.0,37079687.5,
549,sp-o10298,446.0,37542500.0,32.0
550,sp-o10298,447.0,37981875.0,
551,sp-o10298,448.0,38421250.0,27.0
552,sp-o10298,449.0,38903437.5,
553,sp-o10298,450.0,39385625.0,
554,sp-o10298,451.0,39867812.5,
555,sp-o10298,452.0,40350000.0,14.0
556,sp-o10298,453.0,40836875.0,
557,sp-o10298,454.0,41323750.0,15.0
558,sp-o10298,455.0,41596562.5,
559,sp-o10298,456.0,41869375.0,11.0
560,sp-o10298,457.0,42317187.5,
561,sp-o10298,458.0,42765000.0,10.0
562,sp-o10298,459.0,43160312.5,
563,sp-o10298,460.0,43555625.0,27.0
564,sp-o10298,461.0,43739062.5,
565,sp-o10298,462.0,43922500.0,31.0
566,sp-o10298,463.0,44257812.5,
567,sp-o10298,464.0,44593125.0,8.0
568,sp-o10298,465.0,44794687.5,
569,sp-o10298,466.0,44996250.0,
570,sp-o10298,467.0,45197812.5,
571,sp-o10298,468.0,45399375.0,17.0
572,sp-o10298,469.0,45596562.5,
573,sp-o10298,470.0,45793750.0,31.0
574,sp-o10298,471.0,45908437.5,
575,sp-o10298,472.0,46023125.0,37.0
576,sp-o10298,473.0,46192187.5,
577,sp-o10298,474.0,46361250.0,18.0
578,sp-o10298,475.0,46551562.5,
579,sp-o10298,476.0,46741875.0,23.0
580,sp-o10298,477.0,46836562.5,
581,sp-o10298,478.0,46931250.0,48.0
582,sp-o10298,479.0,47034062.5,
583,sp-o10298,480.0,47136875.0,19.0
584,sp-o10298,481.0,47159687.5,
585,sp-o10298,482.0,47182500.0,26.0
586,sp-o10298,483.0,47230312.5,
587,sp-o10298,484.0,47278125.0,
588,sp-o10298,484.0,47278125.0,23.0
589,sp-o10298,485.0,47325937.5,
590,sp-o10298,486.0,47373750.0,
591,sp-o10298,487.0,47421562.5,
592,sp-o10298,488.0,47469375.0,
593,sp-o10298,489.0,47517187.5,
594,222538,1116.0,42370625.0,
595,222538,1117.0,44469375.0,
596,222538,1118.0,46568125.0,
597,222538,1119.0,48666875.0,
598,222538,1120.0,50765625.0,12.0
599,222538,1120.0,50765625.0,
600,222538,1121.0,52864375.0,
601,222538,1122.0,54963125.0,25.0
602,222538,1123.0,56990937.5,
603,222538,1124.0,59018750.0,51.0
604,222538,1125.0,60607500.0,
605,222538,1126.0,62196250.0,71.0
606,222538,1127.0,64381250.0,
607,222538,1128.0,66566250.0,71.0
608,222538,1129.0,68454687.5,
609,222538,1130.0,70343125.0,78.0
610,222538,1131.0,71943437.5,
611,222538,1132.0,73543750.0,21.0
612,222538,1133.0,76035937.5,
613,222538,1134.0,78528125.0,41.0
614,222538,1135.0,80671875.0,
615,222538,1136.0,82815625.0,57.0
616,222538,1137.0,85175000.0,
617,222538,1138.0,87534375.0,93.0
618,222538,1139.0,89574375.0,
619,222538,1140.0,91614375.0,89.0
620,222538,1141.0,93424062.5,
621,222538,1142.0,95233750.0,173.0
622,222538,1143.0,97862812.5,
623,222538,1144.0,100491875.0,94.0
624,222538,1145.0,102414062.5,
625,222538,1146.0,104336250.0,146.0
626,222538,1147.0,106487500.0,
627,222538,1148.0,108638750.0,56.0
628,222538,1149.0,110405312.5,
629,222538,1150.0,112171875.0,33.0
630,222538,1151.0,115456562.5,
631,222538,1152.0,118741250.0,46.0
632,222538,1153.0,120187812.5,
633,222538,1154.0,121634375.0,31.0
634,222538,1154.0,121634375.0,
635,222538,1155.0,123080937.5,
636,222538,1156.0,124527500.0,
637,222538,1157.0,125974062.5,
638,222538,1158.0,127420625.0,
639,222538,1159.0,128867187.5,
640,130338A,160.0,109375.0,
641,130338A,161.0,135000.0,
642,130338A,162.0,160625.0,
643,130338A,163.0,186250.0,23.0
644,130338A,163.0,186250.0,
645,130338A,164.0,211875.0,58.0
646,130338A,165.0,387500.0,126.0
647,130338A,166.0,738750.0,40.0
648,130338A,167.0,902500.0,52.0
649,130338A,168.0,1033750.0,84.0
650,130338A,169.0,1213750.0,138.0
651,130338A,170.0,1273750.0,633.0
652,130338A,171.0,1311250.0,42.0
653,130338A,172.0,1341250.0,
654,130338A,172.0,1341250.0,4.0
655,130338A,173.0,1371250.0,
656,130338A,174.0,1401250.0,
657,130338A,175.0,1431250.0,
658,136115A,301.0,442500.0,
659,136115A,302.0,500937.5,
660,136115A,303.0,559375.0,
661,136115A,304.0,617812.5,
662,136115A,305.0,676250.0,20.0
663,136115A,305.0,676250.0,
664,136115A,306.0,734687.5,
665,136115A,307.0,793125.0,101.0
666,136115A,308.0,992500.0,
667,136115A,309.0,1191875.0,6.0
668,136115A,310.0,1312187.5,
669,136115A,311.0,1432500.0,56.0
670,136115A,312.0,1612812.5,
671,136115A,313.0,1793125.0,13.0
672,136115A,314.0,1998437.5,
673,136115A,315.0,2203750.0,40.0
674,136115A,316.0,2517500.0,
675,136115A,317.0,2831250.0,23.0
676,136115A,318.0,3038437.5,
677,136115A,319.0,3245625.0,37.0
678,136115A,320.0,3293125.0,
679,136115A,321.0,3340625.0,11.0
680,136115A,322.0,3687916.666666666,
681,136115A,323.0,4035208.333333334,
682,136115A,324.0,4382500.0,
683,136115A,325.0,4729791.666666667,
684,136115A,326.0,5077083.333333334,
685,136115A,327.0,5424375.0,36.0
686,136115A,328.0,5748125.0,
687,136115A,329.0,6071875.0,199.0
688,136115A,330.0,6145312.5,
689,136115A,331.0,6218750.0,32.0
690,136115A,331.0,6218750.0,
691,136115A,332.0,6292187.5,
692,136115A,333.0,6365625.0,
693,136115A,334.0,6439062.5,
694,136115A,335.0,6512500.0,
695,136115A,336.0,6585937.5,
696,ODSS_18335_WSLAHD.1,212.0,56250.0,
697,ODSS_18335_WSLAHD.1,213.0,85000.0,
698,ODSS_18335_WSLAHD.1,214.0,113750.0,30.0
699,ODSS_18335_WSLAHD.1,214.0,113750.0,
700,ODSS_18335_WSLAHD.1,215.0,142500.0,32.0
701,ODSS_18335_WSLAHD.1,216.0,166875.0,83.0
702,ODSS_18335_WSLAHD.1,217.0,188125.0,123.0
703,ODSS_18335_WSLAHD.1,218.0,206875.0,113.0
704,ODSS_18335_WSLAHD.1,219.0,213750.0,89.0
705,ODSS_18335_WSLAHD.1,220.0,223750.0,27.0
706,ODSS_18335_WSLAHD.1,220.0,223750.0,
707,ODSS_18335_WSLAHD.1,221.0,233750.0,
708,ODSS_18335_WSLAHD.1,222.0,243750.0,
709,416409A,305.0,342500.0,
710,416409A,306.0,1890625.0,
711,416409A,307.0,3438750.0,31.0
712,416409A,307.0,3438750.0,
713,416409A,308.0,4986875.0,29.0
714,416409A,309.0,6634375.0,54.0
715,416409A,310.0,8358125.0,89.0
716,416409A,311.0,10611250.0,142.0
717,416409A,312.0,12891875.0,136.0
718,416409A,313.0,15345000.0,114.0
719,416409A,314.0,16035625.0,33.0
720,416409A,314.0,16035625.0,
721,416409A,315.0,16726250.0,
722,416409A,316.0,17416875.0,
723,416409A,317.0,18107500.0,
724,416409A,318.0,18798125.0,
725,416409A,319.0,19488750.0,
726,145021A,184.0,345000.0,
727,145021A,185.0,472500.0,
728,145021A,186.0,600000.0,
729,145021A,187.0,727500.0,
730,145021A,188.0,855000.0,
731,145021A,189.0,982500.0,
732,145021A,189.0,982500.0,1.0
733,145021A,190.0,1110000.0,36.0
734,145021A,191.0,1232500.0,22.0
735,145021A,192.0,1331250.0,59.0
736,145021A,193.0,1430000.0,15.0
737,145021A,194.0,1511875.0,9.0
738,145021A,195.0,1731875.0,23.0
739,145021A,196.0,1756250.0,21.0
740,145021A,197.0,1874375.0,
741,145021A,198.0,1992500.0,
742,145021A,199.0,2110625.0,3.0
743,145021A,200.0,2274687.5,
744,145021A,201.0,2438750.0,34.0
745,145021A,202.0,2524375.0,19.0
746,145021A,203.0,2668750.0,20.0
747,145021A,204.0,2735000.0,41.0
748,145021A,205.0,2826875.0,60.0
749,145021A,206.0,2962500.0,135.0
750,145021A,207.0,2995000.0,
751,145021A,207.0,2995000.0,126.0
752,145021A,208.0,3027500.0,
753,145021A,209.0,3060000.0,
754,145021A,210.0,3092500.0,
755,145021A,211.0,3125000.0,
756,145021A,212.0,3157500.0,
757,ODSS_57389_WSLAHD.1,49.0,845312.5,
758,ODSS_57389_WSLAHD.1,50.0,1526875.0,
759,ODSS_57389_WSLAHD.1,51.0,2208437.5,
760,ODSS_57389_WSLAHD.1,52.0,2890000.0,79.0
761,ODSS_57389_WSLAHD.1,52.0,2890000.0,
762,ODSS_57389_WSLAHD.1,53.0,3571562.5,
763,ODSS_57389_WSLAHD.1,54.0,4253125.0,284.0
764,ODSS_57389_WSLAHD.1,55.0,6402187.5,
765,ODSS_57389_WSLAHD.1,56.0,8551250.0,346.0
766,ODSS_57389_WSLAHD.1,57.0,10869375.0,
767,ODSS_57389_WSLAHD.1,58.0,13187500.0,499.0
768,ODSS_57389_WSLAHD.1,59.0,13840000.0,
769,ODSS_57389_WSLAHD.1,60.0,14492500.0,
770,ODSS_57389_WSLAHD.1,60.0,14492500.0,103.0
771,ODSS_57389_WSLAHD.1,61.0,15145000.0,
772,ODSS_57389_WSLAHD.1,62.0,15797500.0,
773,ODSS_57389_WSLAHD.1,63.0,16450000.0,
774,425022,50.0,46250.0,
775,425022,51.0,48125.0,
776,425022,52.0,50000.0,
777,425022,53.0,51875.0,355.0
778,425022,53.0,51875.0,
779,425022,54.0,53750.0,204.0
780,425022,55.0,77571250.0,45.0
781,425022,56.0,134869375.0,62.0
782,425022,57.0,150387500.0,54.0
783,425022,58.0,155346250.0,34.0
784,425022,59.0,159515000.0,50.0
785,425022,60.0,160534375.0,101.0
786,425022,60.0,160534375.0,
787,425022,61.0,161553750.0,
788,425022,62.0,162573125.0,
789,120016A,143.0,32166875.0,
790,120016A,144.0,51215625.0,
791,120016A,145.0,70264375.0,
792,120016A,146.0,89313125.0,
793,120016A,147.0,108361875.0,
794,120016A,147.0,108361875.0,3.0
795,120016A,148.0,127410625.0,8.0
796,120016A,149.0,150303125.0,9.0
797,120016A,150.0,171111250.0,36.0
798,120016A,151.0,196381875.0,77.0
799,120016A,152.0,218041875.0,105.0
800,120016A,153.0,241671875.0,208.0
801,120016A,154.0,251600000.0,174.0
802,120016A,155.0,280917500.0,16.0
803,120016A,156.0,332138125.0,6.0
804,120016A,157.0,340735000.0,3.0
805,120016A,158.0,355858750.0,
806,120016A,158.0,355858750.0,1.0
807,120016A,159.0,370982500.0,
808,120016A,160.0,386106250.0,
809,120016A,161.0,401230000.0,
810,120016A,162.0,416353750.0,
811,120016A,163.0,431477500.0,
812,410102,303.0,2368125.0,
813,410102,304.0,2903437.5,
814,410102,305.0,3438750.0,
815,410102,306.0,3974062.5,
816,410102,307.0,4509375.0,1.0
817,410102,307.0,4509375.0,
818,410102,308.0,5044687.5,
819,410102,309.0,5580000.0,1.0
820,410102,310.0,5960937.5,
821,410102,311.0,6341875.0,5.0
822,410102,312.0,6550937.5,
823,410102,313.0,6760000.0,1.0
824,410102,314.0,6843437.5,
825,410102,315.0,6926875.0,5.0
826,410102,316.0,7457421.875,
827,410102,317.0,7987968.75,
828,410102,318.0,8518515.625,
829,410102,319.0,9049062.5,
830,410102,320.0,9579609.375,
831,410102,321.0,10110156.25,
832,410102,322.0,10640703.125,
833,410102,323.0,11171250.0,4.0
834,410102,324.0,11507968.75,
835,410102,325.0,11844687.5,
836,410102,326.0,12181406.25,
837,410102,327.0,12518125.0,17.0
838,410102,328.0,13008125.0,
839,410102,329.0,13498125.0,7.0
840,410102,330.0,13822187.5,
841,410102,331.0,14146250.0,8.0
842,410102,332.0,15140312.5,
843,410102,333.0,16134375.0,8.0
844,410102,334.0,16542187.5,
845,410102,335.0,16950000.0,5.0
846,410102,336.0,17680937.5,
847,410102,337.0,18411875.0,10.0
848,410102,338.0,18828750.0,
849,410102,339.0,19245625.0,14.0
850,410102,340.0,19646250.0,
851,410102,341.0,20046875.0,32.0
852,410102,342.0,20629375.0,
853,410102,343.0,21211875.0,49.0
854,410102,344.0,21902812.5,
855,410102,345.0,22593750.0,36.0
856,410102,346.0,23255312.5,
857,410102,347.0,23916875.0,29.0
858,410102,348.0,24605312.5,
859,410102,349.0,25293750.0,24.0
860,410102,350.0,25826250.0,
861,410102,351.0,26358750.0,29.0
862,410102,352.0,26759375.0,
863,410102,353.0,27160000.0,28.0
864,410102,354.0,27828437.5,
865,410102,355.0,28496875.0,30.0
866,410102,356.0,29007812.5,
867,410102,357.0,29518750.0,22.0
868,410102,358.0,30010625.0,
869,410102,359.0,30502500.0,27.0
870,410102,360.0,31112187.5,
871,410102,361.0,31721875.0,25.0
872,410102,362.0,32122812.5,
873,410102,363.0,32523750.0,23.0
874,410102,364.0,32968437.5,
875,410102,365.0,33413125.0,23.0
876,410102,366.0,33793125.0,
877,410102,367.0,34173125.0,22.0
878,410102,368.0,34676562.5,
879,410102,369.0,35180000.0,15.0
880,410102,370.0,35636562.5,
881,410102,371.0,36093125.0,21.0
882,410102,372.0,36682187.5,
883,410102,373.0,37271250.0,22.0
884,410102,374.0,37563750.0,
885,410102,375.0,37856250.0,21.0
886,410102,376.0,38130937.5,
887,410102,377.0,38405625.0,40.0
888,410102,378.0,38515000.0,
889,410102,379.0,38624375.0,9.0
890,410102,379.0,38624375.0,
891,410102,380.0,38733750.0,
892,410102,381.0,38843125.0,
893,410102,382.0,38952500.0,
894,410102,383.0,39061875.0,
895,410102,384.0,39171250.0,
896,225256A,388.0,8500625.0,
897,225256A,389.0,8508125.0,
898,225256A,390.0,8515625.0,
899,225256A,391.0,8523125.0,
900,225256A,392.0,8530625.0,
901,225256A,393.0,8538125.0,46.0
902,225256A,393.0,8538125.0,
903,225256A,394.0,8545625.0,
904,225256A,395.0,8553125.0,50.0
905,225256A,396.0,8699687.5,
906,225256A,397.0,8846250.0,60.0
907,225256A,398.0,9338437.5,
908,225256A,399.0,9830625.0,20.0
909,225256A,400.0,9843750.0,
910,225256A,401.0,9856875.0,
911,225256A,402.0,9870000.0,
912,225256A,403.0,9883125.0,17.0
913,225256A,404.0,10005937.5,
914,225256A,405.0,10128750.0,11.0
915,225256A,406.0,10362500.0,
916,225256A,407.0,10596250.0,20.0
917,225256A,408.0,10778437.5,
918,225256A,409.0,10960625.0,15.0
919,225256A,410.0,11088125.0,
920,225256A,411.0,11215625.0,19.0
921,225256A,412.0,11348437.5,
922,225256A,413.0,11481250.0,56.0
923,225256A,414.0,11730625.0,
924,225256A,415.0,11980000.0,39.0
925,225256A,416.0,12162500.0,
926,225256A,417.0,12345000.0,60.0
927,225256A,418.0,12468125.0,
928,225256A,419.0,12591250.0,69.0
929,225256A,420.0,12804687.5,
930,225256A,421.0,13018125.0,51.0
931,225256A,422.0,13135937.5,
932,225256A,423.0,13253750.0,68.0
933,225256A,424.0,13375000.0,
934,225256A,425.0,13496250.0,28.0
935,225256A,426.0,13555312.5,
936,225256A,427.0,13614375.0,31.0
937,225256A,428.0,13723125.0,
938,225256A,429.0,13831875.0,42.0
939,225256A,430.0,13964375.0,
940,225256A,431.0,14096875.0,56.0
941,225256A,432.0,14170000.0,
942,225256A,433.0,14243125.0,41.0
943,225256A,434.0,14340625.0,
944,225256A,435.0,14438125.0,47.0
945,225256A,436.0,14479062.5,
946,225256A,437.0,14520000.0,31.0
947,225256A,438.0,14610937.5,
948,225256A,439.0,14701875.0,83.0
949,225256A,440.0,14768437.5,
950,225256A,441.0,14835000.0,58.0
951,225256A,442.0,14922812.5,
952,225256A,443.0,15010625.0,42.0
953,225256A,444.0,15084375.0,
954,225256A,445.0,15158125.0,
955,225256A,445.0,15158125.0,21.0
956,225256A,446.0,15231875.0,
957,225256A,447.0,15305625.0,
958,225256A,448.0,15379375.0,
959,225256A,449.0,15453125.0,
960,225256A,450.0,15526875.0,
961,138012A,93.0,-625.0,
962,138012A,94.0,6250.0,19.0
963,138012A,94.0,6250.0,
964,138012A,95.0,13125.0,11.0
965,138012A,96.0,34375.0,17.0
966,138012A,97.0,48125.0,61.0
967,138012A,98.0,61250.0,100.0
968,138012A,99.0,90000.0,129.0
969,138012A,100.0,116875.0,419.0
970,138012A,101.0,121875.0,389.0
971,138012A,101.0,121875.0,
972,138012A,102.0,126875.0,
973,138012A,103.0,131875.0,
974,138012A,104.0,136875.0,
975,sp-o10334,243.0,21683750.0,
976,sp-o10334,244.0,23372812.5,
977,sp-o10334,245.0,25061875.0,
978,sp-o10334,246.0,26750937.5,
979,sp-o10334,247.0,28440000.0,11.0
980,sp-o10334,247.0,28440000.0,
981,sp-o10334,248.0,30129062.5,
982,sp-o10334,249.0,31818125.0,
983,sp-o10334,250.0,33507187.5,
984,sp-o10334,251.0,35196250.0,18.0
985,sp-o10334,252.0,37140000.0,
986,sp-o10334,253.0,39083750.0,17.0
987,sp-o10334,254.0,41298437.5,
988,sp-o10334,255.0,43513125.0,21.0
989,sp-o10334,256.0,44965625.0,
990,sp-o10334,257.0,46418125.0,23.0
991,sp-o10334,258.0,48714687.5,
992,sp-o10334,259.0,51011250.0,57.0
993,sp-o10334,260.0,52560937.5,
994,sp-o10334,261.0,54110625.0,25.0
995,sp-o10334,262.0,56650625.0,
996,sp-o10334,263.0,59190625.0,23.0
997,sp-o10334,264.0,60870625.0,
998,sp-o10334,265.0,62550625.0,30.0
999,sp-o10334,266.0,64926250.0,
1000,sp-o10334,267.0,67301875.0,26.0
1001,sp-o10334,268.0,69291250.0,
1002,sp-o10334,269.0,71280625.0,33.0
1003,sp-o10334,270.0,73588750.0,
1004,sp-o10334,271.0,75896875.0,15.0
1005,sp-o10334,272.0,78191562.5,
1006,sp-o10334,273.0,80486250.0,16.0
1007,sp-o10334,274.0,82902812.5,
1008,sp-o10334,275.0,85319375.0,30.0
1009,sp-o10334,276.0,88031875.0,
1010,sp-o10334,277.0,90744375.0,26.0
1011,sp-o10334,278.0,93072500.0,
1012,sp-o10334,279.0,95400625.0,35.0
1013,sp-o10334,280.0,97935000.0,
1014,sp-o10334,281.0,100469375.0,35.0
1015,sp-o10334,282.0,102728125.0,
1016,sp-o10334,283.0,104986875.0,38.0
1017,sp-o10334,284.0,108117500.0,
1018,sp-o10334,285.0,111248125.0,21.0
1019,sp-o10334,286.0,113163437.5,
1020,sp-o10334,287.0,115078750.0,24.0
1021,sp-o10334,287.0,115078750.0,
1022,sp-o10334,288.0,116994062.5,
1023,sp-o10334,289.0,118909375.0,
1024,sp-o10334,290.0,120824687.5,
1025,sp-o10334,291.0,122740000.0,
1026,sp-o10334,292.0,124655312.5,
1027,RE750,172.0,76875.0,
1028,RE750,173.0,144375.0,
1029,RE750,174.0,211875.0,
1030,RE750,175.0,279375.0,4.0
1031,RE750,175.0,279375.0,
1032,RE750,176.0,346875.0,5.0
1033,RE750,177.0,367343.75,
1034,RE750,178.0,387812.5,
1035,RE750,179.0,408281.25,
1036,RE750,180.0,428750.0,2.0
1037,RE750,181.0,476562.5,
1038,RE750,182.0,524375.0,
1039,RE750,183.0,572187.5,
1040,RE750,184.0,620000.0,2.0
1041,RE750,185.0,623958.3333333335,
1042,RE750,186.0,627916.6666666665,
1043,RE750,187.0,631875.0,
1044,RE750,188.0,635833.3333333335,
1045,RE750,189.0,639791.6666666665,
1046,RE750,190.0,643750.0,
1047,RE750,190.0,643750.0,2.0
1048,RE750,191.0,647708.3333333335,
1049,RE750,192.0,651666.6666666667,
1050,RE750,193.0,655625.0000000001,
1051,RE750,194.0,659583.3333333335,
1052,RE750,195.0,663541.6666666669,
1053,422214A,187.0,-184375.0,
1054,422214A,188.0,273125.0,
1055,422214A,189.0,730625.0,
1056,422214A,190.0,1188125.0,16.0
1057,422214A,190.0,1188125.0,
1058,422214A,191.0,1645625.0,58.0
1059,422214A,192.0,2011250.0,107.0
1060,422214A,193.0,2391250.0,406.0
1061,422214A,194.0,2530000.0,32.0
1062,422214A,195.0,3290312.5,
1063,422214A,196.0,4050625.0,
1064,422214A,197.0,4810937.5,
1065,422214A,198.0,5571250.0,3.0
1066,422214A,198.0,5571250.0,
1067,422214A,199.0,6331562.5,
1068,422214A,200.0,7091875.0,
1069,sp-o10350,158.0,-386875.0,
1070,sp-o10350,159.0,-232500.0,
1071,sp-o10350,160.0,-78125.0,
1072,sp-o10350,161.0,76250.0,
1073,sp-o10350,162.0,230625.0,
1074,sp-o10350,163.0,385000.0,
1075,sp-o10350,164.0,539375.0,
1076,sp-o10350,165.0,693750.0,11.0
1077,sp-o10350,165.0,693750.0,
1078,sp-o10350,166.0,848125.0,
1079,sp-o10350,167.0,1002500.0,8.0
1080,sp-o10350,168.0,1191875.0,
1081,sp-o10350,169.0,1381250.0,10.0
1082,sp-o10350,170.0,1863750.0,
1083,sp-o10350,171.0,2346250.0,47.0
1084,sp-o10350,172.0,2684062.5,
1085,sp-o10350,173.0,3021875.0,80.0
1086,sp-o10350,174.0,3436875.0,
1087,sp-o10350,175.0,3851875.0,48.0
1088,sp-o10350,176.0,4345312.5,
1089,sp-o10350,177.0,4838750.0,19.0
1090,sp-o10350,178.0,6180937.5,
1091,sp-o10350,179.0,7523125.0,12.0
1092,sp-o10350,180.0,8485625.0,
1093,sp-o10350,181.0,9448125.0,29.0
1094,sp-o10350,182.0,10661250.0,
1095,sp-o10350,183.0,11874375.0,26.0
1096,sp-o10350,184.0,13669687.5,
1097,sp-o10350,185.0,15465000.0,29.0
1098,sp-o10350,186.0,17181562.5,
1099,sp-o10350,187.0,18898125.0,44.0
1100,sp-o10350,188.0,20858750.0,
1101,sp-o10350,189.0,22819375.0,40.0
1102,sp-o10350,190.0,25325937.5,
1103,sp-o10350,191.0,27832500.0,99.0
1104,sp-o10350,192.0,28835937.5,
1105,sp-o10350,193.0,29839375.0,
1106,sp-o10350,193.0,29839375.0,66.0
1107,sp-o10350,194.0,30842812.5,
1108,sp-o10350,195.0,31846250.0,
1109,sp-o10350,196.0,32849687.5,
1110,sp-o10350,197.0,33853125.0,
1111,sp-o10350,198.0,34856562.5,
1112,MALMSBURY,436.0,63125.0,
1113,MALMSBURY,437.0,166875.0,
1114,MALMSBURY,438.0,270625.0,40.0
1115,MALMSBURY,438.0,270625.0,
1116,MALMSBURY,439.0,374375.0,33.0
1117,MALMSBURY,440.0,567500.0,18.0
1118,MALMSBURY,441.0,700625.0,55.0
1119,MALMSBURY,442.0,1040625.0,64.0
1120,MALMSBURY,443.0,1303750.0,84.0
1121,MALMSBURY,444.0,1575625.0,71.0
1122,MALMSBURY,445.0,1713125.0,39.0
1123,MALMSBURY,446.0,1985625.0,22.0
1124,MALMSBURY,447.0,2249375.0,70.0
1125,MALMSBURY,448.0,2315625.0,15.0
1126,MALMSBURY,449.0,2807500.0,
1127,MALMSBURY,449.0,2807500.0,5.0
1128,MALMSBURY,450.0,3299375.0,
1129,MALMSBURY,451.0,3791250.0,
1130,143228A,95.0,260625.0,
1131,143228A,96.0,287500.0,
1132,143228A,97.0,314375.0,
1133,143228A,98.0,341250.0,
1134,143228A,99.0,368125.0,24.0
1135,143228A,99.0,368125.0,
1136,143228A,100.0,395000.0,471.0
1137,143228A,101.0,440625.0,277.0
1138,143228A,102.0,523750.0,63.0
1139,143228A,103.0,568750.0,28.0
1140,143228A,104.0,621875.0,19.0
1141,143228A,105.0,690625.0,22.0
1142,143228A,106.0,756250.0,28.0
1143,143228A,107.0,829375.0,41.0
1144,143228A,108.0,874375.0,78.0
1145,143228A,109.0,938125.0,
1146,143228A,109.0,938125.0,150.0
1147,143228A,110.0,1001875.0,
1148,143228A,111.0,1065625.0,
1149,143228A,112.0,1129375.0,
1150,136210A,290.0,218750.0,
1151,136210A,291.0,548125.0,2.0
1152,136210A,291.0,548125.0,
1153,136210A,292.0,877500.0,22.0
1154,136210A,293.0,1106250.0,30.0
1155,136210A,294.0,1942500.0,17.0
1156,136210A,295.0,2477500.0,34.0
1157,136210A,296.0,3088125.0,21.0
1158,136210A,297.0,4065625.0,16.0
1159,136210A,298.0,5425625.0,41.0
1160,136210A,299.0,6335000.0,66.0
1161,136210A,300.0,6860625.0,21.0
1162,136210A,301.0,7852500.0,33.0
1163,136210A,302.0,9610000.0,50.0
1164,136210A,303.0,11590625.0,64.0
1165,136210A,304.0,13854375.0,23.0
1166,136210A,305.0,15049375.0,28.0
1167,136210A,306.0,16213125.0,37.0
1168,136210A,307.0,17575000.0,72.0
1169,136210A,307.0,17575000.0,
1170,136210A,308.0,18936875.0,
1171,136210A,309.0,20298750.0,
1172,136210A,310.0,21660625.0,
1173,136210A,311.0,23022500.0,
1174,136210A,312.0,24384375.0,
1175,110014A,649.0,4311562.5,
1176,110014A,650.0,5742500.0,
1177,110014A,651.0,7173437.5,
1178,110014A,652.0,8604375.0,
1179,110014A,653.0,10035312.5,
1180,110014A,654.0,11466250.0,
1181,110014A,655.0,12897187.5,
1182,110014A,656.0,14328125.0,
1183,110014A,656.0,14328125.0,10.0
1184,110014A,657.0,15759062.5,
1185,110014A,658.0,17190000.0,12.0
1186,110014A,659.0,18266875.0,16.0
1187,110014A,660.0,19740625.0,40.0
1188,110014A,661.0,20673750.0,45.0
1189,110014A,662.0,21598750.0,56.0
1190,110014A,663.0,24038750.0,19.0
1191,110014A,664.0,25700000.0,51.0
1192,110014A,665.0,26801875.0,75.0
1193,110014A,666.0,28101250.0,111.0
1194,110014A,667.0,28954375.0,178.0
1195,110014A,668.0,29924375.0,167.0
1196,110014A,669.0,30781875.0,145.0
1197,110014A,670.0,31750625.0,
1198,110014A,670.0,31750625.0,185.0
1199,110014A,671.0,32719375.0,
1200,110014A,672.0,33688125.0,
1201,110014A,673.0,34656875.0,
1202,110014A,674.0,35625625.0,
1203,110014A,675.0,36594375.0,
1204,RE704,3.0,2352500.0,
1205,RE704,4.0,2918750.0,
1206,RE704,5.0,3485000.0,12.0
1207,RE704,5.0,3485000.0,
1208,RE704,6.0,4051250.0,36.0
1209,RE704,7.0,4390000.0,72.0
1210,RE704,8.0,4772500.0,93.0
1211,RE704,9.0,5076875.0,110.0
1212,RE704,10.0,5356875.0,100.0
1213,RE704,11.0,5528750.0,55.0
1214,RE704,11.0,5528750.0,
1215,RE704,12.0,5700625.0,
1216,RE704,13.0,5872500.0,
1217,RE704,14.0,6044375.0,
1218,412010,327.0,3047187.5,
1219,412010,328.0,3355625.0,
1220,412010,329.0,3664062.5,
1221,412010,330.0,3972500.0,
1222,412010,331.0,4280937.5,
1223,412010,332.0,4589375.0,
1224,412010,333.0,4897812.5,
1225,412010,334.0,5206250.0,13.0
1226,412010,334.0,5206250.0,
1227,412010,335.0,5514687.5,
1228,412010,336.0,5823125.0,17.0
1229,412010,337.0,6451250.0,
1230,412010,338.0,7079375.0,43.0
1231,412010,339.0,7824062.5,
1232,412010,340.0,8568750.0,59.0
1233,412010,341.0,9262500.0,
1234,412010,342.0,9956250.0,83.0
1235,412010,343.0,10733750.0,
1236,412010,344.0,11511250.0,95.0
1237,412010,345.0,12220312.5,
1238,412010,346.0,12929375.0,64.0
1239,412010,347.0,13683437.5,
1240,412010,348.0,14437500.0,56.0
1241,412010,349.0,15232187.5,
1242,412010,350.0,16026875.0,26.0
1243,412010,351.0,16819375.0,
1244,412010,352.0,17611875.0,21.0
1245,412010,353.0,18161875.0,
1246,412010,354.0,18711875.0,18.0
1247,412010,355.0,19709375.0,
1248,412010,356.0,20706875.0,38.0
1249,412010,357.0,21478125.0,
1250,412010,358.0,22249375.0,65.0
1251,412010,359.0,23055000.0,
1252,412010,360.0,23860625.0,52.0
1253,412010,361.0,24635937.5,
1254,412010,362.0,25411250.0,77.0
1255,412010,363.0,26057812.5,
1256,412010,364.0,26704375.0,58.0
1257,412010,365.0,27685312.5,
1258,412010,366.0,28666250.0,55.0
1259,412010,367.0,29345312.5,
1260,412010,368.0,30024375.0,58.0
1261,412010,369.0,30944062.5,
1262,412010,370.0,31863750.0,81.0
1263,412010,371.0,32692812.5,
1264,412010,372.0,33521875.0,87.0
1265,412010,373.0,34519062.5,
1266,412010,374.0,35516250.0,152.0
1267,412010,375.0,36537187.5,
1268,412010,376.0,37558125.0,214.0
1269,412010,377.0,38260625.0,
1270,412010,378.0,38963125.0,
1271,412010,378.0,38963125.0,176.0
1272,412010,379.0,39665625.0,
1273,412010,380.0,40368125.0,
1274,412010,381.0,41070625.0,
1275,412010,382.0,41773125.0,
1276,412010,383.0,42475625.0,
1277,ODSS_21167_WSLAHD.1,178.0,120937.5,
1278,ODSS_21167_WSLAHD.1,179.0,134375.0,
1279,ODSS_21167_WSLAHD.1,180.0,147812.5,
1280,ODSS_21167_WSLAHD.1,181.0,161250.0,
1281,ODSS_21167_WSLAHD.1,182.0,174687.5,
1282,ODSS_21167_WSLAHD.1,183.0,188125.0,
1283,ODSS_21167_WSLAHD.1,183.0,188125.0,7.0
1284,ODSS_21167_WSLAHD.1,184.0,201562.5,
1285,ODSS_21167_WSLAHD.1,185.0,215000.0,7.0
1286,ODSS_21167_WSLAHD.1,186.0,236875.0,18.0
1287,ODSS_21167_WSLAHD.1,187.0,241250.0,36.0
1288,ODSS_21167_WSLAHD.1,188.0,263750.0,55.0
1289,ODSS_21167_WSLAHD.1,189.0,285625.0,61.0
1290,ODSS_21167_WSLAHD.1,190.0,303125.0,80.0
1291,ODSS_21167_WSLAHD.1,191.0,321250.0,76.0
1292,ODSS_21167_WSLAHD.1,192.0,343750.0,99.0
1293,ODSS_21167_WSLAHD.1,193.0,368125.0,115.0
1294,ODSS_21167_WSLAHD.1,194.0,395000.0,65.0
1295,ODSS_21167_WSLAHD.1,195.0,429375.0,29.0
1296,ODSS_21167_WSLAHD.1,196.0,460000.0,25.0
1297,ODSS_21167_WSLAHD.1,197.0,497500.0,18.0
1298,ODSS_21167_WSLAHD.1,198.0,514375.0,
1299,ODSS_21167_WSLAHD.1,198.0,514375.0,27.0
1300,ODSS_21167_WSLAHD.1,199.0,531250.0,
1301,ODSS_21167_WSLAHD.1,200.0,548125.0,
1302,ODSS_21167_WSLAHD.1,201.0,565000.0,
1303,ODSS_21167_WSLAHD.1,202.0,581875.0,
1304,ODSS_21167_WSLAHD.1,203.0,598750.0,
1305,136113A,196.0,274375.0,
1306,136113A,197.0,339687.5,
1307,136113A,198.0,405000.0,
1308,136113A,199.0,470312.5,
1309,136113A,200.0,535625.0,119.0
1310,136113A,200.0,535625.0,
1311,136113A,201.0,600937.5,
1312,136113A,202.0,666250.0,58.0
1313,136113A,203.0,930625.0,
1314,136113A,204.0,1195000.0,9.0
1315,136113A,205.0,1480000.0,
1316,136113A,206.0,1765000.0,27.0
1317,136113A,207.0,1996875.0,
1318,136113A,208.0,2228750.0,31.0
1319,136113A,209.0,2559687.5,
1320,136113A,210.0,2890625.0,30.0
1321,136113A,211.0,3207812.5,
1322,136113A,212.0,3525000.0,28.0
1323,136113A,213.0,4018125.0,
1324,136113A,214.0,4511250.0,16.0
1325,136113A,215.0,5257187.5,
1326,136113A,216.0,6003125.0,
1327,136113A,217.0,6749062.5,
1328,136113A,218.0,7495000.0,
1329,136113A,219.0,8240937.5,
1330,136113A,220.0,8986875.0,
1331,136113A,221.0,9732812.5,
1332,136113A,222.0,10478750.0,
1333,136113A,223.0,11224687.5,
1334,136113A,224.0,11970625.0,22.0
1335,136113A,225.0,12705312.5,
1336,136113A,226.0,13440000.0,136.0
1337,136113A,227.0,13799687.5,
1338,136113A,228.0,14159375.0,124.0
1339,136113A,228.0,14159375.0,
1340,136113A,229.0,14519062.5,
1341,136113A,230.0,14878750.0,
1342,136113A,231.0,15238437.5,
1343,136113A,232.0,15598125.0,
1344,136113A,233.0,15957812.5,
1345,210102,148.0,846875.0,
1346,210102,149.0,998750.0,
1347,210102,150.0,1150625.0,
1348,210102,151.0,1302500.0,8.0
1349,210102,151.0,1302500.0,
1350,210102,152.0,1454375.0,9.0
1351,210102,153.0,1541875.0,42.0
1352,210102,154.0,1708750.0,194.0
1353,210102,155.0,1868125.0,982.0
1354,210102,155.0,1868125.0,
1355,210102,156.0,2027500.0,
1356,210102,157.0,2186875.0,
1357,410573,375.0,36205937.5,
1358,410573,376.0,36248125.0,
1359,410573,377.0,36290312.5,
1360,410573,378.0,36332500.0,
1361,410573,379.0,36374687.5,
1362,410573,380.0,36416875.0,
1363,410573,381.0,36459062.5,
1364,410573,382.0,36501250.0,
1365,410573,382.0,36501250.0,74.0
1366,410573,383.0,36543437.5,
1367,410573,384.0,36585625.0,
1368,410573,385.0,36627812.5,
1369,410573,386.0,36670000.0,
1370,410573,387.0,36712187.5,
1371,410573,388.0,36754375.0,
1372,410573,389.0,36796562.5,
1373,410573,390.0,36838750.0,
1374,410573,390.0,36838750.0,25.0
1375,410573,391.0,36880937.5,
1376,410573,392.0,36923125.0,
1377,410573,393.0,36965312.5,
1378,410573,394.0,37007500.0,
1379,410573,395.0,37049687.5,
1380,232217A,593.0,4375.0,
1381,232217A,594.0,40000.0,43.0
1382,232217A,594.0,40000.0,
1383,232217A,595.0,75625.0,83.0
1384,232217A,596.0,179375.0,37.0
1385,232217A,597.0,237500.0,34.0
1386,232217A,598.0,321875.0,52.0
1387,232217A,599.0,431875.0,24.0
1388,232217A,600.0,706875.0,55.0
1389,232217A,601.0,850625.0,25.0
1390,232217A,602.0,1060000.0,48.0
1391,232217A,603.0,1228125.0,59.0
1392,232217A,604.0,1342500.0,
1393,232217A,604.0,1342500.0,56.0
1394,232217A,605.0,1456875.0,
1395,232217A,606.0,1571250.0,
1396,232217A,607.0,1685625.0,
1397,232217A,608.0,1800000.0,
1398,232217A,609.0,1914375.0,
1399,LAKE_BELLFIELD,248.0,889375.0,
1400,LAKE_BELLFIELD,249.0,980000.0,
1401,LAKE_BELLFIELD,250.0,1070625.0,
1402,LAKE_BELLFIELD,251.0,1161250.0,
1403,LAKE_BELLFIELD,252.0,1251875.0,44.0
1404,LAKE_BELLFIELD,252.0,1251875.0,
1405,LAKE_BELLFIELD,253.0,1342500.0,16.0
1406,LAKE_BELLFIELD,254.0,1491875.0,33.0
1407,LAKE_BELLFIELD,255.0,1586875.0,25.0
1408,LAKE_BELLFIELD,256.0,1687500.0,17.0
1409,LAKE_BELLFIELD,257.0,1830000.0,10.0
1410,LAKE_BELLFIELD,258.0,1969375.0,18.0
1411,LAKE_BELLFIELD,259.0,2055000.0,8.0
1412,LAKE_BELLFIELD,260.0,2303750.0,13.0
1413,LAKE_BELLFIELD,261.0,2428750.0,22.0
1414,LAKE_BELLFIELD,262.0,2530625.0,5.0
1415,LAKE_BELLFIELD,263.0,2700625.0,
1416,LAKE_BELLFIELD,264.0,2870625.0,9.0
1417,LAKE_BELLFIELD,265.0,3049375.0,4.0
1418,LAKE_BELLFIELD,266.0,3050000.0,3.0
1419,LAKE_BELLFIELD,267.0,3241250.0,9.0
1420,LAKE_BELLFIELD,268.0,3353125.0,11.0
1421,LAKE_BELLFIELD,269.0,3518750.0,10.0
1422,LAKE_BELLFIELD,270.0,3681875.0,40.0
1423,LAKE_BELLFIELD,271.0,3833125.0,20.0
1424,LAKE_BELLFIELD,272.0,3981875.0,37.0
1425,LAKE_BELLFIELD,273.0,4113750.0,40.0
1426,LAKE_BELLFIELD,274.0,4210000.0,78.0
1427,LAKE_BELLFIELD,275.0,4306250.0,28.0
1428,LAKE_BELLFIELD,275.0,4306250.0,
1429,LAKE_BELLFIELD,276.0,4402500.0,
1430,LAKE_BELLFIELD,277.0,4498750.0,
1431,LAKE_BELLFIELD,278.0,4595000.0,
1432,LAKE_BELLFIELD,279.0,4691250.0,
1433,LAKE_BELLFIELD,280.0,4787500.0,
1434,421078,308.0,2666562.5,
1435,421078,309.0,3763750.0,
1436,421078,310.0,4860937.5,
1437,421078,311.0,5958125.0,
1438,421078,312.0,7055312.5,
1439,421078,313.0,8152500.0,9.0
1440,421078,313.0,8152500.0,
1441,421078,314.0,9249687.5,
1442,421078,315.0,10346875.0,21.0
1443,421078,316.0,12189062.5,
1444,421078,317.0,14031250.0,31.0
1445,421078,318.0,15554687.5,
1446,421078,319.0,17078125.0,51.0
1447,421078,320.0,18600625.0,
1448,421078,321.0,20123125.0,157.0
1449,421078,322.0,21922187.5,
1450,421078,323.0,23721250.0,169.0
1451,421078,324.0,25244062.5,
1452,421078,325.0,26766875.0,205.0
1453,421078,326.0,29134062.5,
1454,421078,327.0,31501250.0,111.0
1455,421078,328.0,33044687.5,
1456,421078,329.0,34588125.0,43.0
1457,421078,330.0,37322500.0,
1458,421078,331.0,40056875.0,67.0
1459,421078,332.0,41320937.5,
1460,421078,333.0,42585000.0,47.0
1461,421078,334.0,46421562.5,
1462,421078,335.0,50258125.0,20.0
1463,421078,336.0,53884062.5,
1464,421078,337.0,57510000.0,19.0
1465,421078,338.0,58686562.5,
1466,421078,339.0,59863125.0,25.0
1467,421078,340.0,61668437.5,
1468,421078,341.0,63473750.0,102.0
1469,421078,342.0,65726875.0,
1470,421078,343.0,67980000.0,60.0
1471,421078,344.0,70361875.0,
1472,421078,345.0,72743750.0,44.0
1473,421078,346.0,74911250.0,
1474,421078,347.0,77078750.0,33.0
1475,421078,348.0,79594062.5,
1476,421078,349.0,82109375.0,
1477,421078,349.0,82109375.0,3.0
1478,421078,350.0,84624687.5,
1479,421078,351.0,87140000.0,
1480,421078,352.0,89655312.5,
1481,421078,353.0,92170625.0,
1482,421078,354.0,94685937.5,
1483,sp-o10606,154.0,-289375.0,
1484,sp-o10606,155.0,-9375.0,
1485,sp-o10606,156.0,270625.0,90.0
1486,sp-o10606,156.0,270625.0,
1487,sp-o10606,157.0,550625.0,144.0
1488,sp-o10606,158.0,1569375.0,479.0
1489,sp-o10606,159.0,1970000.0,327.0
1490,sp-o10606,160.0,2152500.0,61.0
1491,sp-o10606,160.0,2152500.0,
1492,sp-o10606,161.0,2335000.0,
1493,sp-o10606,162.0,2517500.0,
1494,138121A,202.0,2188125.0,
1495,138121A,203.0,2265625.0,
1496,138121A,204.0,2343125.0,
1497,138121A,205.0,2420625.0,
1498,138121A,206.0,2498125.0,21.0
1499,138121A,206.0,2498125.0,
1500,138121A,207.0,2575625.0,32.0
1501,138121A,208.0,2713750.0,34.0
1502,138121A,209.0,2791875.0,60.0
1503,138121A,210.0,2851875.0,50.0
1504,138121A,211.0,2942500.0,52.0
1505,138121A,212.0,3031875.0,53.0
1506,138121A,213.0,3130000.0,119.0
1507,138121A,214.0,3228125.0,83.0
1508,138121A,215.0,3367500.0,114.0
1509,138121A,216.0,3370625.0,
1510,138121A,216.0,3370625.0,357.0
1511,138121A,217.0,3373750.0,
1512,138121A,218.0,3376875.0,
1513,138121A,219.0,3380000.0,
1514,416030,459.0,1550000.0,
1515,416030,460.0,1635312.5,
1516,416030,461.0,1720625.0,
1517,416030,462.0,1805937.5,
1518,416030,463.0,1891250.0,
1519,416030,464.0,1976562.5,
1520,416030,465.0,2061875.0,17.0
1521,416030,465.0,2061875.0,
1522,416030,466.0,2147187.5,
1523,416030,467.0,2232500.0,2.0
1524,416030,468.0,2349687.5,
1525,416030,469.0,2466875.0,
1526,416030,470.0,2584062.5,
1527,416030,471.0,2701250.0,
1528,416030,472.0,2818437.5,
1529,416030,473.0,2935625.0,16.0
1530,416030,474.0,3064687.5,
1531,416030,475.0,3193750.0,5.0
1532,416030,476.0,3279687.5,
1533,416030,477.0,3365625.0,28.0
1534,416030,478.0,3449687.5,
1535,416030,479.0,3533750.0,17.0
1536,416030,480.0,3773125.0,
1537,416030,481.0,4012500.0,10.0
1538,416030,482.0,4092500.0,
1539,416030,483.0,4172500.0,36.0
1540,416030,484.0,4230937.5,
1541,416030,485.0,4289375.0,21.0
1542,416030,486.0,4446875.0,
1543,416030,487.0,4604375.0,36.0
1544,416030,488.0,4763437.5,
1545,416030,489.0,4922500.0,41.0
1546,416030,490.0,5006875.0,
1547,416030,491.0,5091250.0,23.0
1548,416030,492.0,5280000.0,
1549,416030,493.0,5468750.0,30.0
1550,416030,494.0,5761875.0,
1551,416030,495.0,6055000.0,6.0
1552,416030,496.0,6136875.0,
1553,416030,497.0,6218750.0,7.0
1554,416030,498.0,6400625.0,
1555,416030,499.0,6582500.0,12.0
1556,416030,500.0,6744687.5,
1557,416030,501.0,6906875.0,35.0
1558,416030,502.0,7017500.0,
1559,416030,503.0,7128125.0,107.0
1560,416030,504.0,7304375.0,
1561,416030,505.0,7480625.0,26.0
1562,416030,506.0,7656875.0,
1563,416030,507.0,7833125.0,8.0
1564,416030,508.0,7978437.5,
1565,416030,509.0,8123750.0,8.0
1566,416030,510.0,8314375.0,
1567,416030,511.0,8505000.0,15.0
1568,416030,512.0,8630937.5,
1569,416030,513.0,8756875.0,14.0
1570,416030,514.0,9074375.0,
1571,416030,515.0,9391875.0,
1572,416030,515.0,9391875.0,113.0
1573,416030,516.0,9709375.0,
1574,416030,517.0,10026875.0,
1575,416030,518.0,10344375.0,
1576,416030,519.0,10661875.0,
1577,416030,520.0,10979375.0,
1578,M316,7.0,19846875.0,
1579,M316,8.0,20985625.0,
1580,M316,9.0,22124375.0,99.0
1581,M316,9.0,22124375.0,
1582,M316,10.0,23263125.0,116.0
1583,M316,11.0,24471250.0,142.0
1584,M316,12.0,25080625.0,221.0
1585,M316,12.0,25080625.0,
1586,M316,13.0,25690000.0,
1587,M316,14.0,26299375.0,
1588,ODSS_21166_WSLAHD.1,170.0,871875.0,
1589,ODSS_21166_WSLAHD.1,171.0,915625.0,
1590,ODSS_21166_WSLAHD.1,172.0,959375.0,
1591,ODSS_21166_WSLAHD.1,173.0,1003125.0,
1592,ODSS_21166_WSLAHD.1,174.0,1046875.0,
1593,ODSS_21166_WSLAHD.1,175.0,1090625.0,
1594,ODSS_21166_WSLAHD.1,176.0,1134375.0,
1595,ODSS_21166_WSLAHD.1,177.0,1178125.0,
1596,ODSS_21166_WSLAHD.1,177.0,1178125.0,13.0
1597,ODSS_21166_WSLAHD.1,178.0,1221875.0,12.0
1598,ODSS_21166_WSLAHD.1,179.0,1286875.0,22.0
1599,ODSS_21166_WSLAHD.1,180.0,1351875.0,21.0
1600,ODSS_21166_WSLAHD.1,181.0,1448125.0,39.0
1601,ODSS_21166_WSLAHD.1,182.0,1488125.0,39.0
1602,ODSS_21166_WSLAHD.1,183.0,1626250.0,29.0
1603,ODSS_21166_WSLAHD.1,184.0,1664375.0,28.0
1604,ODSS_21166_WSLAHD.1,185.0,1799375.0,33.0
1605,ODSS_21166_WSLAHD.1,186.0,1851875.0,44.0
1606,ODSS_21166_WSLAHD.1,187.0,2001250.0,42.0
1607,ODSS_21166_WSLAHD.1,188.0,2096875.0,34.0
1608,ODSS_21166_WSLAHD.1,189.0,2192500.0,37.0
1609,ODSS_21166_WSLAHD.1,190.0,2310000.0,29.0
1610,ODSS_21166_WSLAHD.1,191.0,2414375.0,25.0
1611,ODSS_21166_WSLAHD.1,192.0,2504375.0,28.0
1612,ODSS_21166_WSLAHD.1,193.0,2578125.0,18.0
1613,ODSS_21166_WSLAHD.1,194.0,2708750.0,22.0
1614,ODSS_21166_WSLAHD.1,195.0,2742500.0,19.0
1615,ODSS_21166_WSLAHD.1,196.0,2855625.0,10.0
1616,ODSS_21166_WSLAHD.1,197.0,2952500.0,21.0
1617,ODSS_21166_WSLAHD.1,198.0,3038750.0,22.0
1618,ODSS_21166_WSLAHD.1,199.0,3096875.0,7.0
1619,ODSS_21166_WSLAHD.1,200.0,3101250.0,5.0
1620,ODSS_21166_WSLAHD.1,201.0,3236250.0,
1621,ODSS_21166_WSLAHD.1,201.0,3236250.0,7.0
1622,ODSS_21166_WSLAHD.1,202.0,3371250.0,
1623,ODSS_21166_WSLAHD.1,203.0,3506250.0,
1624,ODSS_21166_WSLAHD.1,204.0,3641250.0,
1625,ODSS_21166_WSLAHD.1,205.0,3776250.0,
1626,ODSS_21166_WSLAHD.1,206.0,3911250.0,
1627,BARKERSCREEK,356.0,20625.0,
1628,BARKERSCREEK,357.0,63750.0,22.0
1629,BARKERSCREEK,357.0,63750.0,
1630,BARKERSCREEK,358.0,106875.0,15.0
1631,BARKERSCREEK,359.0,118125.0,7.0
1632,BARKERSCREEK,360.0,158750.0,33.0
1633,BARKERSCREEK,361.0,205000.0,78.0
1634,BARKERSCREEK,362.0,264375.0,116.0
1635,BARKERSCREEK,363.0,326875.0,128.0
1636,BARKERSCREEK,364.0,379375.0,99.0
1637,BARKERSCREEK,365.0,431250.0,7.0
1638,BARKERSCREEK,365.0,431250.0,
1639,BARKERSCREEK,366.0,483125.0,
1640,BARKERSCREEK,367.0,535000.0,
1641,BARKERSCREEK,368.0,586875.0,
1642,401027,157.0,5249375.0,
1643,401027,158.0,9218125.0,
1644,401027,159.0,13186875.0,
1645,401027,160.0,17155625.0,
1646,401027,161.0,21124375.0,
1647,401027,162.0,25093125.0,
1648,401027,163.0,29061875.0,
1649,401027,164.0,33030625.0,16.0
1650,401027,164.0,33030625.0,
1651,401027,165.0,36999375.0,
1652,401027,166.0,40968125.0,37.0
1653,401027,167.0,47487812.5,
1654,401027,168.0,54007500.0,42.0
1655,401027,169.0,62458750.0,
1656,401027,170.0,70910000.0,54.0
1657,401027,171.0,77200000.0,
1658,401027,172.0,83490000.0,79.0
1659,401027,173.0,87642812.5,
1660,401027,174.0,91795625.0,106.0
1661,401027,175.0,96036875.0,
1662,401027,176.0,100278125.0,103.0
1663,401027,177.0,106675000.0,
1664,401027,178.0,113071875.0,96.0
1665,401027,179.0,118896562.5,
1666,401027,180.0,124721250.0,109.0
1667,401027,181.0,130229687.5,
1668,401027,182.0,135738125.0,105.0
1669,401027,183.0,142570625.0,
1670,401027,184.0,149403125.0,72.0
1671,401027,185.0,156743437.5,
1672,401027,186.0,164083750.0,91.0
1673,401027,187.0,170223125.0,
1674,401027,188.0,176362500.0,73.0
1675,401027,189.0,185539375.0,
1676,401027,190.0,194716250.0,
1677,401027,190.0,194716250.0,170.0
1678,401027,191.0,203893125.0,
1679,401027,192.0,213070000.0,
1680,401027,193.0,222246875.0,
1681,401027,194.0,231423750.0,
1682,401027,195.0,240600625.0,
1683,421148,525.0,7118125.0,
1684,421148,526.0,7123750.0,
1685,421148,527.0,7129375.0,
1686,421148,528.0,7135000.0,
1687,421148,529.0,7140625.0,11.0
1688,421148,529.0,7140625.0,
1689,421148,530.0,7146250.0,25.0
1690,421148,531.0,7695000.0,51.0
1691,421148,532.0,8076875.0,99.0
1692,421148,533.0,8600625.0,50.0
1693,421148,534.0,9200625.0,40.0
1694,421148,535.0,9705625.0,23.0
1695,421148,536.0,10345625.0,78.0
1696,421148,537.0,10726875.0,39.0
1697,421148,538.0,11245625.0,111.0
1698,421148,539.0,11857500.0,125.0
1699,421148,540.0,12148750.0,129.0
1700,421148,541.0,12890625.0,150.0
1701,421148,542.0,13501875.0,65.0
1702,421148,543.0,13789375.0,51.0
1703,421148,544.0,14722500.0,11.0
1704,421148,545.0,15172500.0,
1705,421148,546.0,15622500.0,
1706,421148,547.0,16072500.0,14.0
1707,421148,548.0,16689375.0,9.0
1708,421148,549.0,17916875.0,17.0
1709,421148,550.0,18402500.0,45.0
1710,421148,550.0,18402500.0,
1711,421148,551.0,18888125.0,
1712,421148,552.0,19373750.0,
1713,421148,553.0,19859375.0,
1714,138112A,116.0,46875.0,
1715,138112A,117.0,228125.0,
1716,138112A,118.0,409375.0,
1717,138112A,119.0,590625.0,
1718,138112A,120.0,771875.0,
1719,138112A,120.0,771875.0,5.0
1720,138112A,121.0,953125.0,
1721,138112A,122.0,1134375.0,
1722,138112A,123.0,1315625.0,4.0
1723,138112A,124.0,1473750.0,6.0
1724,138112A,125.0,1601250.0,4.0
1725,138112A,126.0,1855000.0,5.0
1726,138112A,127.0,1947500.0,23.0
1727,138112A,128.0,2160625.0,51.0
1728,138112A,129.0,2466250.0,31.0
1729,138112A,130.0,2576875.0,10.0
1730,138112A,131.0,2838125.0,40.0
1731,138112A,132.0,2971250.0,46.0
1732,138112A,133.0,3171250.0,120.0
1733,138112A,134.0,3361250.0,449.0
1734,138112A,135.0,3441250.0,
1735,138112A,135.0,3441250.0,420.0
1736,138112A,136.0,3521250.0,
1737,138112A,137.0,3601250.0,
1738,138112A,138.0,3681250.0,
1739,138112A,139.0,3761250.0,
1740,138112A,140.0,3841250.0,
1741,222539,1170.0,1250.0,
1742,222539,1171.0,22500.0,1.0
1743,222539,1171.0,22500.0,
1744,222539,1172.0,43750.0,26.0
1745,222539,1173.0,58750.0,305.0
1746,222539,1174.0,82500.0,122.0
1747,222539,1175.0,86875.0,
1748,222539,1176.0,91250.0,110.0
1749,222539,1177.0,91875.0,103.0
1750,222539,1178.0,103750.0,131.0
1751,222539,1179.0,115000.0,88.0
1752,222539,1180.0,130000.0,80.0
1753,222539,1181.0,134375.0,86.0
1754,222539,1182.0,136875.0,65.0
1755,222539,1183.0,140000.0,11.0
1756,222539,1184.0,154375.0,3.0
1757,222539,1184.0,154375.0,
1758,222539,1185.0,168750.0,
1759,222539,1186.0,183125.0,
1760,222539,1187.0,197500.0,
1761,120211A,538.0,1198750.0,
1762,120211A,539.0,1343750.0,
1763,120211A,540.0,1488750.0,
1764,120211A,541.0,1633750.0,
1765,120211A,542.0,1778750.0,4.0
1766,120211A,542.0,1778750.0,
1767,120211A,543.0,1923750.0,4.0
1768,120211A,544.0,2131875.0,11.0
1769,120211A,545.0,2414375.0,34.0
1770,120211A,546.0,2621250.0,33.0
1771,120211A,547.0,2895000.0,14.0
1772,120211A,548.0,3135625.0,15.0
1773,120211A,549.0,3359375.0,2.0
1774,120211A,550.0,3912500.0,5.0
1775,120211A,551.0,4228750.0,7.0
1776,120211A,552.0,4616875.0,8.0
1777,120211A,553.0,4878437.5,
1778,120211A,554.0,5140000.0,3.0
1779,120211A,555.0,5343125.0,2.0
1780,120211A,556.0,5736875.0,9.0
1781,120211A,557.0,6104375.0,3.0
1782,120211A,558.0,6443750.0,20.0
1783,120211A,559.0,6679375.0,9.0
1784,120211A,560.0,7120625.0,35.0
1785,120211A,561.0,7351875.0,60.0
1786,120211A,562.0,7711875.0,
1787,120211A,562.0,7711875.0,280.0
1788,120211A,563.0,8071875.0,
1789,120211A,564.0,8431875.0,
1790,120211A,565.0,8791875.0,
1791,120211A,566.0,9151875.0,
1792,120211A,567.0,9511875.0,
1793,410542,1102.0,32187.5,
1794,410542,1103.0,57890.625,
1795,410542,1104.0,83593.75,
1796,410542,1105.0,109296.875,
1797,410542,1106.0,135000.0,2.0
1798,410542,1106.0,135000.0,
1799,410542,1107.0,160703.125,
1800,410542,1108.0,186406.25,
1801,410542,1109.0,212109.375,
1802,410542,1110.0,237812.5,
1803,410542,1111.0,263515.625,
1804,410542,1112.0,289218.75,
1805,410542,1113.0,314921.875,
1806,410542,1114.0,340625.0,13.0
1807,410542,1115.0,364375.0,
1808,410542,1116.0,388125.0,
1809,410542,1117.0,411875.0,
1810,410542,1118.0,435625.0,27.0
1811,410542,1119.0,450000.0,
1812,410542,1120.0,464375.0,
1813,410542,1121.0,478750.0,
1814,410542,1122.0,493125.0,38.0
1815,410542,1123.0,515312.5,
1816,410542,1124.0,537500.0,49.0
1817,410542,1125.0,568750.0,
1818,410542,1126.0,600000.0,68.0
1819,410542,1127.0,630312.5,
1820,410542,1128.0,660625.0,73.0
1821,410542,1129.0,688125.0,
1822,410542,1130.0,715625.0,52.0
1823,410542,1131.0,740000.0,
1824,410542,1132.0,764375.0,58.0
1825,410542,1133.0,791562.5,
1826,410542,1134.0,818750.0,55.0
1827,410542,1135.0,843125.0,
1828,410542,1136.0,867500.0,62.0
1829,410542,1137.0,898437.5,
1830,410542,1138.0,929375.0,73.0
1831,410542,1139.0,966875.0,
1832,410542,1140.0,1004375.0,79.0
1833,410542,1141.0,1014687.5,
1834,410542,1142.0,1025000.0,116.0
1835,410542,1143.0,1052812.5,
1836,410542,1144.0,1080625.0,97.0
1837,410542,1145.0,1095937.5,
1838,410542,1146.0,1111250.0,102.0
1839,410542,1147.0,1142812.5,
1840,410542,1148.0,1174375.0,92.0
1841,410542,1149.0,1182656.25,
1842,410542,1150.0,1190937.5,
1843,410542,1151.0,1199218.75,
1844,410542,1152.0,1207500.0,
1845,410542,1152.0,1207500.0,30.0
1846,410542,1153.0,1215781.25,
1847,410542,1154.0,1224062.5,
1848,410542,1155.0,1232343.75,
1849,410542,1156.0,1240625.0,
1850,410542,1157.0,1248906.25,
1851,233232A,513.0,13750.0,
1852,233232A,514.0,45625.0,
1853,233232A,515.0,77500.0,
1854,233232A,516.0,109375.0,
1855,233232A,517.0,141250.0,3.0
1856,233232A,517.0,141250.0,
1857,233232A,518.0,173125.0,
1858,233232A,519.0,205000.0,5.0
1859,233232A,520.0,283125.0,
1860,233232A,521.0,361250.0,11.0
1861,233232A,522.0,395000.0,
1862,233232A,523.0,428750.0,29.0
1863,233232A,524.0,488750.0,19.0
1864,233232A,525.0,545625.0,6.0
1865,233232A,526.0,555625.0,19.0
1866,233232A,527.0,640000.0,30.0
1867,233232A,528.0,675625.0,29.0
1868,233232A,529.0,744375.0,88.0
1869,233232A,530.0,787500.0,58.0
1870,233232A,531.0,868750.0,61.0
1871,233232A,532.0,926250.0,67.0
1872,233232A,533.0,985000.0,99.0
1873,233232A,534.0,1035000.0,78.0
1874,233232A,535.0,1080625.0,100.0
1875,233232A,536.0,1088125.0,
1876,233232A,536.0,1088125.0,39.0
1877,233232A,537.0,1095625.0,
1878,233232A,538.0,1103125.0,
1879,233232A,539.0,1110625.0,
1880,ODSS_21168_WSLAHD.1,122.0,1534375.0,
1881,ODSS_21168_WSLAHD.1,123.0,1733125.0,
1882,ODSS_21168_WSLAHD.1,124.0,1931875.0,
1883,ODSS_21168_WSLAHD.1,125.0,2130625.0,
1884,ODSS_21168_WSLAHD.1,126.0,2329375.0,
1885,ODSS_21168_WSLAHD.1,127.0,2528125.0,
1886,ODSS_21168_WSLAHD.1,127.0,2528125.0,67.0
1887,ODSS_21168_WSLAHD.1,128.0,2726875.0,116.0
1888,ODSS_21168_WSLAHD.1,129.0,3062500.0,164.0
1889,ODSS_21168_WSLAHD.1,130.0,3389375.0,111.0
1890,ODSS_21168_WSLAHD.1,131.0,3761250.0,91.0
1891,ODSS_21168_WSLAHD.1,132.0,4089375.0,44.0
1892,ODSS_21168_WSLAHD.1,133.0,4296250.0,
1893,ODSS_21168_WSLAHD.1,133.0,4296250.0,21.0
1894,ODSS_21168_WSLAHD.1,134.0,4503125.0,
1895,ODSS_21168_WSLAHD.1,135.0,4710000.0,
1896,ODSS_21168_WSLAHD.1,136.0,4916875.0,
1897,ODSS_21168_WSLAHD.1,137.0,5123750.0,
1898,ODSS_21168_WSLAHD.1,138.0,5330625.0,
1899,422315B,451.0,840000.0,
1900,422315B,452.0,1026875.0,
1901,422315B,453.0,1213750.0,
1902,422315B,454.0,1400625.0,
1903,422315B,455.0,1587500.0,
1904,422315B,456.0,1774375.0,
1905,422315B,456.0,1774375.0,7.0
1906,422315B,457.0,1961250.0,45.0
1907,422315B,458.0,2398750.0,67.0
1908,422315B,459.0,2810625.0,134.0
1909,422315B,460.0,3146875.0,106.0
1910,422315B,461.0,3734375.0,44.0
1911,422315B,462.0,4353750.0,29.0
1912,422315B,463.0,5126875.0,41.0
1913,422315B,464.0,5570000.0,21.0
1914,422315B,465.0,6486250.0,43.0
1915,422315B,466.0,7074375.0,6.0
1916,422315B,467.0,7431250.0,7.0
1917,422315B,468.0,8808125.0,11.0
1918,422315B,469.0,9816875.0,22.0
1919,422315B,470.0,10485625.0,33.0
1920,422315B,471.0,11650625.0,9.0
1921,422315B,472.0,12244375.0,
1922,422315B,472.0,12244375.0,34.0
1923,422315B,473.0,12838125.0,
1924,422315B,474.0,13431875.0,
1925,422315B,475.0,14025625.0,
1926,422315B,476.0,14619375.0,
1927,229102A,344.0,3485625.0,
1928,229102A,345.0,3631875.0,
1929,229102A,346.0,3778125.0,
1930,229102A,347.0,3924375.0,25.0
1931,229102A,347.0,3924375.0,
1932,229102A,348.0,4070625.0,57.0
1933,229102A,349.0,4217500.0,
1934,229102A,350.0,4364375.0,41.0
1935,229102A,351.0,4405000.0,38.0
1936,229102A,352.0,4498125.0,41.0
1937,229102A,353.0,4641250.0,61.0
1938,229102A,354.0,4767500.0,34.0
1939,229102A,355.0,4858750.0,25.0
1940,229102A,356.0,4946875.0,28.0
1941,229102A,357.0,5078750.0,42.0
1942,229102A,358.0,5118125.0,25.0
1943,229102A,359.0,5195000.0,32.0
1944,229102A,360.0,5271250.0,8.0
1945,229102A,361.0,5283750.0,9.0
1946,229102A,362.0,5346875.0,8.0
1947,229102A,363.0,5350625.0,
1948,229102A,363.0,5350625.0,13.0
1949,229102A,364.0,5354375.0,
1950,229102A,365.0,5358125.0,
1951,229102A,366.0,5361875.0,
1952,229102A,367.0,5365625.0,
1953,229102A,368.0,5369375.0,
1954,410748,643.0,2227500.0,
1955,410748,644.0,2403750.0,
1956,410748,645.0,2580000.0,
1957,410748,646.0,2756250.0,24.0
1958,410748,646.0,2756250.0,
1959,410748,647.0,2932500.0,28.0
1960,410748,648.0,3080625.0,40.0
1961,410748,649.0,3186250.0,19.0
1962,410748,650.0,3451250.0,29.0
1963,410748,651.0,3602500.0,27.0
1964,410748,652.0,3764375.0,35.0
1965,410748,653.0,4017500.0,41.0
1966,410748,654.0,4141250.0,11.0
1967,410748,655.0,4336250.0,20.0
1968,410748,656.0,4426875.0,17.0
1969,410748,657.0,4535000.0,20.0
1970,410748,658.0,4722500.0,25.0
1971,410748,659.0,4921875.0,11.0
1972,410748,660.0,4971875.0,6.0
1973,410748,661.0,5303125.0,20.0
1974,410748,662.0,5500625.0,121.0
1975,410748,663.0,5511250.0,
1976,410748,663.0,5511250.0,118.0
1977,410748,664.0,5521875.0,
1978,410748,665.0,5532500.0,
1979,410748,666.0,5543125.0,
1980,410748,667.0,5553750.0,
1981,410748,668.0,5564375.0,
1982,229407A,157.0,1133125.0,
1983,229407A,158.0,1186875.0,
1984,229407A,159.0,1240625.0,
1985,229407A,160.0,1294375.0,41.0
1986,229407A,160.0,1294375.0,
1987,229407A,161.0,1348125.0,160.0
1988,229407A,162.0,1414375.0,181.0
1989,229407A,163.0,1476875.0,197.0
1990,229407A,164.0,1530000.0,147.0
1991,229407A,165.0,1585000.0,170.0
1992,229407A,166.0,1628750.0,148.0
1993,229407A,166.0,1628750.0,
1994,229407A,167.0,1672500.0,
1995,229407A,168.0,1716250.0,
1996,229407A,169.0,1760000.0,
1997,RE690,575.0,9375.0,8.0
1998,RE690,575.0,9375.0,
1999,RE690,576.0,53125.0,46.0
2000,RE690,577.0,111250.0,56.0
2001,RE690,578.0,143125.0,50.0
2002,RE690,579.0,197500.0,99.0
2003,RE690,580.0,241250.0,117.0
2004,RE690,581.0,280000.0,42.0
2005,RE690,582.0,398125.0,33.0
2006,RE690,583.0,466250.0,58.0
2007,RE690,584.0,488750.0,
2008,RE690,584.0,488750.0,4.0
2009,RE690,585.0,511250.0,
2010,RE690,586.0,533750.0,
2011,RE690,587.0,556250.0,
2012,RE690,588.0,578750.0,
2013,RE690,589.0,601250.0,
2014,210117,163.0,5609375.0,
2015,210117,164.0,5881875.0,
2016,210117,165.0,6154375.0,
2017,210117,166.0,6426875.0,
2018,210117,167.0,6699375.0,13.0
2019,210117,167.0,6699375.0,
2020,210117,168.0,6971875.0,13.0
2021,210117,169.0,7548125.0,24.0
2022,210117,170.0,8071250.0,36.0
2023,210117,171.0,8205000.0,34.0
2024,210117,172.0,8526875.0,17.0
2025,210117,173.0,9059375.0,11.0
2026,210117,174.0,9621250.0,92.0
2027,210117,175.0,10013750.0,47.0
2028,210117,176.0,10374375.0,58.0
2029,210117,177.0,10786875.0,50.0
2030,210117,178.0,11227500.0,36.0
2031,210117,179.0,11772500.0,117.0
2032,210117,180.0,12056250.0,113.0
2033,210117,181.0,12515625.0,111.0
2034,210117,182.0,13036250.0,106.0
2035,210117,183.0,13390625.0,202.0
2036,210117,184.0,13832500.0,52.0
2037,210117,185.0,14210625.0,
2038,210117,185.0,14210625.0,113.0
2039,210117,186.0,14588750.0,
2040,210117,187.0,14966875.0,
2041,210117,188.0,15345000.0,
2042,210117,189.0,15723125.0,
2043,210117,190.0,16101250.0,
2044,228264A,64.0,1075625.0,
2045,228264A,65.0,1256250.0,
2046,228264A,66.0,1436875.0,175.0
2047,228264A,66.0,1436875.0,
2048,228264A,67.0,1617500.0,525.0
2049,228264A,68.0,1827500.0,279.0
2050,228264A,69.0,2030000.0,9.0
2051,228264A,69.0,2030000.0,
2052,228264A,70.0,2232500.0,
2053,228264A,71.0,2435000.0,
2054,228264A,72.0,2637500.0,
2055,sp-o10930,241.0,795000.0,
2056,sp-o10930,241.0,795000.0,
2057,sp-o10930,242.0,850625.0,
2058,sp-o10930,243.0,906250.0,
2059,sp-o10930,244.0,961875.0,
2060,sp-o10930,245.0,1017500.0,
2061,sp-o10930,246.0,1073125.0,
2062,sp-o10930,247.0,1128750.0,
2063,sp-o10930,248.0,1184375.0,
2064,sp-o10930,249.0,1240000.0,
2065,sp-o10930,250.0,1295625.0,
2066,sp-o10930,251.0,1351250.0,
2067,sp-o10930,252.0,1406875.0,
2068,sp-o10930,253.0,1462500.0,9.0
2069,sp-o10930,253.0,1462500.0,
2070,sp-o10930,254.0,1518125.0,5.0
2071,sp-o10930,255.0,2005625.0,20.0
2072,sp-o10930,256.0,2185000.0,42.0
2073,sp-o10930,257.0,2486250.0,43.0
2074,sp-o10930,258.0,2763125.0,21.0
2075,sp-o10930,259.0,3215625.0,28.0
2076,sp-o10930,260.0,3471875.0,69.0
2077,sp-o10930,261.0,3963125.0,45.0
2078,sp-o10930,262.0,4439375.0,46.0
2079,sp-o10930,263.0,4842500.0,59.0
2080,sp-o10930,264.0,5135000.0,
2081,sp-o10930,264.0,5135000.0,151.0
2082,sp-o10930,265.0,5427500.0,
2083,sp-o10930,266.0,5720000.0,
2084,sp-o10930,267.0,6012500.0,
2085,sp-o10930,268.0,6305000.0,
2086,sp-o10930,269.0,6597500.0,
2087,WARTOOK,436.0,1109375.0,
2088,WARTOOK,437.0,3190625.0,6.0
2089,WARTOOK,437.0,3190625.0,
2090,WARTOOK,438.0,5271875.0,62.0
2091,WARTOOK,439.0,6801875.0,211.0
2092,WARTOOK,440.0,7914375.0,422.0
2093,WARTOOK,441.0,8358125.0,230.0
2094,WARTOOK,441.0,8358125.0,
2095,WARTOOK,442.0,8801875.0,
2096,WARTOOK,443.0,9245625.0,
2097,WARTOOK,444.0,9689375.0,
2098,203042,112.0,60000.0,
2099,203042,113.0,100625.0,
2100,203042,114.0,141250.0,
2101,203042,115.0,181875.0,1.0
2102,203042,115.0,181875.0,
2103,203042,116.0,222500.0,
2104,203042,117.0,263125.0,
2105,203042,118.0,303750.0,
2106,203042,119.0,344375.0,
2107,203042,120.0,385000.0,5.0
2108,203042,121.0,440000.0,5.0
2109,203042,122.0,525625.0,8.0
2110,203042,123.0,565625.0,10.0
2111,203042,124.0,656250.0,
2112,203042,125.0,746875.0,4.0
2113,203042,126.0,804687.5,
2114,203042,127.0,862500.0,52.0
2115,203042,128.0,906250.0,69.0
2116,203042,129.0,963125.0,
2117,203042,129.0,963125.0,427.0
2118,203042,130.0,1020000.0,
2119,203042,131.0,1076875.0,
2120,203042,132.0,1133750.0,
2121,203042,133.0,1190625.0,
2122,203042,134.0,1247500.0,
2123,222540,888.0,14202500.0,
2124,222540,889.0,14941250.0,
2125,222540,890.0,15680000.0,
2126,222540,891.0,16418750.0,
2127,222540,892.0,17157500.0,
2128,222540,893.0,17896250.0,
2129,222540,894.0,18635000.0,
2130,222540,895.0,19373750.0,28.0
2131,222540,895.0,19373750.0,
2132,222540,896.0,20112500.0,65.0
2133,222540,897.0,20911250.0,70.0
2134,222540,898.0,21525625.0,66.0
2135,222540,899.0,22328750.0,154.0
2136,222540,900.0,23053125.0,143.0
2137,222540,901.0,23512500.0,49.0
2138,222540,902.0,24171250.0,36.0
2139,222540,903.0,24890625.0,60.0
2140,222540,904.0,25406250.0,119.0
2141,222540,905.0,26048125.0,193.0
2142,222540,906.0,26549375.0,186.0
2143,222540,907.0,26941875.0,41.0
2144,222540,907.0,26941875.0,
2145,222540,908.0,27334375.0,
2146,222540,909.0,27726875.0,
2147,222540,910.0,28119375.0,
2148,222540,911.0,28511875.0,
2149,222540,912.0,28904375.0,
2150,410131,318.0,3575312.5,
2151,410131,319.0,4299375.0,
2152,410131,320.0,5023437.5,
2153,410131,321.0,5747500.0,
2154,410131,322.0,6471562.5,
2155,410131,323.0,7195625.0,7.0
2156,410131,323.0,7195625.0,
2157,410131,324.0,7919687.5,
2158,410131,325.0,8643750.0,4.0
2159,410131,326.0,8839843.75,
2160,410131,327.0,9035937.5,
2161,410131,328.0,9232031.25,
2162,410131,329.0,9428125.0,
2163,410131,330.0,9624218.75,
2164,410131,331.0,9820312.5,
2165,410131,332.0,10016406.25,
2166,410131,333.0,10212500.0,5.0
2167,410131,334.0,12398750.0,
2168,410131,335.0,14585000.0,9.0
2169,410131,336.0,15613437.5,
2170,410131,337.0,16641875.0,67.0
2171,410131,338.0,17283437.5,
2172,410131,339.0,17925000.0,42.0
2173,410131,340.0,19109375.0,
2174,410131,341.0,20293750.0,82.0
2175,410131,342.0,21610937.5,
2176,410131,343.0,22928125.0,108.0
2177,410131,344.0,24021250.0,
2178,410131,345.0,25114375.0,283.0
2179,410131,346.0,26130937.5,
2180,410131,347.0,27147500.0,110.0
2181,410131,348.0,28373437.5,
2182,410131,349.0,29599375.0,94.0
2183,410131,350.0,31181875.0,
2184,410131,351.0,32764375.0,64.0
2185,410131,352.0,34293125.0,
2186,410131,353.0,35821875.0,91.0
2187,410131,354.0,37263437.5,
2188,410131,355.0,38705000.0,62.0
2189,410131,356.0,40781875.0,
2190,410131,357.0,42858750.0,26.0
2191,410131,358.0,44757187.5,
2192,410131,359.0,46655625.0,63.0
2193,410131,360.0,47484062.5,
2194,410131,361.0,48312500.0,
2195,410131,361.0,48312500.0,64.0
2196,410131,362.0,49140937.5,
2197,410131,363.0,49969375.0,
2198,410131,364.0,50797812.5,
2199,410131,365.0,51626250.0,
2200,410131,366.0,52454687.5,
2201,410543,1201.0,973125.0,
2202,410543,1202.0,1333750.0,
2203,410543,1203.0,1694375.0,
2204,410543,1204.0,2055000.0,
2205,410543,1205.0,2415625.0,63.0
2206,410543,1205.0,2415625.0,
2207,410543,1206.0,2776250.0,289.0
2208,410543,1207.0,3156875.0,88.0
2209,410543,1208.0,3715000.0,57.0
2210,410543,1209.0,4017500.0,38.0
2211,410543,1210.0,4585000.0,35.0
2212,410543,1211.0,4909375.0,25.0
2213,410543,1212.0,5332500.0,39.0
2214,410543,1213.0,5886250.0,91.0
2215,410543,1214.0,6351250.0,82.0
2216,410543,1215.0,6734375.0,122.0
2217,410543,1216.0,7166875.0,85.0
2218,410543,1217.0,8005000.0,37.0
2219,410543,1218.0,8778125.0,47.0
2220,410543,1219.0,9557500.0,38.0
2221,410543,1220.0,10155000.0,30.0
2222,410543,1221.0,10813750.0,26.0
2223,410543,1222.0,11526875.0,13.0
2224,410543,1223.0,12441875.0,
2225,410543,1224.0,13356875.0,
2226,410543,1224.0,13356875.0,8.0
2227,410543,1225.0,14271875.0,
2228,410543,1226.0,15186875.0,
2229,410543,1227.0,16101875.0,
2230,410543,1228.0,17016875.0,
2231,410543,1229.0,17931875.0,
2232,sp-o11454,202.0,510000.0,
2233,sp-o11454,203.0,754375.0,
2234,sp-o11454,204.0,998750.0,
2235,sp-o11454,205.0,1243125.0,24.0
2236,sp-o11454,205.0,1243125.0,
2237,sp-o11454,206.0,1487500.0,75.0
2238,sp-o11454,207.0,1708125.0,32.0
2239,sp-o11454,208.0,2032500.0,69.0
2240,sp-o11454,209.0,2318750.0,70.0
2241,sp-o11454,210.0,2565625.0,75.0
2242,sp-o11454,211.0,2915625.0,46.0
2243,sp-o11454,212.0,3209375.0,61.0
2244,sp-o11454,213.0,3580000.0,37.0
2245,sp-o11454,214.0,3865000.0,44.0
2246,sp-o11454,215.0,4238750.0,37.0
2247,sp-o11454,216.0,4591250.0,38.0
2248,sp-o11454,217.0,5038750.0,105.0
2249,sp-o11454,218.0,5338125.0,55.0
2250,sp-o11454,219.0,5728125.0,54.0
2251,sp-o11454,220.0,6163750.0,47.0
2252,sp-o11454,221.0,6614375.0,31.0
2253,sp-o11454,222.0,7239375.0,87.0
2254,sp-o11454,223.0,7490000.0,
2255,sp-o11454,223.0,7490000.0,7.0
2256,sp-o11454,224.0,7740625.0,
2257,sp-o11454,225.0,7991250.0,
2258,sp-o11454,226.0,8241875.0,
2259,sp-o11454,227.0,8492500.0,
2260,sp-o11454,228.0,8743125.0,
2261,419041,303.0,289375.0,
2262,419041,304.0,725625.0,
2263,419041,305.0,1161875.0,12.0
2264,419041,305.0,1161875.0,
2265,419041,306.0,1598125.0,14.0
2266,419041,307.0,2440000.0,4.0
2267,419041,308.0,3381875.0,2.0
2268,419041,309.0,3801250.0,13.0
2269,419041,310.0,4303750.0,18.0
2270,419041,311.0,5414375.0,6.0
2271,419041,312.0,5965625.0,7.0
2272,419041,313.0,7420625.0,20.0
2273,419041,314.0,8350000.0,36.0
2274,419041,315.0,10051875.0,36.0
2275,419041,316.0,12085000.0,56.0
2276,419041,317.0,13623750.0,42.0
2277,419041,318.0,15645625.0,40.0
2278,419041,319.0,17062500.0,47.0
2279,419041,320.0,19732500.0,23.0
2280,419041,321.0,21042500.0,66.0
2281,419041,322.0,23618125.0,50.0
2282,419041,323.0,26142500.0,12.0
2283,419041,324.0,29486250.0,9.0
2284,419041,325.0,31053125.0,29.0
2285,419041,326.0,33991250.0,26.0
2286,419041,327.0,36382500.0,8.0
2287,419041,328.0,39544375.0,24.0
2288,419041,329.0,41516875.0,43.0
2289,419041,329.0,41516875.0,
2290,419041,330.0,43489375.0,
2291,419041,331.0,45461875.0,
2292,419041,332.0,47434375.0,
2293,419041,333.0,49406875.0,
2294,419041,334.0,51379375.0,
2295,401569,296.0,850000.0,
2296,401569,297.0,1316250.0,
2297,401569,298.0,1782500.0,9.0
2298,401569,298.0,1782500.0,
2299,401569,299.0,2248750.0,150.0
2300,401569,300.0,2508750.0,256.0
2301,401569,301.0,2737500.0,173.0
2302,401569,302.0,3129375.0,20.0
2303,401569,302.0,3129375.0,
2304,401569,303.0,3521250.0,
2305,401569,304.0,3913125.0,
2306,210097,240.0,8938437.5,
2307,210097,241.0,9266875.0,
2308,210097,242.0,9595312.5,
2309,210097,243.0,9923750.0,
2310,210097,244.0,10252187.5,
2311,210097,245.0,10580625.0,
2312,210097,246.0,10909062.5,
2313,210097,247.0,11237500.0,35.0
2314,210097,247.0,11237500.0,
2315,210097,248.0,11565937.5,
2316,210097,249.0,11894375.0,31.0
2317,210097,250.0,12332812.5,
2318,210097,251.0,12771250.0,27.0
2319,210097,252.0,13427500.0,
2320,210097,253.0,14083750.0,32.0
2321,210097,254.0,14614062.5,
2322,210097,255.0,15144375.0,13.0
2323,210097,256.0,15522500.0,
2324,210097,257.0,15900625.0,25.0
2325,210097,258.0,16620937.5,
2326,210097,259.0,17341250.0,113.0
2327,210097,260.0,17839375.0,
2328,210097,261.0,18337500.0,58.0
2329,210097,262.0,18806250.0,
2330,210097,263.0,19275000.0,97.0
2331,210097,264.0,19853750.0,
2332,210097,265.0,20432500.0,128.0
2333,210097,266.0,20817500.0,
2334,210097,267.0,21202500.0,54.0
2335,210097,268.0,21756250.0,
2336,210097,269.0,22310000.0,69.0
2337,210097,270.0,22925625.0,
2338,210097,271.0,23541250.0,227.0
2339,210097,272.0,24033750.0,
2340,210097,273.0,24526250.0,105.0
2341,210097,274.0,25068437.5,
2342,210097,275.0,25610625.0,200.0
2343,210097,276.0,25891562.5,
2344,210097,277.0,26172500.0,
2345,210097,277.0,26172500.0,5.0
2346,210097,278.0,26453437.5,
2347,210097,279.0,26734375.0,
2348,210097,280.0,27015312.5,
2349,210097,281.0,27296250.0,
2350,210097,282.0,27577187.5,
2351,ODSS_21140_WSLAHD.1,177.0,1211250.0,
2352,ODSS_21140_WSLAHD.1,178.0,1272500.0,
2353,ODSS_21140_WSLAHD.1,179.0,1333750.0,
2354,ODSS_21140_WSLAHD.1,180.0,1395000.0,
2355,ODSS_21140_WSLAHD.1,181.0,1456250.0,19.0
2356,ODSS_21140_WSLAHD.1,181.0,1456250.0,
2357,ODSS_21140_WSLAHD.1,182.0,1517500.0,39.0
2358,ODSS_21140_WSLAHD.1,183.0,1571250.0,43.0
2359,ODSS_21140_WSLAHD.1,184.0,1678125.0,87.0
2360,ODSS_21140_WSLAHD.1,185.0,1738125.0,71.0
2361,ODSS_21140_WSLAHD.1,186.0,1818125.0,85.0
2362,ODSS_21140_WSLAHD.1,187.0,1868750.0,30.0
2363,ODSS_21140_WSLAHD.1,188.0,1932500.0,65.0
2364,ODSS_21140_WSLAHD.1,189.0,1994375.0,37.0
2365,ODSS_21140_WSLAHD.1,190.0,2035000.0,19.0
2366,ODSS_21140_WSLAHD.1,191.0,2062500.0,18.0
2367,ODSS_21140_WSLAHD.1,192.0,2103125.0,32.0
2368,ODSS_21140_WSLAHD.1,193.0,2228125.0,29.0
2369,ODSS_21140_WSLAHD.1,194.0,2231875.0,
2370,ODSS_21140_WSLAHD.1,195.0,2235625.0,19.0
2371,ODSS_21140_WSLAHD.1,196.0,2259375.0,
2372,ODSS_21140_WSLAHD.1,196.0,2259375.0,16.0
2373,ODSS_21140_WSLAHD.1,197.0,2283125.0,
2374,ODSS_21140_WSLAHD.1,198.0,2306875.0,
2375,ODSS_21140_WSLAHD.1,199.0,2330625.0,
2376,143111A,134.0,-388750.0,
2377,143111A,135.0,388125.0,3.0
2378,143111A,135.0,388125.0,
2379,143111A,136.0,1165000.0,85.0
2380,143111A,137.0,1368125.0,38.0
2381,143111A,138.0,1668750.0,54.0
2382,143111A,139.0,2007500.0,97.0
2383,143111A,140.0,2256875.0,77.0
2384,143111A,141.0,2630625.0,16.0
2385,143111A,142.0,3014062.5,
2386,143111A,143.0,3397500.0,10.0
2387,143111A,144.0,4105000.0,16.0
2388,143111A,145.0,4265000.0,11.0
2389,143111A,146.0,4813125.0,19.0
2390,143111A,147.0,5303750.0,66.0
2391,143111A,148.0,5486250.0,73.0
2392,143111A,149.0,6034375.0,21.0
2393,143111A,150.0,6402500.0,45.0
2394,143111A,151.0,6595000.0,34.0
2395,143111A,152.0,7200000.0,46.0
2396,143111A,153.0,7673125.0,146.0
2397,143111A,154.0,7969375.0,346.0
2398,143111A,155.0,8255625.0,27.0
2399,143111A,155.0,8255625.0,
2400,143111A,156.0,8541875.0,
2401,143111A,157.0,8828125.0,
2402,143111A,158.0,9114375.0,
2403,143111A,159.0,9400625.0,
2404,143111A,160.0,9686875.0,
2405,219027,88.0,50000.0,
2406,219027,89.0,105000.0,7.0
2407,219027,89.0,105000.0,
2408,219027,90.0,160000.0,
2409,219027,91.0,215000.0,10.0
2410,219027,92.0,216250.0,31.0
2411,219027,93.0,240625.0,28.0
2412,219027,94.0,285000.0,17.0
2413,219027,95.0,328437.5,
2414,219027,96.0,371875.0,13.0
2415,219027,97.0,464375.0,21.0
2416,219027,98.0,471875.0,23.0
2417,219027,99.0,525000.0,37.0
2418,219027,100.0,588125.0,54.0
2419,219027,101.0,620625.0,95.0
2420,219027,102.0,645000.0,665.0
2421,219027,102.0,645000.0,
2422,219027,103.0,669375.0,
2423,219027,104.0,693750.0,
2424,219027,105.0,718125.0,
2425,219027,106.0,742500.0,
2426,219027,107.0,766875.0,
2427,143234A,56.0,566875.0,
2428,143234A,57.0,1358750.0,599.0
2429,143234A,57.0,1358750.0,
2430,143234A,58.0,2150625.0,78.0
2431,143234A,59.0,2586875.0,53.0
2432,143234A,60.0,3070000.0,94.0
2433,143234A,61.0,3404375.0,65.0
2434,143234A,62.0,3975000.0,40.0
2435,143234A,63.0,4470000.0,70.0
2436,143234A,64.0,4933750.0,54.0
2437,143234A,65.0,5391875.0,174.0
2438,143234A,65.0,5391875.0,
2439,143234A,66.0,5850000.0,
2440,143234A,67.0,6308125.0,
2441,143234A,68.0,6766250.0,
2442,SANDHURST,322.0,18750.0,
2443,SANDHURST,323.0,39375.0,
2444,SANDHURST,324.0,60000.0,
2445,SANDHURST,325.0,80625.0,
2446,SANDHURST,326.0,101250.0,4.0
2447,SANDHURST,326.0,101250.0,
2448,SANDHURST,327.0,121875.0,7.0
2449,SANDHURST,328.0,135000.0,
2450,SANDHURST,329.0,148125.0,11.0
2451,SANDHURST,330.0,170000.0,14.0
2452,SANDHURST,331.0,188125.0,26.0
2453,SANDHURST,332.0,209375.0,40.0
2454,SANDHURST,333.0,236250.0,99.0
2455,SANDHURST,334.0,245000.0,157.0
2456,SANDHURST,335.0,248750.0,147.0
2457,SANDHURST,335.0,248750.0,
2458,SANDHURST,336.0,252500.0,
2459,SANDHURST,337.0,256250.0,
2460,SANDHURST,338.0,260000.0,
2461,SANDHURST,339.0,263750.0,
2462,SANDHURST,340.0,267500.0,
2463,sp-o11590,391.0,335000.0,
2464,sp-o11590,392.0,372500.0,
2465,sp-o11590,393.0,410000.0,
2466,sp-o11590,394.0,447500.0,
2467,sp-o11590,395.0,485000.0,4.0
2468,sp-o11590,395.0,485000.0,
2469,sp-o11590,396.0,522500.0,14.0
2470,sp-o11590,397.0,552500.0,20.0
2471,sp-o11590,398.0,611250.0,15.0
2472,sp-o11590,399.0,645000.0,9.0
2473,sp-o11590,400.0,663125.0,16.0
2474,sp-o11590,401.0,733750.0,11.0
2475,sp-o11590,402.0,768750.0,18.0
2476,sp-o11590,403.0,786875.0,30.0
2477,sp-o11590,404.0,847500.0,26.0
2478,sp-o11590,405.0,891875.0,27.0
2479,sp-o11590,406.0,928125.0,27.0
2480,sp-o11590,407.0,969375.0,96.0
2481,sp-o11590,408.0,978125.0,
2482,sp-o11590,408.0,978125.0,232.0
2483,sp-o11590,409.0,986875.0,
2484,sp-o11590,410.0,995625.0,
2485,sp-o11590,411.0,1004375.0,
2486,ROCKLANDS,181.0,1612500.0,
2487,ROCKLANDS,182.0,3356875.0,81.0
2488,ROCKLANDS,182.0,3356875.0,
2489,ROCKLANDS,183.0,5101250.0,112.0
2490,ROCKLANDS,184.0,6921875.0,122.0
2491,ROCKLANDS,185.0,8850625.0,43.0
2492,ROCKLANDS,186.0,11643125.0,38.0
2493,ROCKLANDS,187.0,14728750.0,71.0
2494,ROCKLANDS,188.0,18063750.0,84.0
2495,ROCKLANDS,189.0,24380625.0,99.0
2496,ROCKLANDS,190.0,29769375.0,126.0
2497,ROCKLANDS,191.0,33043750.0,150.0
2498,ROCKLANDS,192.0,37628750.0,
2499,ROCKLANDS,192.0,37628750.0,12.0
2500,ROCKLANDS,193.0,42213750.0,
2501,ROCKLANDS,194.0,46798750.0,
2502,ROCKLANDS,195.0,51383750.0,
2503,ROCKLANDS,196.0,55968750.0,
2504,ROCKLANDS,197.0,60553750.0,
2505,229130A,124.0,730625.0,
2506,229130A,125.0,808125.0,
2507,229130A,126.0,885625.0,
2508,229130A,127.0,963125.0,
2509,229130A,128.0,1040625.0,
2510,229130A,129.0,1118125.0,17.0
2511,229130A,129.0,1118125.0,
2512,229130A,130.0,1195625.0,43.0
2513,229130A,131.0,1236875.0,39.0
2514,229130A,132.0,1311875.0,47.0
2515,229130A,133.0,1391250.0,54.0
2516,229130A,134.0,1440625.0,36.0
2517,229130A,135.0,1517500.0,33.0
2518,229130A,136.0,1568750.0,38.0
2519,229130A,137.0,1600000.0,48.0
2520,229130A,138.0,1650625.0,42.0
2521,229130A,139.0,1666250.0,129.0
2522,229130A,139.0,1666250.0,
2523,229130A,140.0,1681875.0,
2524,229130A,141.0,1697500.0,
2525,229130A,142.0,1713125.0,
2526,229130A,143.0,1728750.0,
2527,229130A,144.0,1744375.0,
2528,sp-o10814,119.0,2500.0,4.0
2529,sp-o10814,119.0,2500.0,
2530,sp-o10814,120.0,7500.0,2.0
2531,sp-o10814,121.0,11562.5,
2532,sp-o10814,122.0,15625.0,5.0
2533,sp-o10814,123.0,37087500.0,12.0
2534,sp-o10814,124.0,45068125.0,507.0
2535,sp-o10814,125.0,45821875.0,8.0
2536,sp-o10814,125.0,45821875.0,
2537,sp-o10814,126.0,46575625.0,
2538,sp-o10814,127.0,47329375.0,
2539,sp-o10814,128.0,48083125.0,
2540,DAM_MARDI.1,24.0,115000.0,
2541,DAM_MARDI.1,25.0,153125.0,
2542,DAM_MARDI.1,26.0,191250.0,
2543,DAM_MARDI.1,27.0,229375.0,
2544,DAM_MARDI.1,28.0,267500.0,
2545,DAM_MARDI.1,29.0,305625.0,
2546,DAM_MARDI.1,29.0,305625.0,3.0
2547,DAM_MARDI.1,30.0,343750.0,4.0
2548,DAM_MARDI.1,31.0,357500.0,17.0
2549,DAM_MARDI.1,32.0,390625.0,36.0
2550,DAM_MARDI.1,33.0,411250.0,57.0
2551,DAM_MARDI.1,34.0,434375.0,55.0
2552,DAM_MARDI.1,35.0,470625.0,64.0
2553,DAM_MARDI.1,36.0,491250.0,47.0
2554,DAM_MARDI.1,37.0,508125.0,53.0
2555,DAM_MARDI.1,38.0,538125.0,63.0
2556,DAM_MARDI.1,39.0,551250.0,75.0
2557,DAM_MARDI.1,40.0,578125.0,
2558,DAM_MARDI.1,40.0,578125.0,106.0
2559,DAM_MARDI.1,41.0,605000.0,
2560,DAM_MARDI.1,42.0,631875.0,
2561,DAM_MARDI.1,43.0,658750.0,
2562,DAM_MARDI.1,44.0,685625.0,
2563,DAM_MARDI.1,45.0,712500.0,
2564,130360A,252.0,46250.0,174.0
2565,130360A,252.0,46250.0,
2566,130360A,253.0,106875.0,12.0
2567,130360A,254.0,196250.0,2.0
2568,130360A,255.0,287500.0,5.0
2569,130360A,256.0,383125.0,9.0
2570,130360A,257.0,520000.0,7.0
2571,130360A,258.0,689375.0,10.0
2572,130360A,259.0,960000.0,14.0
2573,130360A,260.0,1225625.0,17.0
2574,130360A,261.0,1540000.0,28.0
2575,130360A,262.0,1779375.0,50.0
2576,130360A,263.0,1994375.0,59.0
2577,130360A,264.0,2186250.0,68.0
2578,130360A,265.0,2310000.0,120.0
2579,130360A,265.0,2310000.0,
2580,130360A,266.0,2433750.0,
2581,130360A,267.0,2557500.0,
2582,ODSS_47683_WSLAHD.1,191.0,75625.0,
2583,ODSS_47683_WSLAHD.1,192.0,76250.0,
2584,ODSS_47683_WSLAHD.1,193.0,76875.0,6.0
2585,ODSS_47683_WSLAHD.1,193.0,76875.0,
2586,ODSS_47683_WSLAHD.1,194.0,77500.0,8.0
2587,ODSS_47683_WSLAHD.1,194.0,77500.0,
2588,ODSS_47683_WSLAHD.1,195.0,123750.0,10.0
2589,ODSS_47683_WSLAHD.1,196.0,137500.0,26.0
2590,ODSS_47683_WSLAHD.1,197.0,188750.0,45.0
2591,ODSS_47683_WSLAHD.1,198.0,218125.0,135.0
2592,ODSS_47683_WSLAHD.1,199.0,253750.0,105.0
2593,ODSS_47683_WSLAHD.1,200.0,290000.0,96.0
2594,ODSS_47683_WSLAHD.1,201.0,327500.0,
2595,ODSS_47683_WSLAHD.1,201.0,327500.0,173.0
2596,ODSS_47683_WSLAHD.1,202.0,365000.0,
2597,ODSS_47683_WSLAHD.1,203.0,402500.0,
2598,ODSS_47683_WSLAHD.1,204.0,440000.0,
2599,sp-o10109,251.0,520625.0,
2600,sp-o10109,252.0,623125.0,
2601,sp-o10109,253.0,725625.0,
2602,sp-o10109,254.0,828125.0,
2603,sp-o10109,255.0,930625.0,5.0
2604,sp-o10109,255.0,930625.0,
2605,sp-o10109,256.0,1033125.0,15.0
2606,sp-o10109,257.0,1215000.0,34.0
2607,sp-o10109,258.0,1503125.0,52.0
2608,sp-o10109,259.0,1680625.0,43.0
2609,sp-o10109,260.0,1890625.0,127.0
2610,sp-o10109,261.0,2234375.0,308.0
2611,sp-o10109,262.0,2530000.0,168.0
2612,sp-o10109,263.0,2787500.0,123.0
2613,sp-o10109,264.0,2923125.0,296.0
2614,sp-o10109,264.0,2923125.0,
2615,sp-o10109,265.0,3058750.0,
2616,sp-o10109,266.0,3194375.0,
2617,sp-o10109,267.0,3330000.0,
2618,sp-o10109,268.0,3465625.0,
2619,sp-o10109,269.0,3601250.0,
2620,sp-o11534,109.0,21679375.0,
2621,sp-o11534,110.0,24951250.0,
2622,sp-o11534,111.0,28223125.0,
2623,sp-o11534,112.0,31495000.0,26.0
2624,sp-o11534,112.0,31495000.0,
2625,sp-o11534,113.0,34766875.0,23.0
2626,sp-o11534,114.0,36910625.0,36.0
2627,sp-o11534,115.0,40415625.0,250.0
2628,sp-o11534,116.0,43258750.0,253.0
2629,sp-o11534,117.0,46385000.0,137.0
2630,sp-o11534,118.0,50172500.0,93.0
2631,sp-o11534,119.0,53450625.0,93.0
2632,sp-o11534,120.0,56994375.0,152.0
2633,sp-o11534,121.0,58761250.0,
2634,sp-o11534,121.0,58761250.0,44.0
2635,sp-o11534,122.0,60528125.0,
2636,sp-o11534,123.0,62295000.0,
2637,sp-o11534,124.0,64061875.0,
