#Station Long Name,DUNHAM PILOT DAM,,
#Station Number,DPD.Q,,
#Station Location Latitude,-16.032589,,
#Station Location Longitude,128.363891,,
#Parameter Type Name,Storage Level,,
#Timeseries Name,,,
#Unit Name,meter,,
#DATA_OWNER_NAME,QUINTIS SANDALWOOD,,
#Rows,,,
#Timestamp,Value,Quality Code,Interpolation Type
10/01/2013,99.134,,
11/01/2013,99.11393939,,
12/01/2013,99.09387879,,
13/01/2013,99.07381818,,
14/01/2013,99.05375758,,
15/01/2013,99.03369697,,
16/01/2013,99.01363636,,
17/01/2013,98.99357576,,
18/01/2013,98.97351515,,
19/01/2013,98.95345455,,
20/01/2013,98.93339394,,
21/01/2013,98.91333333,,
22/01/2013,98.89327273,,
23/01/2013,98.87321212,,
24/01/2013,98.85315152,,
25/01/2013,98.83309091,,
26/01/2013,98.8130303,,
27/01/2013,98.7929697,,
28/01/2013,98.77290909,,
29/01/2013,98.75284848,,
30/01/2013,98.73278788,,
31/01/2013,98.71272727,,
1/02/2013,98.69266667,,
2/02/2013,98.67260606,,
3/02/2013,98.65254545,,
4/02/2013,98.63248485,,
5/02/2013,98.61242424,,
6/02/2013,98.59236364,,
7/02/2013,98.57230303,,
8/02/2013,98.55224242,,
9/02/2013,98.53218182,,
10/02/2013,98.51212121,,
11/02/2013,98.49206061,,
12/02/2013,98.472,,
13/02/2013,98.48308772,,
14/02/2013,98.49417544,,
15/02/2013,98.50526316,,
16/02/2013,98.51635088,,
17/02/2013,98.5274386,,
18/02/2013,98.53852632,,
19/02/2013,98.54961404,,
20/02/2013,98.56070175,,
21/02/2013,98.57178947,,
22/02/2013,98.58287719,,
23/02/2013,98.59396491,,
24/02/2013,98.60505263,,
25/02/2013,98.61614035,,
26/02/2013,98.62722807,,
27/02/2013,98.63831579,,
28/02/2013,98.64940351,,
1/03/2013,98.66049123,,
2/03/2013,98.67157895,,
3/03/2013,98.68266667,,
4/03/2013,98.69375439,,
5/03/2013,98.70484211,,
6/03/2013,98.71592982,,
7/03/2013,98.72701754,,
8/03/2013,98.73810526,,
9/03/2013,98.74919298,,
10/03/2013,98.7602807,,
11/03/2013,98.77136842,,
12/03/2013,98.78245614,,
13/03/2013,98.79354386,,
14/03/2013,98.80463158,,
15/03/2013,98.8157193,,
16/03/2013,98.82680702,,
17/03/2013,98.83789474,,
18/03/2013,98.84898246,,
19/03/2013,98.86007018,,
20/03/2013,98.87115789,,
21/03/2013,98.88224561,,
22/03/2013,98.89333333,,
23/03/2013,98.90442105,,
24/03/2013,98.91550877,,
25/03/2013,98.92659649,,
26/03/2013,98.93768421,,
27/03/2013,98.94877193,,
28/03/2013,98.95985965,,
29/03/2013,98.97094737,,
30/03/2013,98.98203509,,
31/03/2013,98.99312281,,
1/04/2013,99.00421053,,
2/04/2013,99.01529825,,
3/04/2013,99.02638596,,
4/04/2013,99.03747368,,
5/04/2013,99.0485614,,
6/04/2013,99.05964912,,
7/04/2013,99.07073684,,
8/04/2013,99.08182456,,
9/04/2013,99.09291228,,
10/04/2013,99.104,,
11/04/2013,98.584,,
12/04/2013,98.462,,
13/04/2013,98.46383333,,
14/04/2013,98.46566667,,
15/04/2013,98.4675,,
16/04/2013,98.46933333,,
17/04/2013,98.47116667,,
18/04/2013,98.473,,
19/04/2013,98.47483333,,
20/04/2013,98.47666667,,
21/04/2013,98.4785,,
22/04/2013,98.48033333,,
23/04/2013,98.48216667,,
24/04/2013,98.484,,
25/04/2013,98.48583333,,
26/04/2013,98.48766667,,
27/04/2013,98.4895,,
28/04/2013,98.49133333,,
29/04/2013,98.49316667,,
30/04/2013,98.495,,
1/05/2013,98.49683333,,
2/05/2013,98.49866667,,
3/05/2013,98.5005,,
4/05/2013,98.50233333,,
5/05/2013,98.50416667,,
6/05/2013,98.506,,
7/05/2013,98.50783333,,
8/05/2013,98.50966667,,
9/05/2013,98.5115,,
10/05/2013,98.51333333,,
11/05/2013,98.51516667,,
12/05/2013,98.517,,
13/05/2013,98.51883333,,
14/05/2013,98.52066667,,
15/05/2013,98.5225,,
16/05/2013,98.52433333,,
17/05/2013,98.52616667,,
18/05/2013,98.528,,
19/05/2013,98.52983333,,
20/05/2013,98.53166667,,
21/05/2013,98.5335,,
22/05/2013,98.53533333,,
23/05/2013,98.53716667,,
24/05/2013,98.539,,
25/05/2013,98.54083333,,
26/05/2013,98.54266667,,
27/05/2013,98.5445,,
28/05/2013,98.54633333,,
29/05/2013,98.54816667,,
30/05/2013,98.55,,
31/05/2013,98.55183333,,
1/06/2013,98.55366667,,
2/06/2013,98.5555,,
3/06/2013,98.55733333,,
4/06/2013,98.55916667,,
5/06/2013,98.561,,
6/06/2013,98.56283333,,
7/06/2013,98.56466667,,
8/06/2013,98.5665,,
9/06/2013,98.56833333,,
10/06/2013,98.57016667,,
11/06/2013,98.572,,
12/06/2013,98.452,,
13/06/2013,98.47385714,,
14/06/2013,98.49571429,,
15/06/2013,98.51757143,,
16/06/2013,98.53942857,,
17/06/2013,98.56128571,,
18/06/2013,98.58314286,,
19/06/2013,98.605,,
20/06/2013,98.62685714,,
21/06/2013,98.64871429,,
22/06/2013,98.67057143,,
23/06/2013,98.69242857,,
24/06/2013,98.71428571,,
25/06/2013,98.73614286,,
26/06/2013,98.758,,
27/06/2013,98.77985714,,
28/06/2013,98.80171429,,
29/06/2013,98.82357143,,
30/06/2013,98.84542857,,
1/07/2013,98.86728571,,
2/07/2013,98.88914286,,
3/07/2013,98.911,,
4/07/2013,98.93285714,,
5/07/2013,98.95471429,,
6/07/2013,98.97657143,,
7/07/2013,98.99842857,,
8/07/2013,99.02028571,,
9/07/2013,99.04214286,,
10/07/2013,99.064,,
11/07/2013,99.0476875,,
12/07/2013,99.031375,,
13/07/2013,99.0150625,,
14/07/2013,98.99875,,
15/07/2013,98.9824375,,
16/07/2013,98.966125,,
17/07/2013,98.9498125,,
18/07/2013,98.9335,,
19/07/2013,98.9171875,,
20/07/2013,98.900875,,
21/07/2013,98.8845625,,
22/07/2013,98.86825,,
23/07/2013,98.8519375,,
24/07/2013,98.835625,,
25/07/2013,98.8193125,,
26/07/2013,98.803,,
27/07/2013,98.7866875,,
28/07/2013,98.770375,,
29/07/2013,98.7540625,,
30/07/2013,98.73775,,
31/07/2013,98.7214375,,
1/08/2013,98.705125,,
2/08/2013,98.6888125,,
3/08/2013,98.6725,,
4/08/2013,98.6561875,,
5/08/2013,98.639875,,
6/08/2013,98.6235625,,
7/08/2013,98.60725,,
8/08/2013,98.5909375,,
9/08/2013,98.574625,,
10/08/2013,98.5583125,,
11/08/2013,98.542,,
12/08/2013,98.5594,,
13/08/2013,98.5768,,
14/08/2013,98.5942,,
15/08/2013,98.6116,,
16/08/2013,98.629,,
17/08/2013,98.6464,,
18/08/2013,98.6638,,
19/08/2013,98.6812,,
20/08/2013,98.6986,,
21/08/2013,98.716,,
22/08/2013,98.7334,,
23/08/2013,98.7508,,
24/08/2013,98.7682,,
25/08/2013,98.7856,,
26/08/2013,98.803,,
27/08/2013,98.8204,,
28/08/2013,98.8378,,
29/08/2013,98.8552,,
30/08/2013,98.8726,,
31/08/2013,98.89,,
1/09/2013,98.9074,,
2/09/2013,98.9248,,
3/09/2013,98.9422,,
4/09/2013,98.9596,,
5/09/2013,98.977,,
6/09/2013,98.9944,,
7/09/2013,99.0118,,
8/09/2013,99.0292,,
9/09/2013,99.0466,,
10/09/2013,99.064,,
11/09/2013,98.753,,
12/09/2013,98.442,,
13/09/2013,98.4518,,
14/09/2013,98.4616,,
15/09/2013,98.4714,,
16/09/2013,98.4812,,
17/09/2013,98.491,,
18/09/2013,98.5008,,
19/09/2013,98.5106,,
20/09/2013,98.5204,,
21/09/2013,98.5302,,
22/09/2013,98.54,,
23/09/2013,98.5498,,
24/09/2013,98.5596,,
25/09/2013,98.5694,,
26/09/2013,98.5792,,
27/09/2013,98.589,,
28/09/2013,98.5988,,
29/09/2013,98.6086,,
30/09/2013,98.6184,,
1/10/2013,98.6282,,
2/10/2013,98.638,,
3/10/2013,98.6478,,
4/10/2013,98.6576,,
5/10/2013,98.6674,,
6/10/2013,98.6772,,
7/10/2013,98.687,,
8/10/2013,98.6968,,
9/10/2013,98.7066,,
10/10/2013,98.7164,,
11/10/2013,98.7262,,
12/10/2013,98.736,,
13/10/2013,98.7458,,
14/10/2013,98.7556,,
15/10/2013,98.7654,,
16/10/2013,98.7752,,
17/10/2013,98.785,,
18/10/2013,98.7948,,
19/10/2013,98.8046,,
20/10/2013,98.8144,,
21/10/2013,98.8242,,
22/10/2013,98.834,,
23/10/2013,98.824,,
24/10/2013,98.814,,
25/10/2013,98.804,,
26/10/2013,98.80066667,,
27/10/2013,98.79733333,,
28/10/2013,98.794,,
29/10/2013,98.744,,
30/10/2013,98.694,,
31/10/2013,98.72672727,,
1/11/2013,98.75945455,,
2/11/2013,98.79218182,,
3/11/2013,98.82490909,,
4/11/2013,98.85763636,,
5/11/2013,98.89036364,,
6/11/2013,98.92309091,,
7/11/2013,98.95581818,,
8/11/2013,98.98854545,,
9/11/2013,99.02127273,,
10/11/2013,99.054,,
11/11/2013,98.652,,
12/11/2013,98.422,,
13/11/2013,98.612,,
14/11/2013,98.597,,
15/11/2013,98.582,,
16/11/2013,98.562,,
17/11/2013,98.542,,
18/11/2013,98.522,,
19/11/2013,98.512,,
20/11/2013,98.502,,
21/11/2013,98.4945,,
22/11/2013,98.487,,
23/11/2013,98.50033333,,
24/11/2013,98.51366667,,
25/11/2013,98.527,,
26/11/2013,98.5145,,
27/11/2013,98.502,,
28/11/2013,98.497,,
29/11/2013,98.492,,
30/11/2013,98.48485714,,
1/12/2013,98.47771429,,
2/12/2013,98.47057143,,
3/12/2013,98.46342857,,
4/12/2013,98.45628571,,
5/12/2013,98.44914286,,
6/12/2013,98.442,,
7/12/2013,98.43485714,,
8/12/2013,98.42771429,,
9/12/2013,98.42057143,,
10/12/2013,98.41342857,,
11/12/2013,98.40628571,,
12/12/2013,98.39914286,,
13/12/2013,98.392,,
14/12/2013,98.38866667,,
15/12/2013,98.38533333,,
16/12/2013,98.382,,
17/12/2013,98.367,,
18/12/2013,98.352,,
19/12/2013,98.337,,
20/12/2013,98.322,,
21/12/2013,98.29533333,,
22/12/2013,98.26866667,,
23/12/2013,98.242,,
24/12/2013,98.2695,,
25/12/2013,98.297,,
26/12/2013,98.3245,,
27/12/2013,98.352,,
28/12/2013,98.352,,
29/12/2013,98.352,,
30/12/2013,98.352,,
31/12/2013,98.352,,
1/01/2014,99.69466667,,
2/01/2014,101.0373333,,
3/01/2014,102.38,,
4/01/2014,102.14,,
5/01/2014,101.91,,
6/01/2014,101.495,,
7/01/2014,101.08,,
8/01/2014,100.81,,
9/01/2014,100.39,,
10/01/2014,100.02,,
11/01/2014,99.7015,,
12/01/2014,99.383,,
13/01/2014,98.212,,
14/01/2014,98.382,,
15/01/2014,98.552,,
16/01/2014,98.722,,
17/01/2014,98.892,,
18/01/2014,98.94866667,,
19/01/2014,99.00533333,,
20/01/2014,99.062,,
21/01/2014,99.067,,
22/01/2014,99.072,,
23/01/2014,99.087,,
24/01/2014,99.102,,
25/01/2014,99.13866667,,
26/01/2014,99.17533333,,
27/01/2014,99.212,,
28/01/2014,99.1745,,
29/01/2014,99.137,,
30/01/2014,99.142,,
31/01/2014,99.147,,
1/02/2014,100.218,,
2/02/2014,101.289,,
3/02/2014,102.36,,
4/02/2014,102.13,,
5/02/2014,102.1044444,,
6/02/2014,102.0788889,,
7/02/2014,102.0533333,,
8/02/2014,102.0277778,,
9/02/2014,102.0022222,,
10/02/2014,101.9766667,,
11/02/2014,101.9511111,,
12/02/2014,101.9255556,,
13/02/2014,101.9,,
14/02/2014,101.98,,
15/02/2014,102.01,,
16/02/2014,102.08,,
17/02/2014,102.11,,
18/02/2014,102.26,,
19/02/2014,102.31,,
20/02/2014,102.33,,
21/02/2014,102.34,,
22/02/2014,102.34,,
23/02/2014,102.33,,
24/02/2014,102.32,,
25/02/2014,102.32,,
26/02/2014,102.39,,
27/02/2014,102.39,,
28/02/2014,102.39,,
1/03/2014,98.347,,
2/03/2014,99.164,,
3/03/2014,102.35,,
4/03/2014,102.13,,
5/03/2014,101.845,,
6/03/2014,101.56,,
7/03/2014,101.07,,
8/03/2014,100.72,,
9/03/2014,100.37,,
10/03/2014,99.997,,
11/03/2014,99.827,,
12/03/2014,99.344,,
13/03/2014,102.34,,
14/03/2014,102.33,,
15/03/2014,102.32,,
16/03/2014,102.31,,
17/03/2014,102.3,,
18/03/2014,102.29,,
19/03/2014,102.27,,
20/03/2014,102.26,,
21/03/2014,102.25,,
22/03/2014,102.2433333,,
23/03/2014,102.2366667,,
24/03/2014,102.23,,
25/03/2014,102.22,,
26/03/2014,102.21,,
27/03/2014,102.2,,
28/03/2014,102.18,,
29/03/2014,102.1666667,,
30/03/2014,102.1533333,,
31/03/2014,102.14,,
1/04/2014,102.2066667,,
2/04/2014,102.2733333,,
3/04/2014,102.34,,
4/04/2014,102.0766667,,
5/04/2014,101.8133333,,
6/04/2014,101.55,,
7/04/2014,101.06,,
8/04/2014,100.77,,
9/04/2014,100.9883333,,
10/04/2014,101.2066667,,
11/04/2014,101.425,,
12/04/2014,101.6433333,,
13/04/2014,101.8616667,,
14/04/2014,102.08,,
15/04/2014,102.08,,
16/04/2014,102.07,,
17/04/2014,102.06,,
18/04/2014,102.05,,
19/04/2014,102.04,,
20/04/2014,102.03,,
21/04/2014,102.02,,
22/04/2014,102.01,,
23/04/2014,101.98,,
24/04/2014,101.97,,
25/04/2014,101.96,,
26/04/2014,101.95,,
27/04/2014,101.9433333,,
28/04/2014,101.9366667,,
29/04/2014,101.93,,
30/04/2014,101.92,,
1/05/2014,100.546,,
2/05/2014,99.172,,
3/05/2014,102.33,,
4/05/2014,102.095,,
5/05/2014,101.86,,
6/05/2014,101.48,,
7/05/2014,101.1,,
8/05/2014,100.72,,
9/05/2014,100.34,,
10/05/2014,99.9335,,
11/05/2014,99.527,,
12/05/2014,99.332,,
13/05/2014,101.75,,
14/05/2014,101.74,,
15/05/2014,101.73,,
16/05/2014,101.72,,
17/05/2014,101.7166667,,
18/05/2014,101.7133333,,
19/05/2014,101.71,,
20/05/2014,101.7,,
21/05/2014,101.695,,
22/05/2014,101.69,,
23/05/2014,101.68,,
24/05/2014,101.67,,
25/05/2014,101.66,,
26/05/2014,101.65,,
27/05/2014,101.64,,
28/05/2014,101.63,,
29/05/2014,101.62,,
30/05/2014,101.61,,
31/05/2014,99.9735,,
1/06/2014,98.337,,
2/06/2014,99.177,,
3/06/2014,102.33,,
4/06/2014,102.0566667,,
5/06/2014,101.7833333,,
6/06/2014,101.51,,
7/06/2014,101.125,,
8/06/2014,100.74,,
9/06/2014,100.3485,,
10/06/2014,99.957,,
11/06/2014,99.515,,
12/06/2014,100.4625,,
13/06/2014,101.41,,
14/06/2014,101.3975,,
15/06/2014,101.385,,
16/06/2014,101.3725,,
17/06/2014,101.36,,
18/06/2014,101.351,,
19/06/2014,101.342,,
20/06/2014,101.333,,
21/06/2014,101.324,,
22/06/2014,101.315,,
23/06/2014,101.306,,
24/06/2014,101.297,,
25/06/2014,101.288,,
26/06/2014,101.279,,
27/06/2014,101.27,,
28/06/2014,101.2533333,,
29/06/2014,101.2366667,,
30/06/2014,101.22,,
1/07/2014,101.6133333,,
2/07/2014,102.0066667,,
3/07/2014,102.4,,
4/07/2014,102.09,,
5/07/2014,101.83,,
6/07/2014,101.49,,
7/07/2014,101.03,,
8/07/2014,100.64925,,
9/07/2014,100.2685,,
10/07/2014,99.88775,,
11/07/2014,99.507,,
12/07/2014,99.998,,
13/07/2014,100.489,,
14/07/2014,100.98,,
15/07/2014,100.97,,
16/07/2014,100.96,,
17/07/2014,100.955,,
18/07/2014,100.95,,
19/07/2014,100.9366667,,
20/07/2014,100.9233333,,
21/07/2014,100.91,,
22/07/2014,101.11,,
23/07/2014,101.31,,
24/07/2014,101.3,,
25/07/2014,100.87,,
26/07/2014,100.8533333,,
27/07/2014,100.8366667,,
28/07/2014,100.82,,
29/07/2014,100.825,,
30/07/2014,100.83,,
31/07/2014,99.561,,
1/08/2014,98.292,,
2/08/2014,100.346,,
3/08/2014,102.4,,
4/08/2014,102.08,,
5/08/2014,101.74,,
6/08/2014,101.4,,
7/08/2014,101.06,,
8/08/2014,100.72,,
9/08/2014,100.31,,
10/08/2014,99.932,,
11/08/2014,99.6295,,
12/08/2014,99.327,,
13/08/2014,100.63,,
14/08/2014,100.615,,
15/08/2014,100.6,,
16/08/2014,100.5825,,
17/08/2014,100.565,,
18/08/2014,100.5475,,
19/08/2014,100.53,,
20/08/2014,100.52,,
21/08/2014,100.515,,
22/08/2014,100.51,,
23/08/2014,100.5,,
24/08/2014,100.49,,
25/08/2014,100.48,,
26/08/2014,100.46,,
27/08/2014,100.44,,
28/08/2014,100.5922222,,
29/08/2014,100.7444444,,
30/08/2014,100.8966667,,
31/08/2014,101.0488889,,
1/09/2014,101.2011111,,
2/09/2014,101.3533333,,
3/09/2014,101.5055556,,
4/09/2014,101.6577778,,
5/09/2014,101.81,,
6/09/2014,101.46,,
7/09/2014,101.02,,
8/09/2014,100.9085714,,
9/09/2014,100.7971429,,
10/09/2014,100.6857143,,
11/09/2014,100.5742857,,
12/09/2014,100.4628571,,
13/09/2014,100.3514286,,
14/09/2014,100.24,,
15/09/2014,100.22,,
16/09/2014,100.2,,
17/09/2014,100.185,,
18/09/2014,100.17,,
19/09/2014,100.1575,,
20/09/2014,100.145,,
21/09/2014,100.1325,,
22/09/2014,100.12,,
23/09/2014,100.11,,
24/09/2014,100.1,,
25/09/2014,100.08,,
26/09/2014,100.06,,
27/09/2014,100.055,,
28/09/2014,100.05,,
29/09/2014,100.04,,
30/09/2014,99.156,,
1/10/2014,98.272,,
2/10/2014,101.56,,
3/10/2014,102.38,,
4/10/2014,102.09,,
5/10/2014,101.7425,,
6/10/2014,101.395,,
7/10/2014,101.0475,,
8/10/2014,100.7,,
9/10/2014,100.29,,
10/10/2014,99.902,,
11/10/2014,99.467,,
12/10/2014,99.307,,
13/10/2014,99.872,,
14/10/2014,99.8545,,
15/10/2014,99.837,,
16/10/2014,99.822,,
17/10/2014,99.807,,
18/10/2014,99.792,,
19/10/2014,99.777,,
20/10/2014,99.762,,
21/10/2014,99.7495,,
22/10/2014,99.737,,
23/10/2014,99.7195,,
24/10/2014,99.702,,
25/10/2014,99.687,,
26/10/2014,99.672,,
27/10/2014,99.657,,
28/10/2014,99.637,,
29/10/2014,99.617,,
30/10/2014,99.607,,
31/10/2014,99.597,,
1/11/2014,100.6385,,
2/11/2014,101.68,,
3/11/2014,102.36,,
4/11/2014,102.08,,
5/11/2014,101.7133333,,
6/11/2014,101.3466667,,
7/11/2014,100.98,,
8/11/2014,100.7581429,,
9/11/2014,100.5362857,,
10/11/2014,100.3144286,,
11/11/2014,100.0925714,,
12/11/2014,99.87071429,,
13/11/2014,99.64885714,,
14/11/2014,99.427,,
15/11/2014,99.426,,
16/11/2014,99.425,,
17/11/2014,99.424,,
18/11/2014,99.428,,
19/11/2014,99.432,,
20/11/2014,99.417,,
21/11/2014,99.402,,
22/11/2014,99.40866667,,
23/11/2014,99.41533333,,
24/11/2014,99.422,,
25/11/2014,99.4345,,
26/11/2014,99.447,,
27/11/2014,99.432,,
28/11/2014,99.417,,
29/11/2014,99.402,,
30/11/2014,99.387,,
1/12/2014,100.6035,,
2/12/2014,101.82,,
3/12/2014,102.35,,
4/12/2014,102.055,,
5/12/2014,101.76,,
6/12/2014,101.42,,
7/12/2014,101.0366667,,
8/12/2014,100.6533333,,
9/12/2014,100.27,,
10/12/2014,99.8585,,
11/12/2014,99.447,,
12/12/2014,99.272,,
13/12/2014,99.264,,
14/12/2014,99.259,,
15/12/2014,99.223,,
16/12/2014,99.187,,
17/12/2014,99.177,,
18/12/2014,99.167,,
19/12/2014,99.182,,
20/12/2014,99.197,,
21/12/2014,99.197,,
22/12/2014,99.197,,
23/12/2014,99.192,,
24/12/2014,99.18566667,,
25/12/2014,99.17933333,,
26/12/2014,99.173,,
27/12/2014,99.1605,,
28/12/2014,99.148,,
29/12/2014,99.127,,
30/12/2014,99.132,,
31/12/2014,99.277,,
1/01/2015,99.297,,
2/01/2015,99.822,,
3/01/2015,99.51533333,,
4/01/2015,99.20866667,,
5/01/2015,98.902,,
6/01/2015,98.4845,,
7/01/2015,98.067,,
8/01/2015,97.667,,
9/01/2015,97.267,,
10/01/2015,97.902,,
11/01/2015,98.537,,
12/01/2015,99.172,,
13/01/2015,99.807,,
14/01/2015,99.807,,
15/01/2015,99.797,,
16/01/2015,99.792,,
17/01/2015,99.812,,
18/01/2015,99.822,,
19/01/2015,99.832,,
20/01/2015,99.832,,
21/01/2015,99.837,,
22/01/2015,99.832,,
23/01/2015,99.827,,
24/01/2015,99.83033333,,
25/01/2015,99.83366667,,
26/01/2015,99.837,,
27/01/2015,99.827,,
28/01/2015,99.832,,
29/01/2015,99.832,,
30/01/2015,99.837,,
31/01/2015,99.827,,
1/02/2015,99.317,,
2/02/2015,99.822,,
3/02/2015,99.637,,
4/02/2015,99.314,,
5/02/2015,98.893,,
6/02/2015,98.472,,
7/02/2015,97.982,,
8/02/2015,97.492,,
9/02/2015,97.002,,
10/02/2015,96.512,,
11/02/2015,96.022,,
12/02/2015,95.652,,
13/02/2015,99.757,,
14/02/2015,99.75366667,,
15/02/2015,99.75033333,,
16/02/2015,99.747,,
17/02/2015,99.732,,
18/02/2015,99.727,,
19/02/2015,99.717,,
20/02/2015,99.707,,
21/02/2015,99.7095,,
22/02/2015,99.712,,
23/02/2015,99.697,,
24/02/2015,99.692,,
25/02/2015,99.677,,
26/02/2015,99.672,,
27/02/2015,99.667,,
28/02/2015,99.71533333,,
1/03/2015,99.76366667,,
2/03/2015,99.812,,
3/03/2015,99.627,,
4/03/2015,99.237,,
5/03/2015,98.847,,
6/03/2015,98.457,,
7/03/2015,98.042,,
8/03/2015,97.632,,
9/03/2015,97.162,,
10/03/2015,97.75325,,
11/03/2015,98.3445,,
12/03/2015,98.93575,,
13/03/2015,99.527,,
14/03/2015,99.52366667,,
15/03/2015,99.52033333,,
16/03/2015,99.517,,
17/03/2015,99.497,,
18/03/2015,99.48033333,,
19/03/2015,99.46366667,,
20/03/2015,99.447,,
21/03/2015,99.432,,
22/03/2015,99.417,,
23/03/2015,99.402,,
24/03/2015,99.387,,
25/03/2015,99.377,,
26/03/2015,99.367,,
27/03/2015,99.367,,
28/03/2015,99.367,,
29/03/2015,99.367,,
30/03/2015,99.367,,
31/03/2015,99.367,,
1/04/2015,99.512,,
2/04/2015,99.802,,
3/04/2015,99.622,,
4/04/2015,99.305,,
5/04/2015,98.8744,,
6/04/2015,98.4438,,
7/04/2015,98.0132,,
8/04/2015,97.5826,,
9/04/2015,97.152,,
10/04/2015,96.5645,,
11/04/2015,95.977,,
12/04/2015,95.617,,
13/04/2015,99.127,,
14/04/2015,99.107,,
15/04/2015,99.087,,
16/04/2015,99.072,,
17/04/2015,99.057,,
18/04/2015,99.0645,,
19/04/2015,99.072,,
20/04/2015,99.067,,
21/04/2015,99.052,,
22/04/2015,99.037,,
23/04/2015,99.027,,
24/04/2015,99.017,,
25/04/2015,99.002,,
26/04/2015,98.987,,
27/04/2015,98.972,,
28/04/2015,98.9545,,
29/04/2015,98.937,,
30/04/2015,99.237,,
1/05/2015,99.537,,
2/05/2015,99.797,,
3/05/2015,99.45325,,
4/05/2015,99.1095,,
5/05/2015,98.76575,,
6/05/2015,98.422,,
7/05/2015,98.012,,
8/05/2015,97.602,,
9/05/2015,97.0945,,
10/05/2015,96.587,,
11/05/2015,95.967,,
12/05/2015,97.347,,
13/05/2015,98.727,,
14/05/2015,98.707,,
15/05/2015,98.687,,
16/05/2015,98.67366667,,
17/05/2015,98.66033333,,
18/05/2015,98.647,,
19/05/2015,98.637,,
20/05/2015,98.627,,
21/05/2015,98.6145,,
22/05/2015,98.602,,
23/05/2015,98.58533333,,
24/05/2015,98.56866667,,
25/05/2015,98.552,,
26/05/2015,98.5445,,
27/05/2015,98.537,,
28/05/2015,98.527,,
29/05/2015,98.517,,
30/05/2015,98.92033333,,
31/05/2015,99.32366667,,
1/06/2015,99.727,,
2/06/2015,99.779,,
3/06/2015,99.612,,
4/06/2015,99.2245,,
5/06/2015,98.837,,
6/06/2015,98.4095,,
7/06/2015,97.982,,
8/06/2015,97.47325,,
9/06/2015,96.9645,,
10/06/2015,96.45575,,
11/06/2015,95.947,,
12/06/2015,96.532,,
13/06/2015,97.117,,
14/06/2015,97.702,,
15/06/2015,98.287,,
16/06/2015,98.277,,
17/06/2015,98.267,,
18/06/2015,98.252,,
19/06/2015,98.237,,
20/06/2015,98.222,,
21/06/2015,98.207,,
22/06/2015,98.192,,
23/06/2015,98.177,,
24/06/2015,98.162,,
25/06/2015,98.1495,,
26/06/2015,98.137,,
27/06/2015,98.12366667,,
28/06/2015,98.11033333,,
29/06/2015,98.097,,
30/06/2015,98.922,,
1/07/2015,99.747,,
2/07/2015,99.57533333,,
3/07/2015,99.40366667,,
4/07/2015,99.232,,
5/07/2015,98.814,,
6/07/2015,98.396,,
7/07/2015,97.978,,
8/07/2015,97.56,,
9/07/2015,97.142,,
10/07/2015,96.547,,
11/07/2015,96.0705,,
12/07/2015,95.594,,
13/07/2015,97.927,,
14/07/2015,97.927,,
15/07/2015,97.927,,
16/07/2015,97.9245,,
17/07/2015,97.922,,
18/07/2015,97.922,,
19/07/2015,97.922,,
20/07/2015,97.922,,
21/07/2015,97.922,,
22/07/2015,97.922,,
23/07/2015,97.917,,
24/07/2015,97.912,,
25/07/2015,97.87033333,,
26/07/2015,97.82866667,,
27/07/2015,97.787,,
28/07/2015,97.747,,
29/07/2015,97.707,,
30/07/2015,97.687,,
31/07/2015,97.667,,
1/08/2015,99.747,,
2/08/2015,99.512,,
3/08/2015,99.277,,
4/08/2015,99.042,,
5/08/2015,98.807,,
6/08/2015,98.372,,
7/08/2015,97.947,,
8/08/2015,97.88414286,,
9/08/2015,97.82128571,,
10/08/2015,97.75842857,,
11/08/2015,97.69557143,,
12/08/2015,97.63271429,,
13/08/2015,97.56985714,,
14/08/2015,97.507,,
15/08/2015,97.502,,
16/08/2015,97.497,,
17/08/2015,97.492,,
18/08/2015,97.487,,
19/08/2015,97.482,,
20/08/2015,97.477,,
21/08/2015,97.402,,
22/08/2015,97.392,,
23/08/2015,97.382,,
24/08/2015,97.372,,
25/08/2015,97.362,,
26/08/2015,97.347,,
27/08/2015,97.332,,
28/08/2015,97.322,,
29/08/2015,97.9295,,
30/08/2015,98.537,,
31/08/2015,99.1445,,
1/09/2015,99.752,,
2/09/2015,99.762,,
3/09/2015,99.597,,
4/09/2015,99.187,,
5/09/2015,98.772,,
6/09/2015,98.357,,
7/09/2015,97.942,,
8/09/2015,97.527,,
9/09/2015,97.112,,
10/09/2015,96.507,,
11/09/2015,95.892,,
12/09/2015,95.577,,
13/09/2015,96.297,,
14/09/2015,97.017,,
15/09/2015,96.9995,,
16/09/2015,96.982,,
17/09/2015,96.967,,
18/09/2015,96.952,,
19/09/2015,96.93533333,,
20/09/2015,96.91866667,,
21/09/2015,96.902,,
22/09/2015,96.8745,,
23/09/2015,96.847,,
24/09/2015,96.825,,
25/09/2015,96.803,,
26/09/2015,96.781,,
27/09/2015,96.759,,
28/09/2015,96.737,,
29/09/2015,96.722,,
30/09/2015,96.707,,
1/10/2015,99.759,,
2/10/2015,99.757,,
3/10/2015,99.587,,
4/10/2015,99.167,,
5/10/2015,98.7545,,
6/10/2015,98.342,,
7/10/2015,97.942,,
8/10/2015,97.43575,,
9/10/2015,96.9295,,
10/10/2015,96.42325,,
11/10/2015,95.917,,
12/10/2015,96.08033333,,
13/10/2015,96.24366667,,
14/10/2015,96.407,,
15/10/2015,96.38866667,,
16/10/2015,96.37033333,,
17/10/2015,96.352,,
18/10/2015,96.327,,
19/10/2015,96.302,,
20/10/2015,96.283,,
21/10/2015,96.264,,
22/10/2015,96.238,,
23/10/2015,96.212,,
24/10/2015,96.192,,
25/10/2015,96.172,,
26/10/2015,96.152,,
27/10/2015,96.1345,,
28/10/2015,96.117,,
29/10/2015,96.0945,,
30/10/2015,96.072,,
31/10/2015,97.922,,
1/11/2015,99.772,,
2/11/2015,99.777,,
3/11/2015,99.567,,
4/11/2015,99.1595,,
5/11/2015,98.752,,
6/11/2015,98.34866667,,
7/11/2015,97.94533333,,
8/11/2015,97.542,,
9/11/2015,97.067,,
10/11/2015,96.4945,,
11/11/2015,95.922,,
12/11/2015,95.607,,
13/11/2015,95.912,,
14/11/2015,95.90866667,,
15/11/2015,95.90533333,,
16/11/2015,95.902,,
17/11/2015,95.897,,
18/11/2015,95.892,,
19/11/2015,95.8745,,
20/11/2015,95.857,,
21/11/2015,95.84033333,,
22/11/2015,95.82366667,,
23/11/2015,95.807,,
24/11/2015,95.787,,
25/11/2015,95.767,,
26/11/2015,95.7545,,
27/11/2015,95.742,,
28/11/2015,96.757,,
29/11/2015,97.772,,
30/11/2015,98.787,,
1/12/2015,99.802,,
2/12/2015,99.772,,
3/12/2015,99.40825,,
4/12/2015,99.0445,,
5/12/2015,98.68075,,
6/12/2015,98.317,,
7/12/2015,97.9245,,
8/12/2015,97.532,,
9/12/2015,96.988,,
10/12/2015,96.444,,
11/12/2015,96.241,,
12/12/2015,96.038,,
13/12/2015,95.835,,
14/12/2015,95.632,,
15/12/2015,95.652,,
16/12/2015,95.672,,
17/12/2015,95.672,,
18/12/2015,95.672,,
19/12/2015,95.672,,
20/12/2015,95.672,,
21/12/2015,95.672,,
22/12/2015,95.777,,
23/12/2015,95.882,,
24/12/2015,96,,
25/12/2015,95.99233333,,
26/12/2015,95.98466667,,
27/12/2015,95.977,,
28/12/2015,95.977,,
29/12/2015,95.977,,
30/12/2015,95.977,,
31/12/2015,95.924,,
1/01/2016,95.871,,
2/01/2016,95.821,,
3/01/2016,95.9445,,
4/01/2016,96.068,,
5/01/2016,95.59,,
6/01/2016,95.112,,
7/01/2016,94.698,,
8/01/2016,94.145,,
9/01/2016,94.4902,,
10/01/2016,94.8354,,
11/01/2016,95.1806,,
12/01/2016,95.5258,,
13/01/2016,95.871,,
14/01/2016,95.871,,
15/01/2016,95.871,,
16/01/2016,95.871,,
17/01/2016,95.871,,
18/01/2016,95.866,,
19/01/2016,95.861,,
20/01/2016,95.861,,
21/01/2016,95.861,,
22/01/2016,95.856,,
23/01/2016,95.851,,
24/01/2016,95.851,,
25/01/2016,95.851,,
26/01/2016,95.852,,
27/01/2016,95.853,,
28/01/2016,95.854,,
29/01/2016,95.855,,
30/01/2016,95.9382,,
31/01/2016,96.0214,,
1/02/2016,96.1046,,
2/02/2016,96.1878,,
3/02/2016,96.271,,
4/02/2016,95.8975,,
5/02/2016,95.524,,
6/02/2016,95.032,,
7/02/2016,94.54,,
8/02/2016,94.048,,
9/02/2016,93.556,,
10/02/2016,92.771,,
11/02/2016,91.986,,
12/02/2016,91.083,,
13/02/2016,92.824,,
14/02/2016,94.565,,
15/02/2016,96.306,,
16/02/2016,96.3185,,
17/02/2016,96.331,,
18/02/2016,96.3285,,
19/02/2016,96.326,,
20/02/2016,95.362,,
21/02/2016,95.8415,,
22/02/2016,96.321,,
23/02/2016,96.31766667,,
24/02/2016,96.31433333,,
25/02/2016,96.311,,
26/02/2016,96.311,,
27/02/2016,96.30433333,,
28/02/2016,96.29766667,,
29/02/2016,96.291,,
1/03/2016,95.871,,
2/03/2016,95.7166,,
3/03/2016,95.5622,,
4/03/2016,95.4078,,
5/03/2016,95.2534,,
6/03/2016,95.099,,
7/03/2016,94.617,,
8/03/2016,94.135,,
9/03/2016,93.5215,,
10/03/2016,92.908,,
11/03/2016,93.7225,,
12/03/2016,94.537,,
13/03/2016,95.3515,,
14/03/2016,96.166,,
15/03/2016,96.166,,
16/03/2016,96.1715,,
17/03/2016,96.177,,
18/03/2016,96.17425,,
19/03/2016,96.1715,,
20/03/2016,96.16875,,
21/03/2016,96.166,,
22/03/2016,96.161,,
23/03/2016,96.156,,
24/03/2016,96.14883333,,
25/03/2016,96.14166667,,
26/03/2016,96.1345,,
27/03/2016,96.12733333,,
28/03/2016,96.12016667,,
29/03/2016,96.113,,
30/03/2016,96.04,,
31/03/2016,95.967,,
1/04/2016,95.894,,
2/04/2016,95.821,,
3/04/2016,96.236,,
4/04/2016,96.04,,
5/04/2016,95.581,,
6/04/2016,95.122,,
7/04/2016,94.663,,
8/04/2016,94.83628571,,
9/04/2016,95.00957143,,
10/04/2016,95.18285714,,
11/04/2016,95.35614286,,
12/04/2016,95.52942857,,
13/04/2016,95.70271429,,
14/04/2016,95.876,,
15/04/2016,95.835,,
16/04/2016,95.81933333,,
17/04/2016,95.80366667,,
18/04/2016,95.788,,
19/04/2016,95.76066667,,
20/04/2016,95.73333333,,
21/04/2016,95.706,,
22/04/2016,95.701,,
23/04/2016,95.68633333,,
24/04/2016,95.67166667,,
25/04/2016,95.657,,
26/04/2016,95.6435,,
27/04/2016,95.63,,
28/04/2016,95.586,,
29/04/2016,95.681,,
30/04/2016,95.776,,
1/05/2016,95.871,,
2/05/2016,96.296,,
3/05/2016,96.02433333,,
4/05/2016,95.75266667,,
5/05/2016,95.481,,
6/05/2016,95.02033333,,
7/05/2016,94.55966667,,
8/05/2016,94.099,,
9/05/2016,93.501,,
10/05/2016,92.6735,,
11/05/2016,91.846,,
12/05/2016,91.036,,
13/05/2016,95.436,,
14/05/2016,95.4195,,
15/05/2016,95.403,,
16/05/2016,95.401,,
17/05/2016,95.38466667,,
18/05/2016,95.36833333,,
19/05/2016,95.352,,
20/05/2016,95.33566667,,
21/05/2016,95.31933333,,
22/05/2016,95.303,,
23/05/2016,95.27733333,,
24/05/2016,95.25166667,,
25/05/2016,95.226,,
26/05/2016,95.212,,
27/05/2016,95.198,,
28/05/2016,95.1865,,
29/05/2016,95.175,,
30/05/2016,95.31516667,,
31/05/2016,95.45533333,,
1/06/2016,95.5955,,
2/06/2016,95.73566667,,
3/06/2016,95.87583333,,
4/06/2016,96.016,,
5/06/2016,95.446,,
6/06/2016,95.071,,
7/06/2016,94.608,,
8/06/2016,94.01433333,,
9/06/2016,93.42066667,,
10/06/2016,92.827,,
11/06/2016,93.54,,
12/06/2016,94.253,,
13/06/2016,94.966,,
14/06/2016,94.9395,,
15/06/2016,94.913,,
16/06/2016,94.9005,,
17/06/2016,94.888,,
18/06/2016,94.87633333,,
19/06/2016,94.86466667,,
20/06/2016,94.853,,
21/06/2016,94.8385,,
22/06/2016,94.824,,
23/06/2016,94.8118,,
24/06/2016,94.7996,,
25/06/2016,94.7874,,
26/06/2016,94.7752,,
27/06/2016,94.763,,
28/06/2016,94.746,,
29/06/2016,94.729,,
30/06/2016,95.3,,
1/07/2016,95.871,,
2/07/2016,96.296,,
3/07/2016,96.211,,
4/07/2016,95.8285,,
5/07/2016,95.446,,
6/07/2016,94.9585,,
7/07/2016,94.471,,
8/07/2016,93.9835,,
9/07/2016,93.496,,
10/07/2016,92.774,,
11/07/2016,91.807,,
12/07/2016,90.931,,
13/07/2016,94.474,,
14/07/2016,94.4385,,
15/07/2016,94.403,,
16/07/2016,94.39833333,,
17/07/2016,94.39366667,,
18/07/2016,94.389,,
19/07/2016,94.3665,,
20/07/2016,94.344,,
21/07/2016,94.33,,
22/07/2016,94.316,,
23/07/2016,94.301,,
24/07/2016,94.286,,
25/07/2016,94.271,,
26/07/2016,94.256,,
27/07/2016,94.241,,
28/07/2016,94.209,,
29/07/2016,94.177,,
30/07/2016,94.74166667,,
31/07/2016,95.30633333,,
1/08/2016,95.871,,
2/08/2016,96.296,,
3/08/2016,96.131,,
4/08/2016,95.966,,
5/08/2016,95.515,,
6/08/2016,95.064,,
7/08/2016,94.551,,
8/08/2016,94.022,,
9/08/2016,94.0056,,
10/08/2016,93.9892,,
11/08/2016,93.9728,,
12/08/2016,93.9564,,
13/08/2016,93.94,,
14/08/2016,93.925,,
15/08/2016,93.91,,
16/08/2016,93.8885,,
17/08/2016,93.867,,
18/08/2016,93.8405,,
19/08/2016,93.814,,
20/08/2016,93.80766667,,
21/08/2016,93.80133333,,
22/08/2016,93.795,,
23/08/2016,93.7675,,
24/08/2016,93.74,,
25/08/2016,93.7055,,
26/08/2016,93.671,,
27/08/2016,93.65933333,,
28/08/2016,93.64766667,,
29/08/2016,93.636,,
30/08/2016,93.6165,,
31/08/2016,93.597,,
1/09/2016,93.9648,,
2/09/2016,94.3326,,
3/09/2016,94.7004,,
4/09/2016,95.0682,,
5/09/2016,95.436,,
6/09/2016,94.9385,,
7/09/2016,94.441,,
8/09/2016,93.9435,,
9/09/2016,93.446,,
10/09/2016,93.42466667,,
11/09/2016,93.40333333,,
12/09/2016,93.382,,
13/09/2016,93.36066667,,
14/09/2016,93.33933333,,
15/09/2016,93.318,,
16/09/2016,93.295,,
17/09/2016,93.272,,
18/09/2016,93.253,,
19/09/2016,93.234,,
20/09/2016,93.207,,
21/09/2016,93.18,,
22/09/2016,93.1572,,
23/09/2016,93.1344,,
24/09/2016,93.1116,,
25/09/2016,93.0888,,
26/09/2016,93.066,,
27/09/2016,93.05,,
28/09/2016,93.034,,
29/09/2016,93.0005,,
30/09/2016,92.967,,
1/10/2016,94.6515,,
2/10/2016,96.336,,
3/10/2016,95.943,,
4/10/2016,95.55,,
5/10/2016,95.157,,
6/10/2016,94.764,,
7/10/2016,94.371,,
8/10/2016,93.978,,
9/10/2016,93.347,,
10/10/2016,92.716,,
11/10/2016,91.7,,
12/10/2016,91.99033333,,
13/10/2016,92.28066667,,
14/10/2016,92.571,,
15/10/2016,92.556,,
16/10/2016,92.541,,
17/10/2016,92.526,,
18/10/2016,92.486,,
19/10/2016,92.446,,
20/10/2016,92.4015,,
21/10/2016,92.357,,
22/10/2016,92.33666667,,
23/10/2016,92.31633333,,
24/10/2016,92.296,,
25/10/2016,92.2585,,
26/10/2016,92.221,,
27/10/2016,92.176,,
28/10/2016,92.131,,
29/10/2016,92.10833333,,
30/10/2016,92.08566667,,
31/10/2016,92.063,,
1/11/2016,95.871,,
2/11/2016,96.031,,
3/11/2016,96.191,,
4/11/2016,95.906,,
5/11/2016,95.451,,
6/11/2016,94.9855,,
7/11/2016,94.52,,
8/11/2016,93.7778,,
9/11/2016,93.0356,,
10/11/2016,92.2934,,
11/11/2016,91.5512,,
12/11/2016,90.809,,
13/11/2016,91.189,,
14/11/2016,91.569,,
15/11/2016,91.519,,
16/11/2016,91.469,,
17/11/2016,91.456,,
18/11/2016,91.443,,
19/11/2016,91.43,,
20/11/2016,91.4475,,
21/11/2016,91.465,,
22/11/2016,91.4265,,
23/11/2016,91.388,,
24/11/2016,91.341,,
25/11/2016,91.294,,
26/11/2016,91.258,,
27/11/2016,91.222,,
28/11/2016,91.177,,
29/11/2016,91.132,,
30/11/2016,91.132,,
1/12/2016,93.729,,
2/12/2016,96.326,,
3/12/2016,95.90628571,,
4/12/2016,95.48657143,,
5/12/2016,95.06685714,,
6/12/2016,94.64714286,,
7/12/2016,94.22742857,,
8/12/2016,93.80771429,,
9/12/2016,93.388,,
10/12/2016,92.64,,
11/12/2016,91.608,,
12/12/2016,91.2025,,
13/12/2016,90.797,,
14/12/2016,90.687,,
15/12/2016,90.615,,
16/12/2016,90.543,,
17/12/2016,90.471,,
18/12/2016,90.4715,,
19/12/2016,90.472,,
20/12/2016,90.6405,,
21/12/2016,90.809,,
22/12/2016,91.288,,
23/12/2016,91.641,,
24/12/2016,91.759,,
25/12/2016,91.8275,,
26/12/2016,91.896,,
27/12/2016,91.931,,
28/12/2016,92.046,,
29/12/2016,92.497,,
30/12/2016,92.58,,
31/12/2016,92.637,,
1/01/2017,92.637,,
2/01/2017,99.356,,
3/01/2017,101.24,,
4/01/2017,101.11,,
5/01/2017,100.98,,
6/01/2017,100.85,,
7/01/2017,100.72,,
8/01/2017,100.59,,
9/01/2017,100.15,,
10/01/2017,99.6585,,
11/01/2017,99.167,,
12/01/2017,97.4075,,
13/01/2017,95.648,,
14/01/2017,95.783,,
15/01/2017,95.783,,
16/01/2017,95.88,,
17/01/2017,96.292,,
18/01/2017,96.603,,
19/01/2017,96.846,,
20/01/2017,96.971,,
21/01/2017,97.07733333,,
22/01/2017,97.18366667,,
23/01/2017,97.29,,
24/01/2017,97.666,,
25/01/2017,98.233,,
26/01/2017,98.759,,
27/01/2017,99.009,,
28/01/2017,99.115,,
29/01/2017,99.2255,,
30/01/2017,99.336,,
31/01/2017,99.342,,
1/02/2017,92.667,,
2/02/2017,99.403,,
3/02/2017,101.24,,
4/02/2017,101.44,,
5/02/2017,101.64,,
6/02/2017,101.2866667,,
7/02/2017,100.9333333,,
8/02/2017,100.58,,
9/02/2017,100.1345,,
10/02/2017,99.689,,
11/02/2017,100.0326667,,
12/02/2017,100.3763333,,
13/02/2017,100.72,,
14/02/2017,100.78,,
15/02/2017,100.99,,
16/02/2017,101.08,,
17/02/2017,101.09,,
18/02/2017,101.11,,
19/02/2017,101.13,,
20/02/2017,101.15,,
21/02/2017,101.16,,
22/02/2017,101.16,,
23/02/2017,101.16,,
24/02/2017,101.15,,
25/02/2017,101.17,,
26/02/2017,101.215,,
27/02/2017,101.26,,
28/02/2017,101.25,,
1/03/2017,92.667,,
2/03/2017,99.462,,
3/03/2017,101.24,,
4/03/2017,101.87,,
5/03/2017,101.565,,
6/03/2017,101.26,,
7/03/2017,100.91,,
8/03/2017,100.45925,,
9/03/2017,100.0085,,
10/03/2017,99.55775,,
11/03/2017,99.107,,
12/03/2017,100.4685,,
13/03/2017,101.83,,
14/03/2017,101.85,,
15/03/2017,101.87,,
16/03/2017,101.875,,
17/03/2017,101.88,,
18/03/2017,101.8833333,,
19/03/2017,101.8866667,,
20/03/2017,101.89,,
21/03/2017,101.89,,
22/03/2017,101.89,,
23/03/2017,101.885,,
24/03/2017,101.88,,
25/03/2017,101.8833333,,
26/03/2017,101.8866667,,
27/03/2017,101.89,,
28/03/2017,101.89,,
29/03/2017,101.89,,
30/03/2017,101.89,,
31/03/2017,101.89,,
1/04/2017,95.395,,
2/04/2017,99.517,,
3/04/2017,101.24,,
4/04/2017,101.43,,
5/04/2017,101.62,,
6/04/2017,101.2533333,,
7/04/2017,100.8866667,,
8/04/2017,100.52,,
9/04/2017,100.11,,
10/04/2017,99.658,,
11/04/2017,99.361,,
12/04/2017,99.064,,
13/04/2017,100.417,,
14/04/2017,101.77,,
15/04/2017,101.7666667,,
16/04/2017,101.7633333,,
17/04/2017,101.76,,
18/04/2017,101.76,,
19/04/2017,101.76,,
20/04/2017,101.755,,
21/04/2017,101.75,,
22/04/2017,101.7433333,,
23/04/2017,101.7366667,,
24/04/2017,101.73,,
25/04/2017,101.725,,
26/04/2017,101.72,,
27/04/2017,101.705,,
28/04/2017,101.69,,
29/04/2017,99.60766667,,
30/04/2017,97.52533333,,
1/05/2017,95.443,,
2/05/2017,97.57866667,,
3/05/2017,99.71433333,,
4/05/2017,101.85,,
5/05/2017,101.6,,
6/05/2017,101.25,,
7/05/2017,100.9,,
8/05/2017,100.9725,,
9/05/2017,101.045,,
10/05/2017,101.1175,,
11/05/2017,101.19,,
12/05/2017,101.2625,,
13/05/2017,101.335,,
14/05/2017,101.4075,,
15/05/2017,101.48,,
16/05/2017,101.46,,
17/05/2017,101.44,,
18/05/2017,101.44,,
19/05/2017,101.42,,
20/05/2017,101.4133333,,
21/05/2017,101.4066667,,
22/05/2017,101.4,,
23/05/2017,101.39,,
24/05/2017,101.38,,
25/05/2017,101.365,,
26/05/2017,101.35,,
27/05/2017,101.34,,
28/05/2017,101.33,,
29/05/2017,101.32,,
30/05/2017,101.305,,
31/05/2017,101.29,,
1/06/2017,95.488,,
2/06/2017,99.725,,
3/06/2017,100.09375,,
4/06/2017,100.4625,,
5/06/2017,100.83125,,
6/06/2017,101.2,,
7/06/2017,100.775,,
8/06/2017,100.35,,
9/06/2017,99.925,,
10/06/2017,99.5,,
11/06/2017,99.075,,
12/06/2017,99.066,,
13/06/2017,100.063,,
14/06/2017,101.06,,
15/06/2017,101.052,,
16/06/2017,101.044,,
17/06/2017,101.036,,
18/06/2017,101.028,,
19/06/2017,101.02,,
20/06/2017,101.005,,
21/06/2017,100.99,,
22/06/2017,100.99,,
23/06/2017,100.99,,
24/06/2017,100.9866667,,
25/06/2017,100.9833333,,
26/06/2017,100.98,,
27/06/2017,100.97,,
28/06/2017,100.96,,
29/06/2017,100.95,,
30/06/2017,100.94,,
1/07/2017,95.524,,
2/07/2017,99.921,,
3/07/2017,101.34,,
4/07/2017,101.83,,
5/07/2017,101.5,,
6/07/2017,101.17,,
7/07/2017,100.87,,
8/07/2017,100.51,,
9/07/2017,100.06,,
10/07/2017,100.204,,
11/07/2017,100.348,,
12/07/2017,100.492,,
13/07/2017,100.636,,
14/07/2017,100.78,,
15/07/2017,100.7733333,,
16/07/2017,100.7666667,,
17/07/2017,100.76,,
18/07/2017,100.75,,
19/07/2017,100.74,,
20/07/2017,100.728,,
21/07/2017,100.716,,
22/07/2017,100.704,,
23/07/2017,100.692,,
24/07/2017,100.68,,
25/07/2017,100.665,,
26/07/2017,100.65,,
27/07/2017,100.642,,
28/07/2017,100.634,,
29/07/2017,100.626,,
30/07/2017,100.618,,
31/07/2017,100.61,,
1/08/2017,95.524,,
2/08/2017,100.06,,
3/08/2017,101.38,,
4/08/2017,101.475,,
5/08/2017,101.57,,
6/08/2017,101.13,,
7/08/2017,100.7566667,,
8/08/2017,100.3833333,,
9/08/2017,100.01,,
10/08/2017,99.5205,,
11/08/2017,99.031,,
12/08/2017,98.951,,
13/08/2017,99.6855,,
14/08/2017,100.42,,
15/08/2017,100.41,,
16/08/2017,100.4,,
17/08/2017,100.388,,
18/08/2017,100.376,,
19/08/2017,100.364,,
20/08/2017,100.352,,
21/08/2017,100.34,,
22/08/2017,100.33,,
23/08/2017,100.31,,
24/08/2017,100.2933333,,
25/08/2017,100.2766667,,
26/08/2017,100.26,,
27/08/2017,100.2433333,,
28/08/2017,100.2266667,,
29/08/2017,100.21,,
30/08/2017,100.18,,
31/08/2017,97.861,,
1/09/2017,95.542,,
2/09/2017,100.13,,
3/09/2017,101.4,,
4/09/2017,101.216,,
5/09/2017,101.032,,
6/09/2017,100.848,,
7/09/2017,100.664,,
8/09/2017,100.48,,
9/09/2017,100.3796,,
10/09/2017,100.2792,,
11/09/2017,100.1788,,
12/09/2017,100.0784,,
13/09/2017,99.978,,
14/09/2017,99.9285,,
15/09/2017,99.879,,
16/09/2017,99.871,,
17/09/2017,99.863,,
18/09/2017,99.855,,
19/09/2017,99.8435,,
20/09/2017,99.832,,
21/09/2017,99.823,,
22/09/2017,99.814,,
23/09/2017,99.801,,
24/09/2017,99.788,,
25/09/2017,99.775,,
26/09/2017,99.762,,
27/09/2017,99.749,,
28/09/2017,99.736,,
29/09/2017,98.33966667,,
30/09/2017,96.94333333,,
1/10/2017,95.547,,
2/10/2017,100.28,,
3/10/2017,101.65,,
4/10/2017,101.8,,
5/10/2017,101.53,,
6/10/2017,101.394,,
7/10/2017,101.258,,
8/10/2017,101.122,,
9/10/2017,100.986,,
10/10/2017,100.85,,
11/10/2017,100.4026667,,
12/10/2017,99.95533333,,
13/10/2017,99.508,,
14/10/2017,99.501,,
15/10/2017,99.494,,
16/10/2017,99.487,,
17/10/2017,99.466,,
18/10/2017,99.445,,
19/10/2017,99.426,,
20/10/2017,99.407,,
21/10/2017,99.39,,
22/10/2017,99.373,,
23/10/2017,99.356,,
24/10/2017,99.335,,
25/10/2017,99.314,,
26/10/2017,99.2875,,
27/10/2017,99.261,,
28/10/2017,99.245,,
29/10/2017,99.229,,
30/10/2017,99.213,,
31/10/2017,97.396,,
1/11/2017,95.579,,
2/11/2017,100.39,,
3/11/2017,100.565,,
4/11/2017,100.74,,
5/11/2017,100.915,,
6/11/2017,101.09,,
7/11/2017,100.7266667,,
8/11/2017,100.3633333,,
9/11/2017,100,,
10/11/2017,99.551,,
11/11/2017,99.1655,,
12/11/2017,98.78,,
13/11/2017,98.81266667,,
14/11/2017,98.84533333,,
15/11/2017,98.878,,
16/11/2017,98.87,,
17/11/2017,98.862,,
18/11/2017,98.8535,,
19/11/2017,98.845,,
20/11/2017,98.8365,,
21/11/2017,98.828,,
22/11/2017,98.804,,
23/11/2017,98.78,,
24/11/2017,98.7845,,
25/11/2017,98.789,,
26/11/2017,98.7935,,
27/11/2017,98.798,,
28/11/2017,98.793,,
29/11/2017,98.788,,
30/11/2017,98.783,,
1/12/2017,95.629,,
2/12/2017,97.67933333,,
3/12/2017,99.72966667,,
4/12/2017,101.78,,
5/12/2017,101.5,,
6/12/2017,101.16,,
7/12/2017,100.82,,
8/12/2017,100.44,,
9/12/2017,100.0948,,
10/12/2017,99.7496,,
11/12/2017,99.4044,,
12/12/2017,99.0592,,
13/12/2017,98.714,,
14/12/2017,98.6702,,
15/12/2017,98.6264,,
16/12/2017,98.5826,,
17/12/2017,98.5388,,
18/12/2017,98.495,,
19/12/2017,98.5255,,
20/12/2017,98.556,,
21/12/2017,98.574,,
22/12/2017,98.592,,
23/12/2017,98.591,,
24/12/2017,98.59,,
25/12/2017,98.5895,,
26/12/2017,98.589,,
27/12/2017,98.5885,,
28/12/2017,98.588,,
29/12/2017,98.57077778,,
30/12/2017,98.55355556,,
31/12/2017,98.53633333,,
1/01/2018,98.51911111,,
2/01/2018,98.50188889,,
3/01/2018,98.48466667,,
4/01/2018,98.46744444,,
5/01/2018,98.45022222,,
6/01/2018,98.433,,
7/01/2018,98.50333333,,
8/01/2018,98.57366667,,
9/01/2018,98.644,,
10/01/2018,98.71433333,,
11/01/2018,98.78466667,,
12/01/2018,98.855,,
13/01/2018,98.92533333,,
14/01/2018,98.99566667,,
15/01/2018,99.066,,
16/01/2018,99.068,,
17/01/2018,99.07,,
18/01/2018,99.0805,,
19/01/2018,99.091,,
20/01/2018,99.09366667,,
21/01/2018,99.09633333,,
22/01/2018,99.099,,
23/01/2018,99.0965,,
24/01/2018,99.094,,
25/01/2018,99.1206,,
26/01/2018,99.1472,,
27/01/2018,99.1738,,
28/01/2018,99.2004,,
29/01/2018,99.227,,
30/01/2018,99.3065,,
31/01/2018,99.386,,
1/02/2018,99.418,,
2/02/2018,99.45,,
3/02/2018,99.27766667,,
4/02/2018,99.10533333,,
5/02/2018,98.933,,
6/02/2018,98.5,,
7/02/2018,98.067,,
8/02/2018,97.63,,
9/02/2018,97.193,,
10/02/2018,96.756,,
11/02/2018,96.098,,
12/02/2018,97.7685,,
13/02/2018,99.439,,
14/02/2018,99.451,,
15/02/2018,99.463,,
16/02/2018,99.47625,,
17/02/2018,99.4895,,
18/02/2018,99.50275,,
19/02/2018,99.516,,
20/02/2018,99.533,,
21/02/2018,99.55,,
22/02/2018,99.556,,
23/02/2018,99.562,,
24/02/2018,99.56733333,,
25/02/2018,99.57266667,,
26/02/2018,99.578,,
27/02/2018,99.613,,
28/02/2018,99.648,,
1/03/2018,98.592,,
2/03/2018,98.42725,,
3/03/2018,98.2625,,
4/03/2018,98.09775,,
5/03/2018,97.933,,
6/03/2018,97.76825,,
7/03/2018,97.6035,,
8/03/2018,97.43875,,
9/03/2018,97.274,,
10/03/2018,96.74533333,,
11/03/2018,96.21666667,,
12/03/2018,95.688,,
13/03/2018,97.674,,
14/03/2018,99.66,,
15/03/2018,99.6325,,
16/03/2018,99.605,,
17/03/2018,99.59833333,,
18/03/2018,99.59166667,,
19/03/2018,99.585,,
20/03/2018,99.5825,,
21/03/2018,99.58,,
22/03/2018,99.5695,,
23/03/2018,99.559,,
24/03/2018,99.55225,,
25/03/2018,99.5455,,
26/03/2018,99.53875,,
27/03/2018,99.532,,
28/03/2018,99.5055,,
29/03/2018,99.479,,
30/03/2018,99.39885714,,
31/03/2018,99.31871429,,
1/04/2018,99.23857143,,
2/04/2018,99.15842857,,
3/04/2018,99.07828571,,
4/04/2018,98.99814286,,
5/04/2018,98.918,,
6/04/2018,98.4705,,
7/04/2018,98.023,,
8/04/2018,98.224,,
9/04/2018,98.425,,
10/04/2018,98.626,,
11/04/2018,98.827,,
12/04/2018,99.028,,
13/04/2018,99.229,,
14/04/2018,99.225,,
15/04/2018,99.221,,
16/04/2018,99.217,,
17/04/2018,99.1935,,
18/04/2018,99.17,,
19/04/2018,99.1535,,
20/04/2018,99.137,,
21/04/2018,99.11975,,
22/04/2018,99.1025,,
23/04/2018,99.08525,,
24/04/2018,99.068,,
25/04/2018,99.053,,
26/04/2018,99.038,,
27/04/2018,99.023,,
28/04/2018,99.00666667,,
29/04/2018,98.99033333,,
30/04/2018,98.974,,
1/05/2018,99.224,,
2/05/2018,99.474,,
3/05/2018,99.208,,
4/05/2018,98.942,,
5/05/2018,98.676,,
6/05/2018,98.41,,
7/05/2018,98.021,,
8/05/2018,97.632,,
9/05/2018,97.243,,
10/05/2018,96.682,,
11/05/2018,96.074,,
12/05/2018,95.646,,
13/05/2018,97.2055,,
14/05/2018,98.765,,
15/05/2018,98.746,,
16/05/2018,98.727,,
17/05/2018,98.709,,
18/05/2018,98.691,,
19/05/2018,98.675,,
20/05/2018,98.659,,
21/05/2018,98.643,,
22/05/2018,98.6355,,
23/05/2018,98.628,,
24/05/2018,98.6095,,
25/05/2018,98.591,,
26/05/2018,98.57766667,,
27/05/2018,98.56433333,,
28/05/2018,98.551,,
29/05/2018,98.5135,,
30/05/2018,98.476,,
31/05/2018,98.483,,
1/06/2018,98.88433333,,
2/06/2018,99.28566667,,
3/06/2018,99.687,,
4/06/2018,99.26425,,
5/06/2018,98.8415,,
6/06/2018,98.41875,,
7/06/2018,97.996,,
8/06/2018,97.5148,,
9/06/2018,97.0336,,
10/06/2018,96.5524,,
11/06/2018,96.0712,,
12/06/2018,95.59,,
13/06/2018,96.95,,
14/06/2018,98.31,,
15/06/2018,98.281,,
16/06/2018,98.27466667,,
17/06/2018,98.26833333,,
18/06/2018,98.262,,
19/06/2018,98.25466667,,
20/06/2018,98.24733333,,
21/06/2018,98.24,,
22/06/2018,98.219,,
23/06/2018,98.198,,
24/06/2018,98.177,,
25/06/2018,98.156,,
26/06/2018,98.1385,,
27/06/2018,98.121,,
28/06/2018,98.1,,
29/06/2018,98.079,,
30/06/2018,98.542,,
1/07/2018,99.005,,
2/07/2018,99.468,,
3/07/2018,99.276,,
4/07/2018,99.084,,
5/07/2018,98.892,,
6/07/2018,98.401,,
7/07/2018,97.9296,,
8/07/2018,97.4582,,
9/07/2018,96.9868,,
10/07/2018,96.5154,,
11/07/2018,96.044,,
12/07/2018,96.4098,,
13/07/2018,96.7756,,
14/07/2018,97.1414,,
15/07/2018,97.5072,,
16/07/2018,97.873,,
17/07/2018,97.86666667,,
18/07/2018,97.86033333,,
19/07/2018,97.854,,
20/07/2018,97.84025,,
21/07/2018,97.8265,,
22/07/2018,97.81275,,
23/07/2018,97.799,,
24/07/2018,97.791,,
25/07/2018,97.783,,
26/07/2018,97.775,,
27/07/2018,97.767,,
28/07/2018,97.759,,
29/07/2018,97.751,,
30/07/2018,97.743,,
31/07/2018,98.255,,
1/08/2018,98.767,,
2/08/2018,99.226,,
3/08/2018,99.685,,
4/08/2018,99.2762,,
5/08/2018,98.8674,,
6/08/2018,98.4586,,
7/08/2018,98.0498,,
8/08/2018,97.641,,
9/08/2018,97.1425,,
10/08/2018,96.644,,
11/08/2018,96.86125,,
12/08/2018,97.0785,,
13/08/2018,97.29575,,
14/08/2018,97.513,,
15/08/2018,97.5,,
16/08/2018,97.487,,
17/08/2018,97.4744,,
18/08/2018,97.4618,,
19/08/2018,97.4492,,
20/08/2018,97.4366,,
21/08/2018,97.424,,
22/08/2018,97.4125,,
23/08/2018,97.401,,
24/08/2018,97.39075,,
25/08/2018,97.3805,,
26/08/2018,97.37025,,
27/08/2018,97.36,,
28/08/2018,97.34933333,,
29/08/2018,97.33866667,,
30/08/2018,97.328,,
31/08/2018,98.169,,
1/09/2018,99.01,,
2/09/2018,99.462,,
3/09/2018,99.4015,,
4/09/2018,99.341,,
5/09/2018,98.848,,
6/09/2018,98.4035,,
7/09/2018,97.959,,
8/09/2018,97.4725,,
9/09/2018,96.986,,
10/09/2018,96.4995,,
11/09/2018,96.013,,
12/09/2018,96.564,,
13/09/2018,97.115,,
14/09/2018,97.11,,
15/09/2018,97.09166667,,
16/09/2018,97.07333333,,
17/09/2018,97.055,,
18/09/2018,97.028,,
19/09/2018,97.001,,
20/09/2018,96.98616667,,
21/09/2018,96.97133333,,
22/09/2018,96.9565,,
23/09/2018,96.94166667,,
24/09/2018,96.92683333,,
25/09/2018,96.912,,
26/09/2018,96.8825,,
27/09/2018,96.853,,
28/09/2018,96.92018182,,
29/09/2018,96.98736364,,
30/09/2018,97.05454545,,
1/10/2018,97.12172727,,
2/10/2018,97.18890909,,
3/10/2018,97.25609091,,
4/10/2018,97.32327273,,
5/10/2018,97.39045455,,
6/10/2018,97.45763636,,
7/10/2018,97.52481818,,
8/10/2018,97.592,,
9/10/2018,97.181,,
10/10/2018,96.579,,
11/10/2018,96.046,,
12/10/2018,95.513,,
13/10/2018,95.752,,
14/10/2018,95.991,,
15/10/2018,96.23,,
16/10/2018,96.469,,
17/10/2018,96.4535,,
18/10/2018,96.438,,
19/10/2018,96.43275,,
20/10/2018,96.4275,,
21/10/2018,96.42225,,
22/10/2018,96.417,,
23/10/2018,96.3455,,
24/10/2018,96.274,,
25/10/2018,96.2665,,
26/10/2018,96.259,,
27/10/2018,96.2215,,
28/10/2018,96.184,,
29/10/2018,96.164,,
30/10/2018,96.144,,
31/10/2018,96.124,,
1/11/2018,96.9175,,
2/11/2018,97.711,,
3/11/2018,98.5045,,
4/11/2018,99.298,,
5/11/2018,98.791,,
6/11/2018,98.34,,
7/11/2018,97.929,,
8/11/2018,97.681125,,
9/11/2018,97.43325,,
10/11/2018,97.185375,,
11/11/2018,96.9375,,
12/11/2018,96.689625,,
13/11/2018,96.44175,,
14/11/2018,96.193875,,
15/11/2018,95.946,,
16/11/2018,95.9385,,
17/11/2018,95.931,,
18/11/2018,95.9065,,
19/11/2018,95.882,,
20/11/2018,95.8575,,
21/11/2018,95.833,,
22/11/2018,95.814,,
23/11/2018,95.795,,
24/11/2018,95.78533333,,
25/11/2018,95.77566667,,
26/11/2018,95.766,,
27/11/2018,95.75366667,,
28/11/2018,95.74133333,,
29/11/2018,95.729,,
30/11/2018,97.3625,,
1/12/2018,98.996,,
2/12/2018,99.3475,,
3/12/2018,99.699,,
4/12/2018,99.25325,,
5/12/2018,98.8075,,
6/12/2018,98.36175,,
7/12/2018,97.916,,
8/12/2018,97.5155,,
9/12/2018,97.115,,
10/12/2018,96.554,,
11/12/2018,95.993,,
12/12/2018,95.7145,,
13/12/2018,95.436,,
14/12/2018,95.42125,,
15/12/2018,95.4065,,
16/12/2018,95.39175,,
17/12/2018,95.377,,
18/12/2018,95.3475,,
19/12/2018,95.318,,
20/12/2018,95.3066,,
21/12/2018,95.2952,,
22/12/2018,95.2838,,
23/12/2018,95.2724,,
24/12/2018,95.261,,
25/12/2018,95.24375,,
26/12/2018,95.2265,,
27/12/2018,95.20925,,
28/12/2018,95.192,,
29/12/2018,95.192,,
30/12/2018,95.192,,
31/12/2018,95.192,,
1/01/2019,95.7075,,
2/01/2019,96.223,,
3/01/2019,96.527,,
4/01/2019,96.2095,,
5/01/2019,95.892,,
6/01/2019,95.5745,,
7/01/2019,95.257,,
8/01/2019,94.952,,
9/01/2019,95.09542857,,
10/01/2019,95.23885714,,
11/01/2019,95.38228571,,
12/01/2019,95.52571429,,
13/01/2019,95.66914286,,
14/01/2019,95.81257143,,
15/01/2019,95.956,,
16/01/2019,95.95,,
17/01/2019,95.944,,
18/01/2019,95.96425,,
19/01/2019,95.9845,,
20/01/2019,96.00475,,
21/01/2019,96.025,,
22/01/2019,96.105,,
23/01/2019,96.11657143,,
24/01/2019,96.12814286,,
25/01/2019,96.13971429,,
26/01/2019,96.15128571,,
27/01/2019,96.16285714,,
28/01/2019,96.17442857,,
29/01/2019,96.186,,
30/01/2019,96.1855,,
31/01/2019,96.185,,
1/02/2019,96.2195,,
2/02/2019,96.254,,
3/02/2019,96.2885,,
4/02/2019,96.323,,
5/02/2019,95.952,,
6/02/2019,95.6015,,
7/02/2019,95.251,,
8/02/2019,94.9005,,
9/02/2019,94.55,,
10/02/2019,94.027,,
11/02/2019,93.504,,
12/02/2019,92.981,,
13/02/2019,96.575,,
14/02/2019,96.5805,,
15/02/2019,96.586,,
16/02/2019,96.58033333,,
17/02/2019,96.57466667,,
18/02/2019,96.569,,
19/02/2019,96.549,,
20/02/2019,96.529,,
21/02/2019,96.5275,,
22/02/2019,96.526,,
23/02/2019,96.52533333,,
24/02/2019,96.52466667,,
25/02/2019,96.524,,
26/02/2019,96.518,,
27/02/2019,96.43285714,,
28/02/2019,96.34771429,,
1/03/2019,96.26257143,,
2/03/2019,96.17742857,,
3/03/2019,96.09228571,,
4/03/2019,96.00714286,,
5/03/2019,95.922,,
6/03/2019,95.5638,,
7/03/2019,95.2056,,
8/03/2019,94.8474,,
9/03/2019,94.4892,,
10/03/2019,94.131,,
11/03/2019,94.92966667,,
12/03/2019,95.72833333,,
13/03/2019,96.527,,
14/03/2019,96.5175,,
15/03/2019,96.508,,
16/03/2019,96.5046,,
17/03/2019,96.5012,,
18/03/2019,96.4978,,
19/03/2019,96.4944,,
20/03/2019,96.491,,
21/03/2019,96.4858,,
22/03/2019,96.4806,,
23/03/2019,96.4754,,
24/03/2019,96.4702,,
25/03/2019,96.465,,
26/03/2019,96.44266667,,
27/03/2019,96.42033333,,
28/03/2019,96.398,,
29/03/2019,96.24425,,
30/03/2019,96.0905,,
31/03/2019,95.93675,,
1/04/2019,95.783,,
2/04/2019,96.352,,
3/04/2019,96.319,,
4/04/2019,96.286,,
5/04/2019,95.93433333,,
6/04/2019,95.58266667,,
7/04/2019,95.231,,
8/04/2019,94.8885,,
9/04/2019,94.546,,
10/04/2019,94.128,,
11/04/2019,93.543,,
12/04/2019,92.958,,
13/04/2019,93.75875,,
14/04/2019,94.5595,,
15/04/2019,95.36025,,
16/04/2019,96.161,,
17/04/2019,96.1505,,
18/04/2019,96.14,,
19/04/2019,96.1288,,
20/04/2019,96.1176,,
21/04/2019,96.1064,,
22/04/2019,96.0952,,
23/04/2019,96.084,,
24/04/2019,96.0595,,
25/04/2019,96.035,,
26/04/2019,96.013,,
27/04/2019,96.00125,,
28/04/2019,95.9895,,
29/04/2019,95.97775,,
30/04/2019,95.966,,
1/05/2019,96.145,,
2/05/2019,96.324,,
3/05/2019,96.503,,
4/05/2019,96.1812,,
5/05/2019,95.8594,,
6/05/2019,95.5376,,
7/05/2019,95.2158,,
8/05/2019,94.894,,
9/05/2019,94.40625,,
10/05/2019,93.9185,,
11/05/2019,93.43075,,
12/05/2019,92.943,,
13/05/2019,94.375,,
14/05/2019,95.807,,
15/05/2019,95.7935,,
16/05/2019,95.78,,
17/05/2019,95.7715,,
18/05/2019,95.763,,
19/05/2019,95.7545,,
20/05/2019,95.746,,
21/05/2019,95.73233333,,
22/05/2019,95.71866667,,
23/05/2019,95.705,,
24/05/2019,95.69,,
25/05/2019,95.678,,
26/05/2019,95.666,,
27/05/2019,95.654,,
28/05/2019,95.643,,
29/05/2019,95.632,,
30/05/2019,95.621,,
31/05/2019,95.66983333,,
1/06/2019,95.71866667,,
2/06/2019,95.7675,,
3/06/2019,95.81633333,,
4/06/2019,95.86516667,,
5/06/2019,95.914,,
6/06/2019,95.528,,
7/06/2019,95.1248,,
8/06/2019,94.7216,,
9/06/2019,94.3184,,
10/06/2019,93.9152,,
11/06/2019,93.512,,
12/06/2019,94.4795,,
13/06/2019,95.447,,
14/06/2019,95.4405,,
15/06/2019,95.434,,
16/06/2019,95.4275,,
17/06/2019,95.421,,
18/06/2019,95.408,,
19/06/2019,95.395,,
20/06/2019,95.382,,
21/06/2019,95.37025,,
22/06/2019,95.3585,,
23/06/2019,95.34675,,
24/06/2019,95.335,,
25/06/2019,95.33,,
26/06/2019,95.325,,
27/06/2019,95.32,,
28/06/2019,95.4765,,
29/06/2019,95.633,,
30/06/2019,95.7895,,
1/07/2019,95.946,,
2/07/2019,96.428,,
3/07/2019,96.19375,,
4/07/2019,95.9595,,
5/07/2019,95.72525,,
6/07/2019,95.491,,
7/07/2019,95.12925,,
8/07/2019,94.7675,,
9/07/2019,94.40575,,
10/07/2019,94.044,,
11/07/2019,93.496,,
12/07/2019,93.8138,,
13/07/2019,94.1316,,
14/07/2019,94.4494,,
15/07/2019,94.7672,,
16/07/2019,95.085,,
17/07/2019,95.0815,,
18/07/2019,95.078,,
19/07/2019,95.06475,,
20/07/2019,95.0515,,
21/07/2019,95.03825,,
22/07/2019,95.025,,
23/07/2019,95.01966667,,
24/07/2019,95.01433333,,
25/07/2019,95.009,,
26/07/2019,95.002,,
27/07/2019,94.995,,
28/07/2019,94.988,,
29/07/2019,94.981,,
30/07/2019,95.10885714,,
31/07/2019,95.23671429,,
1/08/2019,95.36457143,,
2/08/2019,95.49242857,,
3/08/2019,95.62028571,,
4/08/2019,95.74814286,,
5/08/2019,95.876,,
6/08/2019,95.5305,,
7/08/2019,95.185,,
8/08/2019,94.86,,
9/08/2019,94.447,,
10/08/2019,94.034,,
11/08/2019,94.291,,
12/08/2019,94.548,,
13/08/2019,94.805,,
14/08/2019,94.794,,
15/08/2019,94.783,,
16/08/2019,94.773,,
17/08/2019,94.763,,
18/08/2019,94.753,,
19/08/2019,94.743,,
20/08/2019,94.7175,,
21/08/2019,94.692,,
22/08/2019,94.688,,
23/08/2019,94.684,,
24/08/2019,94.67,,
25/08/2019,94.656,,
26/08/2019,94.642,,
27/08/2019,94.62666667,,
28/08/2019,94.61133333,,
29/08/2019,94.596,,
30/08/2019,94.86783333,,
31/08/2019,95.13966667,,
1/09/2019,95.4115,,
2/09/2019,95.68333333,,
3/09/2019,95.95516667,,
4/09/2019,96.227,,
5/09/2019,96.02388889,,
6/09/2019,95.82077778,,
7/09/2019,95.61766667,,
8/09/2019,95.41455556,,
9/09/2019,95.21144444,,
10/09/2019,95.00833333,,
11/09/2019,94.80522222,,
12/09/2019,94.60211111,,
13/09/2019,94.399,,
14/09/2019,94.388,,
15/09/2019,94.377,,
16/09/2019,94.366,,
17/09/2019,94.36466667,,
18/09/2019,94.36333333,,
19/09/2019,94.362,,
20/09/2019,94.3384,,
21/09/2019,94.3148,,
22/09/2019,94.2912,,
23/09/2019,94.2676,,
24/09/2019,94.244,,
25/09/2019,94.236,,
26/09/2019,94.225,,
27/09/2019,94.2065,,
28/09/2019,94.188,,
29/09/2019,94.1695,,
30/09/2019,94.151,,
1/10/2019,95.943,,
2/10/2019,95.81216667,,
3/10/2019,95.68133333,,
4/10/2019,95.5505,,
5/10/2019,95.41966667,,
6/10/2019,95.28883333,,
7/10/2019,95.158,,
8/10/2019,94.6936,,
9/10/2019,94.2292,,
10/10/2019,93.7648,,
11/10/2019,93.3004,,
12/10/2019,92.836,,
13/10/2019,93.3825,,
14/10/2019,93.929,,
15/10/2019,93.90766667,,
16/10/2019,93.88633333,,
17/10/2019,93.865,,
18/10/2019,93.845,,
19/10/2019,93.825,,
20/10/2019,93.805,,
21/10/2019,93.785,,
22/10/2019,93.765,,
23/10/2019,93.745,,
24/10/2019,93.72966667,,
25/10/2019,93.71433333,,
26/10/2019,93.699,,
27/10/2019,93.68366667,,
28/10/2019,93.66833333,,
29/10/2019,93.653,,
30/10/2019,93.6485,,
31/10/2019,93.644,,
1/11/2019,95.0995,,
2/11/2019,96.555,,
3/11/2019,96.378,,
4/11/2019,96.201,,
5/11/2019,95.88488889,,
6/11/2019,95.56877778,,
7/11/2019,95.25266667,,
8/11/2019,94.93655556,,
9/11/2019,94.62044444,,
10/11/2019,94.30433333,,
11/11/2019,93.98822222,,
12/11/2019,93.67211111,,
13/11/2019,93.356,,
14/11/2019,93.34,,
15/11/2019,93.324,,
16/11/2019,93.308,,
17/11/2019,93.292,,
18/11/2019,93.276,,
19/11/2019,93.25333333,,
20/11/2019,93.23066667,,
21/11/2019,93.208,,
22/11/2019,93.1912,,
23/11/2019,93.1744,,
24/11/2019,93.1576,,
25/11/2019,93.1408,,
26/11/2019,93.124,,
27/11/2019,93.359,,
28/11/2019,93.594,,
29/11/2019,93.829,,
30/11/2019,94.064,,
1/12/2019,94.299,,
2/12/2019,94.534,,
3/12/2019,94.769,,
4/12/2019,95.004,,
5/12/2019,95.239,,
6/12/2019,95.474,,
7/12/2019,95.142,,
8/12/2019,94.81,,
9/12/2019,94.33166667,,
10/12/2019,93.85333333,,
11/12/2019,93.375,,
12/12/2019,93.073,,
13/12/2019,92.771,,
14/12/2019,92.73966667,,
15/12/2019,92.70833333,,
16/12/2019,92.677,,
17/12/2019,92.65666667,,
18/12/2019,92.63633333,,
19/12/2019,92.616,,
20/12/2019,92.596,,
21/12/2019,92.576,,
22/12/2019,92.556,,
23/12/2019,92.536,,
24/12/2019,92.5305,,
25/12/2019,92.525,,
