ID,Depth,Surface Area,number of images after masking
ODSS_18335_WSLAHD.1,220,223750,15
ODSS_18335_WSLAHD.1,219,210625,52
ODSS_18335_WSLAHD.1,218,202500,62
ODSS_18335_WSLAHD.1,217,182500,82
ODSS_18335_WSLAHD.1,216,165625,60
ODSS_18335_WSLAHD.1,215,140000,29
ODSS_18335_WSLAHD.1,214,113750,14
ODSS_18335_WSLAHD.1,213,0,2
ODSS_18335_WSLAHD.1,221,0,0
604.1,121,5264375,260
604.1,120,5269375,149
604.1,119,5248750,47
604.1,118,4900625,11
604.1,117,0,3
604.1,122,5249375,61
604.1,123,5625,5
604.1,116,0,0
604.1,124,0,0
136115A,312,1468125,59
136115A,313,1795625,13
136115A,314,2120000,35
136115A,311,1432500,56
136115A,310,1263125,8
136115A,309,1191250,6
136115A,308,829375,32
136115A,307,787500,101
136115A,306,766875,83
136115A,305,665625,20
136115A,319,3229375,37
136115A,320,3305625,36
136115A,321,3306250,11
136115A,318,3010625,28
136115A,317,2823750,23
136115A,316,2517500,19
136115A,315,2197500,40
136115A,322,4048125,14
136115A,324,4418125,18
136115A,327,4956250,36
136115A,329,5140000,199
136115A,331,5172500,32
136115A,330,5167500,164
136115A,333,0,0
136115A,332,0,0
136115A,328,5052500,87
136115A,326,4832500,26
136115A,325,4621250,17
136115A,323,4161875,25
BARKERSCREEK,364,380000,67
BARKERSCREEK,363,326875,90
BARKERSCREEK,365,429375,6
BARKERSCREEK,366,0,0
BARKERSCREEK,362,265000,78
BARKERSCREEK,361,205000,60
BARKERSCREEK,360,159375,23
BARKERSCREEK,359,118125,5
BARKERSCREEK,358,106875,12
BARKERSCREEK,357,63750,8
BARKERSCREEK,356,0,1
sp-o10350,185,15349375,49
sp-o10350,184,13169375,47
sp-o10350,183,12037500,42
sp-o10350,182,10810625,38
sp-o10350,186,17213750,47
sp-o10350,187,18705000,44
sp-o10350,188,20998125,47
sp-o10350,189,22438125,39
sp-o10350,190,25225000,51
sp-o10350,191,27406875,95
sp-o10350,192,28665000,104
sp-o10350,193,29138125,57
sp-o10350,181,9437500,29
sp-o10350,180,8256875,19
sp-o10350,179,7446875,12
sp-o10350,178,6011875,10
sp-o10350,177,4843125,18
sp-o10350,176,4465625,31
sp-o10350,175,3833750,38
sp-o10350,174,3220625,64
sp-o10350,173,2995625,68
sp-o10350,172,2719375,46
sp-o10350,171,2330000,47
sp-o10350,170,1827500,29
sp-o10350,169,1371250,10
sp-o10350,168,1151250,10
sp-o10350,167,993125,8
sp-o10350,166,861250,6
sp-o10350,165,652500,9
sp-o10350,194,29218750,9
sp-o10350,195,0,0
222537,1573,40625,147
222537,1574,48125,171
222537,1575,58750,156
222537,1571,26875,95
222537,1572,35625,119
222537,1570,20625,47
222537,1576,59375,132
222537,1577,68125,113
222537,1578,74375,131
222537,1579,90000,88
222537,1582,148750,32
222537,1580,75000,41
222537,1581,92500,23
222537,1569,7500,13
222537,1567,0,1
222537,1568,3125,1
222537,1583,0,0
229406A,181,4741250,87
229406A,182,4794375,237
229406A,180,4530000,83
229406A,179,4273125,35
229406A,178,3963125,34
229406A,177,3771875,75
RE690,576,53125,23
RE690,575,9375,2
RE690,577,111250,25
RE690,578,143125,24
RE690,579,196250,46
RE690,580,241250,57
RE690,581,305000,27
RE690,582,398750,28
RE690,583,465625,34
RE690,584,487500,2
sp-o10298,455,41425000,20
sp-o10298,454,41242500,21
sp-o10298,453,40872500,20
sp-o10298,452,40305625,24
sp-o10298,456,42086875,16
sp-o10298,457,42303750,15
sp-o10298,458,42546875,12
sp-o10298,459,42745000,14
sp-o10298,460,43378125,28
sp-o10298,461,43596875,46
sp-o10298,462,43770625,31
sp-o10298,463,44101250,7
sp-o10298,464,44330000,8
sp-o10298,465,44372500,11
sp-o10298,466,44068125,15
sp-o10298,467,44559375,17
sp-o10298,468,44634375,17
sp-o10298,469,44648750,20
sp-o10298,470,44713125,31
sp-o10298,471,44730625,51
sp-o10298,472,44727500,37
sp-o10298,473,44753750,14
sp-o10298,474,44756875,18
sp-o10298,475,44761250,22
sp-o10298,476,44771250,23
sp-o10298,477,44771250,20
sp-o10298,478,44776875,48
sp-o10298,479,44777500,45
sp-o10298,451,40122500,21
sp-o10298,450,39208125,15
sp-o10298,449,38901875,21
sp-o10298,448,38239375,30
sp-o10298,447,37802500,45
sp-o10298,446,37621250,39
sp-o10298,445,36682500,22
sp-o10298,444,36455625,39
sp-o10298,443,36338750,31
sp-o10298,442,36067500,4
sp-o10298,441,35132500,2
sp-o10298,440,34645625,3
sp-o10298,439,33844375,4
sp-o10298,438,32469375,3
sp-o10298,437,28029375,2
sp-o10298,436,31220625,4
sp-o10298,435,31242500,4
sp-o10298,434,1169375,3
sp-o10298,433,15821250,4
sp-o10298,432,15816250,3
sp-o10298,431,27698750,8
sp-o10298,430,29415000,18
sp-o10298,429,28832500,21
sp-o10298,428,28504375,14
sp-o10298,427,28213750,6
sp-o10298,426,9751875,4
sp-o10298,425,9748750,3
sp-o10298,424,11203750,2
sp-o10298,423,25113750,3
sp-o10298,422,24608750,3
sp-o10298,421,12368125,2
sp-o10298,420,22032500,3
sp-o10298,419,23680000,13
sp-o10298,418,23435625,23
sp-o10298,417,23330000,17
sp-o10298,416,22651250,12
sp-o10298,415,22481250,8
sp-o10298,414,12204375,3
sp-o10298,413,10001250,3
sp-o10298,412,16753125,3
sp-o10298,411,18312500,11
sp-o10298,410,18545000,21
sp-o10298,409,18373125,13
sp-o10298,408,17610000,4
sp-o10298,407,16987500,4
sp-o10298,406,16651250,4
sp-o10298,405,16651250,4
sp-o10298,404,0,2
sp-o10298,403,0,3
sp-o10298,402,11865625,5
sp-o10298,401,11865625,6
sp-o10298,400,5627500,8
sp-o10298,399,11268125,6
sp-o10298,480,44778750,19
sp-o10298,481,44779375,30
sp-o10298,482,44780000,26
sp-o10298,483,44780000,17
sp-o10298,484,44780000,23
sp-o10298,485,44780000,14
sp-o10298,305,0,0
sp-o10298,172,0,0
sp-o10298,203,0,0
410545,817,36250,52
410545,818,46875,89
410545,819,50000,124
410545,820,51250,180
410545,821,51875,276
410545,822,51875,266
410545,823,56875,39
410545,816,38125,30
410545,814,27500,3
410545,815,41875,10
410545,813,0,0
sp-o11534,118,49668750,91
sp-o11534,117,46370625,105
sp-o11534,116,43118750,200
sp-o11534,115,40292500,196
sp-o11534,119,52829375,58
sp-o11534,120,55680000,119
sp-o11534,121,56126250,34
sp-o11534,114,36907500,23
sp-o11534,113,34684375,15
sp-o11534,112,31468750,17
656.1,226,5997500,143
656.1,225,5802500,121
656.1,224,5824375,111
656.1,223,5730625,97
656.1,222,5702500,88
656.1,221,5644375,42
656.1,220,5616250,19
656.1,219,432500,6
656.1,227,5843750,111
656.1,228,5954375,138
656.1,229,6144375,74
656.1,230,0,0
171.1,668,630625,500
171.1,667,565625,82
171.1,669,746250,212
171.1,670,830625,109
171.1,671,783125,32
171.1,672,0,0
410717,778,551875,161
410717,777,551250,116
410717,776,538750,160
410717,775,525000,225
410717,774,516875,272
410717,773,503125,202
410717,772,490000,106
410717,771,460625,32
410717,770,433750,25
410717,769,437500,11
410717,779,0,0
410717,768,371875,6
410717,767,85625,2
627.1,51,1210000,135
627.1,52,1226250,233
627.1,53,1237500,69
627.1,50,1149375,38
627.1,54,1238750,40
627.1,49,646250,17
627.1,55,13750,4
627.1,56,0,0
UPPERCOLIBAN,500,2569375,22
UPPERCOLIBAN,499,2298125,10
UPPERCOLIBAN,498,2163125,21
UPPERCOLIBAN,497,2013125,25
UPPERCOLIBAN,496,1883125,16
UPPERCOLIBAN,495,1693750,10
UPPERCOLIBAN,494,1478125,14
UPPERCOLIBAN,493,1365000,12
UPPERCOLIBAN,492,1219375,13
UPPERCOLIBAN,501,2751875,39
UPPERCOLIBAN,502,3006250,27
UPPERCOLIBAN,503,3218125,33
UPPERCOLIBAN,504,3276250,49
UPPERCOLIBAN,505,3295625,138
UPPERCOLIBAN,491,933125,4
UPPERCOLIBAN,490,855000,5
UPPERCOLIBAN,489,748750,10
UPPERCOLIBAN,488,583125,13
UPPERCOLIBAN,487,541250,25
UPPERCOLIBAN,486,378125,8
UPPERCOLIBAN,485,165000,6
UPPERCOLIBAN,484,50625,22
UPPERCOLIBAN,483,16250,19
UPPERCOLIBAN,482,31875,5
UPPERCOLIBAN,481,0,1
233272A,511,159375,22
233272A,510,135000,36
233272A,512,180000,30
233272A,513,191875,28
233272A,514,200625,30
233272A,509,117500,55
233272A,508,101250,23
233272A,507,93125,21
233272A,506,74375,28
233272A,505,49375,2
233272A,504,51250,11
233272A,503,41250,13
233272A,502,36875,18
233272A,501,25000,27
233272A,500,20000,5
233272A,499,8750,5
233272A,498,8125,8
233272A,497,2500,12
233272A,496,0,4
233272A,495,3750,9
sp-o11590,408,962500,168
sp-o11590,407,955625,77
sp-o11590,406,925625,14
sp-o11590,405,891250,22
sp-o11590,404,849375,23
sp-o11590,403,786875,24
sp-o11590,402,767500,14
sp-o11590,401,733750,8
sp-o11590,400,663125,12
sp-o11590,399,645000,6
sp-o11590,398,598125,11
sp-o11590,397,552500,12
sp-o11590,396,521875,11
sp-o11590,395,485000,4
sp-o11590,394,4375,3
sp-o11590,393,0,0
sp-o11590,392,0,0
sp-o11590,409,0,0
233232A,530,788750,28
233232A,529,744375,37
233232A,528,675625,12
233232A,527,638125,7
233232A,531,863750,27
233232A,532,925000,34
233232A,533,988125,78
233232A,534,1035625,65
233232A,526,555625,8
233232A,525,545625,3
233232A,524,488750,7
233232A,523,428750,19
233232A,522,341250,11
233232A,521,361250,6
233232A,520,0,1
233232A,519,205000,3
233232A,518,158750,1
233232A,517,141250,3
233232A,516,0,0
233232A,535,1072500,59
233232A,536,1078125,24
136023A,18,4813125,220
136023A,19,5026250,168
136023A,17,4194375,135
136023A,16,3993125,62
136023A,15,2961250,64
136023A,14,2570000,14
136023A,13,2080625,4
136023A,20,5321875,7
136023A,21,0,0
136023A,22,4089375,1
136023A,23,0,0
136023A,26,0,0
136023A,28,0,0
136023A,24,1613125,1
136023A,27,0,0
136023A,25,2110625,1
sp-o10930,264,5003750,108
sp-o10930,263,4800625,36
sp-o10930,262,4421875,33
sp-o10930,261,3953125,30
sp-o10930,260,3472500,48
sp-o10930,259,3223750,24
sp-o10930,258,2789375,23
sp-o10930,257,2489375,33
sp-o10930,256,2186875,28
sp-o10930,255,2017500,17
sp-o10930,265,0,0
sp-o10930,254,1547500,3
sp-o10930,253,1461875,4
sp-o10930,241,0,0
sp-o10930,250,0,0
sp-o10930,251,0,0
203042,129,947500,427
203042,128,899375,69
203042,127,857500,52
203042,126,756250,43
203042,130,0,0
203042,125,735625,10
203042,124,648750,6
203042,123,572500,12
203042,122,543750,9
203042,121,503750,6
203042,120,384375,7
203042,119,160000,3
203042,118,278750,3
203042,117,250625,3
203042,116,26875,1
203042,115,181875,1
203042,114,0,0
203042,131,0,0
130354A,154,958750,61
130354A,155,968125,122
130354A,156,976250,259
130354A,157,1030000,318
130354A,158,1073750,10
130354A,153,950625,51
130354A,152,899375,31
130354A,151,901250,41
130354A,150,829375,36
130354A,159,681875,9
130354A,160,1123125,4
130354A,161,770625,2
130354A,162,23750,1
135009A,61,13713750,40
135009A,62,16026875,34
135009A,60,11883125,80
135009A,59,11569375,72
135009A,58,9111875,24
135009A,57,7828125,12
135009A,56,7170000,6
135009A,55,5666250,6
135009A,54,861250,4
135009A,53,3385625,6
135009A,52,3563125,10
135009A,51,3135625,23
135009A,50,3068750,21
135009A,49,0,4
135009A,64,20102500,126
135009A,66,23303125,73
135009A,67,26348125,64
135009A,68,28026875,87
135009A,69,31330000,150
135009A,70,32273125,168
135009A,71,36843750,95
135009A,65,21014375,124
135009A,63,18255000,66
135009A,72,40833125,156
135009A,73,42894375,280
135009A,74,44352500,443
135009A,75,44571875,309
135009A,76,46138750,19
135009A,77,35603750,2
135009A,78,16086250,1
135009A,79,0,0
135009A,82,0,0
135009A,81,0,0
135009A,80,0,0
ODSS_21168_WSLAHD.1,132,4083125,44
ODSS_21168_WSLAHD.1,131,3758750,106
ODSS_21168_WSLAHD.1,130,3400625,131
ODSS_21168_WSLAHD.1,129,3055000,183
ODSS_21168_WSLAHD.1,128,2734375,127
ODSS_21168_WSLAHD.1,133,4290000,21
ODSS_21168_WSLAHD.1,127,2523750,67
ODSS_21168_WSLAHD.1,134,4061875,5
229130A,137,1599375,26
229130A,136,1568125,29
229130A,135,1516250,15
229130A,134,1447500,22
229130A,133,1390000,28
229130A,132,1311250,21
229130A,131,1236250,10
229130A,130,1194375,19
229130A,138,1646875,23
229130A,139,1660000,92
229130A,129,1118125,8
229130A,128,5000,3
229130A,127,0,0
229130A,126,0,0
136113A,207,1963125,27
136113A,208,2219375,19
136113A,206,1758750,25
136113A,205,1378125,13
136113A,204,1172500,7
136113A,203,1077500,6
136113A,202,663125,48
136113A,201,619375,87
136113A,200,530000,103
136113A,211,3269375,30
136113A,215,4591250,7
136113A,214,4502500,16
136113A,213,4078125,16
136113A,212,3517500,24
136113A,210,2883750,22
136113A,209,2682500,17
136113A,217,0,0
136113A,218,0,0
136113A,220,0,0
136113A,221,8351875,1
136113A,223,10063125,21
136113A,225,11910000,56
136113A,228,13265625,92
136113A,231,0,0
136113A,230,0,0
136113A,229,0,0
136113A,227,13147500,174
136113A,226,12855000,114
136113A,224,11558750,28
136113A,222,10006250,18
ODSS_21167_WSLAHD.1,193,371250,96
ODSS_21167_WSLAHD.1,192,343750,82
ODSS_21167_WSLAHD.1,191,321250,65
ODSS_21167_WSLAHD.1,190,303125,60
ODSS_21167_WSLAHD.1,189,285625,44
ODSS_21167_WSLAHD.1,188,263125,36
ODSS_21167_WSLAHD.1,194,396250,51
ODSS_21167_WSLAHD.1,195,428750,23
ODSS_21167_WSLAHD.1,196,458750,27
ODSS_21167_WSLAHD.1,187,241250,25
ODSS_21167_WSLAHD.1,186,231875,13
ODSS_21167_WSLAHD.1,185,215000,6
ODSS_21167_WSLAHD.1,184,185000,2
ODSS_21167_WSLAHD.1,183,188125,5
ODSS_21167_WSLAHD.1,197,490000,24
ODSS_21167_WSLAHD.1,198,509375,25
ODSS_21167_WSLAHD.1,199,511250,4
228264A,68,1806875,159
228264A,67,1603125,314
228264A,69,2007500,6
228264A,66,1423750,103
130338A,164,201875,70
130338A,165,404375,127
130338A,166,723125,43
130338A,167,876250,54
130338A,168,999375,90
130338A,169,1120625,144
130338A,171,1149375,47
130338A,170,1140000,666
130338A,172,1134375,4
130338A,174,948125,2
130338A,175,0,0
130338A,176,0,0
130338A,173,1051250,2
130338A,177,0,0
130338A,179,11250,1
130338A,180,0,0
130338A,163,181875,35
130104A,120,690625,47
130104A,121,959375,90
130104A,123,1201250,269
130104A,124,1216875,167
130104A,122,1167500,622
130104A,119,690625,18
130104A,118,508750,3
130104A,126,611250,1
130104A,128,0,0
130104A,129,660000,1
130104A,130,622500,1
130104A,127,0,0
130104A,125,0,0
130104A,131,0,0
130104A,132,0,0
143048A,95,119375,40
143048A,96,0,0
143048A,94,111250,16
143048A,93,112500,44
143048A,92,100000,229
143048A,91,80625,49
143048A,90,63750,8
143048A,89,53125,3
143048A,88,54375,5
143048A,87,46250,55
143048A,86,31875,13
143048A,85,0,0
286.1,518,8750,169
286.1,519,9375,214
286.1,520,18125,32
286.1,521,25625,15
286.1,522,25625,14
286.1,523,16875,4
130304B,79,535625,148
130304B,80,573125,296
130304B,81,602500,15
130304B,78,466250,62
130304B,77,431250,52
130304B,76,398750,23
130304B,83,621875,5
130304B,82,607500,12
130304B,75,249375,9
130304B,84,0,0
130304B,85,78750,1
130304B,86,0,0
130304B,87,0,0
410742,953,2382500,50
410742,952,2326875,55
410742,951,2260625,55
410742,950,2215625,80
410742,949,2180625,81
410742,948,2113750,72
410742,947,2071250,84
410742,946,2043125,77
410742,954,2435625,144
410742,955,2433750,123
410742,945,1958750,101
410742,944,1915625,123
410742,943,1831875,132
410742,942,1787500,145
410742,941,1755000,124
410742,940,1696875,89
410742,939,1648125,73
410742,938,1600000,64
410742,937,1535625,72
410742,936,1528750,85
410742,935,1460000,87
410742,934,1391875,82
410742,933,1293750,50
410742,932,1261875,39
410742,931,1240625,54
410742,930,1209375,60
410742,929,1136875,55
410742,928,1107500,37
410742,927,1048750,44
410742,926,1008750,51
410742,925,986875,26
410742,924,880000,40
410742,923,869375,49
410742,922,830625,22
410742,921,850625,8
410742,920,784375,17
410742,919,770625,22
410742,918,796250,12
410742,917,415000,7
410742,916,624375,6
410742,915,651250,7
410742,914,361875,15
410742,956,0,0
143036A,67,104120000,25
143036A,66,101111875,251
143036A,65,95626875,124
143036A,64,88255000,140
143036A,63,79575625,134
143036A,62,72492500,119
143036A,61,67677500,94
143036A,60,63310625,90
143036A,59,58881250,49
143036A,58,54969375,41
143036A,57,49638750,19
143036A,56,46128750,51
143036A,55,43881875,29
143036A,54,38080000,56
143036A,53,34469375,23
143036A,52,29698750,14
143036A,51,27185625,32
143036A,50,25158125,16
143036A,69,99131250,2
143036A,68,43676250,1
143036A,71,0,0
143036A,74,0,0
143036A,73,0,0
143036A,72,0,0
143036A,70,63494375,2
136020A,2,4833750,230
136020A,3,5215000,296
136020A,4,5371250,9
136020A,1,4570000,53
136020A,5,0,0
136020A,6,0,0
136020A,7,0,0
136020A,8,0,0
136020A,9,0,0
136020A,11,0,0
136020A,12,0,0
136020A,10,939375,1
136020A,16,0,0
136020A,17,0,0
136020A,14,0,0
401027,183,139743750,81
401027,182,133583750,110
401027,181,128276250,128
401027,180,122622500,127
401027,179,117006875,124
401027,178,111365625,110
401027,177,104730000,100
401027,176,98733750,111
401027,175,94625000,121
401027,184,147741250,80
401027,185,154103125,94
401027,186,161992500,91
401027,187,168717500,87
401027,188,173796250,73
401027,189,183360625,96
401027,190,189405000,170
401027,191,190209375,104
401027,192,165516250,1
401027,174,90219375,116
401027,173,85798750,113
401027,172,81360625,96
401027,171,74685000,60
401027,170,69173125,54
401027,169,61014375,63
401027,168,52683125,42
401027,167,44829375,29
401027,166,39408750,37
401027,165,35902500,29
401027,164,31744375,16
110014A,668,29170625,163
110014A,669,30119375,143
110014A,670,31166875,168
110014A,671,16031875,1
110014A,672,0,0
110014A,667,28124375,174
110014A,666,27181250,133
110014A,665,25923750,79
110014A,664,24738125,48
110014A,663,23073125,19
110014A,662,20895000,49
110014A,661,19833750,38
110014A,660,18875000,36
110014A,659,17410000,15
110014A,658,16340000,10
110014A,657,10919375,3
110014A,656,13700000,10
143234A,64,4904375,33
143234A,63,4443125,51
143234A,62,3949375,31
143234A,61,3375625,44
143234A,60,3044375,67
143234A,59,2562500,36
143234A,58,2121250,55
143234A,57,1350000,511
143234A,65,5356875,122
143234A,66,0,0
412106,847,3486875,75
412106,846,3415000,93
412106,845,3271250,71
412106,844,3001250,73
412106,843,2666250,54
412106,842,2304375,42
412106,841,2200000,15
412106,840,1945000,18
412106,839,1765625,14
412106,838,1560000,35
412106,837,1423750,93
412106,836,1288125,43
412106,835,1090000,97
412106,834,931250,69
412106,833,760625,84
412106,832,686250,136
412106,831,628125,86
412106,830,579375,82
412106,829,499375,54
412106,828,461875,23
419080,449,19984375,3
419080,448,19689375,38
419080,447,19615625,37
419080,446,18251250,42
419080,445,18222500,48
419080,444,17232500,10
419080,443,13250000,2
419080,442,15741875,1
419080,441,15873125,3
419080,440,14918750,2
419080,439,0,1
419080,438,12437500,2
419080,437,13194375,4
419080,436,12724375,4
419080,435,12374375,2
419080,434,11385625,2
419080,433,11455625,3
419080,432,10778125,3
419080,431,9950000,70
419080,430,9896250,98
419080,429,9380625,61
419080,428,8805000,44
419080,427,7919375,81
419080,426,7753750,98
419080,425,7365000,36
419080,424,6675000,27
419080,423,6465625,30
419080,422,5900625,31
419080,421,5722500,23
419080,420,5100625,5
419080,419,4478125,18
419080,418,4364375,59
419080,417,4000000,99
419080,416,3723750,100
419080,415,3091875,64
419080,414,2622500,68
419080,413,2440000,63
419080,412,2097500,21
419080,411,1711250,14
419080,410,1458750,11
422214A,194,2066875,34
422214A,193,2030000,432
422214A,192,1861875,110
422214A,191,1549375,60
422214A,190,1130000,19
422214A,196,2007500,1
422214A,198,2253750,3
422214A,199,0,0
422214A,197,0,0
422214A,195,1995000,1
422214A,200,0,0
422214A,189,736250,2
410791,612,222500,552
410791,611,215625,327
sp-o10109,264,2818125,280
sp-o10109,263,2743750,116
sp-o10109,262,2498750,145
sp-o10109,261,2215000,254
sp-o10109,260,1873125,103
sp-o10109,259,1678125,37
sp-o10109,258,1503125,43
sp-o10109,257,1214375,27
sp-o10109,256,1032500,12
sp-o10109,255,930625,5
sp-o10109,254,0,0
130106A,100,218125,160
130106A,101,241250,232
130106A,102,276875,653
130106A,103,300625,140
130106A,104,322500,18
130106A,105,328125,5
130106A,106,0,0
130106A,108,0,0
130106A,109,156250,2
130106A,110,0,0
130106A,111,0,0
130106A,107,0,0
130106A,112,13125,1
130106A,99,132500,7
410572A,542,15153750,281
410572A,541,15116250,224
410572A,543,15060000,4
410572A,540,15085625,116
410572A,539,14976875,60
410572A,538,14815625,34
410572A,537,14635000,14
410572A,536,6278125,1
410572A,535,0,0
120016A,154,248588125,179
120016A,155,257602500,17
120016A,156,261601875,6
120016A,157,258352500,3
120016A,153,240103125,237
120016A,152,217845000,114
120016A,151,195748750,82
120016A,150,171232500,39
120016A,149,150292500,11
120016A,148,128266250,8
120016A,158,260485625,1
120016A,159,142730000,1
120016A,160,0,0
120016A,147,108586250,3
120016A,146,69371250,3
120016A,137,0,0
ODSS_47683_WSLAHD.1,201,323125,103
ODSS_47683_WSLAHD.1,200,288125,72
ODSS_47683_WSLAHD.1,199,257500,68
ODSS_47683_WSLAHD.1,198,218125,99
ODSS_47683_WSLAHD.1,197,188750,28
ODSS_47683_WSLAHD.1,196,137500,15
ODSS_47683_WSLAHD.1,195,123750,6
ODSS_47683_WSLAHD.1,194,77500,3
ODSS_47683_WSLAHD.1,193,76875,6
ODSS_47683_WSLAHD.1,192,0,0
419041,327,36218750,7
419041,326,33851250,22
419041,325,30933750,20
419041,324,29330000,7
419041,323,26093125,11
419041,322,23585625,43
419041,321,21012500,57
419041,328,39346875,22
419041,320,19745000,20
419041,319,17038125,43
419041,318,15618750,38
419041,317,13603125,38
419041,316,12072500,49
419041,315,9998750,39
419041,314,8338125,29
419041,313,7410000,19
419041,312,6478125,7
419041,311,5400625,5
419041,310,4291250,15
419041,309,3788750,11
419041,308,3340625,2
419041,307,2418750,5
419041,329,41105625,34
419041,306,1638125,30
419041,305,1200000,10
412010,378,37156875,48
412010,377,36972500,109
412010,376,36423750,122
412010,375,35673750,121
412010,379,0,0
412010,374,34708125,77
412010,373,33736875,54
412010,372,32976250,50
412010,371,32170625,42
412010,370,31404375,44
412010,369,30399375,36
412010,368,29614375,41
412010,367,29070625,56
412010,366,28329375,56
412010,365,27659375,48
412010,364,26331250,52
412010,363,25642500,74
412010,362,25068750,72
412010,361,24264375,54
412010,360,23530000,48
412010,359,22735000,60
412010,358,21923125,59
412010,357,21052500,33
412010,356,20435625,29
412010,355,19697500,26
412010,354,18423750,25
412010,353,17946875,29
412010,352,17498750,30
412010,351,16225000,36
412010,350,15726250,33
412010,349,14639375,57
412010,348,14153125,75
412010,347,13321875,68
412010,346,12639375,88
412010,345,11877500,115
412010,344,11265625,103
412010,343,10535625,80
412010,342,9800625,87
412010,341,8982500,69
412010,340,8389375,59
412010,339,7668125,67
412010,338,6908125,43
412010,337,6224375,22
412010,336,5653125,17
412010,335,5093750,17
412010,334,5060625,13
210102,155,1853750,784
210102,156,0,0
210102,154,1708750,151
210102,153,1543750,43
210102,152,1418125,13
210102,157,0,0
210102,151,1300625,12
210102,150,850625,4
210102,149,1093750,5
LAKE_BELLFIELD,266,3050000,1
LAKE_BELLFIELD,265,3049375,3
LAKE_BELLFIELD,264,2870625,8
LAKE_BELLFIELD,263,0,0
LAKE_BELLFIELD,262,2530625,4
LAKE_BELLFIELD,261,2428750,17
LAKE_BELLFIELD,260,2303750,8
LAKE_BELLFIELD,259,2093750,4
LAKE_BELLFIELD,258,1969375,14
LAKE_BELLFIELD,257,1830000,3
LAKE_BELLFIELD,256,1687500,7
LAKE_BELLFIELD,255,1586875,12
LAKE_BELLFIELD,254,1493125,21
LAKE_BELLFIELD,253,1342500,13
LAKE_BELLFIELD,252,1255000,29
LAKE_BELLFIELD,251,946875,1
LAKE_BELLFIELD,267,3238750,5
LAKE_BELLFIELD,268,3353125,7
LAKE_BELLFIELD,269,3564375,16
LAKE_BELLFIELD,271,3843125,24
LAKE_BELLFIELD,272,3983125,25
LAKE_BELLFIELD,273,4113750,21
LAKE_BELLFIELD,274,4211875,49
LAKE_BELLFIELD,275,4304375,22
LAKE_BELLFIELD,270,3714375,28
657.1,226,1505000,223
657.1,225,1441250,208
657.1,224,1329375,170
657.1,227,1562500,167
657.1,223,1223750,147
657.1,222,1151875,109
657.1,221,1082500,67
657.1,220,955000,44
657.1,219,593125,18
657.1,231,1825625,56
657.1,233,1936250,61
657.1,234,1980625,38
657.1,235,1952500,31
657.1,236,1936250,39
657.1,238,1597500,42
657.1,239,1438125,52
657.1,240,1255000,52
657.1,241,1417500,28
657.1,237,1910625,40
657.1,232,1905000,61
657.1,230,1726250,64
657.1,229,1721875,73
657.1,228,1615000,97
657.1,242,601250,7
657.1,243,0,0
657.1,244,0,0
125008A,45,461250,378
125008A,46,456250,85
125008A,47,486250,129
125008A,48,0,0
125008A,49,0,0
125008A,44,269375,10
125008A,51,0,0
401571,583,26875,52
401571,584,28125,130
401571,585,28125,294
401571,586,28750,135
401571,582,28125,32
401571,580,1250,3
401571,581,27500,23
401571,579,6250,1
401571,587,32500,7
401571,588,0,0
421148,544,14703750,11
421148,545,14291250,11
421148,546,14047500,18
421148,547,16015000,14
421148,548,16596250,9
421148,549,17776875,17
421148,550,18186875,45
421148,543,13785000,51
421148,542,13494375,65
421148,541,12883125,150
421148,540,12153750,129
421148,539,11843125,125
421148,538,11243750,111
421148,537,10728750,39
421148,536,10345625,78
421148,535,9686250,45
421148,534,9151875,87
421148,533,8658750,68
421148,532,8079375,98
421148,531,7692500,50
421148,530,7145625,25
421148,529,7109375,11
295.1,522,39375,441
295.1,524,57500,90
295.1,525,58750,47
295.1,523,48750,170
295.1,521,32500,105
295.1,526,70000,33
295.1,529,6250,12
295.1,527,73750,26
295.1,528,64375,22
295.1,530,56875,4
295.1,519,0,0
295.1,520,0,0
sp-o10926,531,616875,88
sp-o10926,530,567500,63
sp-o10926,529,506875,61
sp-o10926,532,627500,4
sp-o10926,528,447500,30
sp-o10926,527,347500,39
sp-o10926,526,275625,17
sp-o10926,525,107500,4
sp-o10926,524,69375,1
sp-o10814,125,36142500,8
sp-o10814,124,36061250,546
sp-o10814,123,32678750,12
sp-o10814,122,8125,5
sp-o10814,121,4375,9
sp-o10814,120,625,2
sp-o10814,119,0,4
410542,1149,1151250,60
410542,1150,1141875,52
410542,1151,1140000,40
410542,1148,1147500,73
410542,1147,1118750,82
410542,1146,1096875,79
410542,1145,1085000,73
410542,1144,1073750,77
410542,1142,1026875,85
410542,1141,1021250,84
410542,1143,1049375,75
410542,1140,1005000,61
410542,1139,955000,59
410542,1138,926875,55
410542,1137,908750,49
410542,1136,873125,49
410542,1135,838125,46
410542,1133,775000,55
410542,1153,1158750,14
410542,1154,1117500,7
410542,1155,816250,2
410542,1152,1153125,25
410542,1134,822500,46
410542,1132,767500,67
410542,1131,756250,65
410542,1129,683750,64
410542,1126,595625,54
410542,1128,664375,70
410542,1130,718125,52
410542,1127,633125,58
410542,1124,536250,41
410542,1125,570625,41
410542,1121,480625,28
410542,1122,485000,33
410542,1123,495000,42
410542,1120,416250,18
410542,1115,340000,8
410542,1117,369375,13
410542,1119,425000,17
410542,1116,315625,8
410542,1112,248750,5
410542,1118,434375,17
410542,1114,325625,13
410542,1113,237500,9
410542,1111,205000,5
410542,1110,132500,3
410542,1109,0,3
410542,1106,135000,1
410542,1108,31875,5
410542,1107,31875,3
410542,1105,135000,1
410542,1156,0,0
410542,1100,0,3
410542,1103,0,1
410542,1102,0,1
410542,1101,0,1
410542,1098,0,0
410542,1099,0,2
410542,1104,0,0
139.2,1032,153088750,1
139.2,1031,151443125,3
139.2,1030,150206250,5
139.2,1029,147963750,17
139.2,1028,136163125,6
139.2,1027,143394375,41
139.2,1026,141187500,105
139.2,1025,138660625,104
139.2,1024,136001250,102
139.2,1023,133118750,85
139.2,1022,128998125,39
139.2,1021,125219375,13
138112A,135,3415625,431
138112A,134,3332500,493
138112A,133,3158750,130
138112A,136,0,0
138112A,132,2969375,54
138112A,131,2833750,48
138112A,130,2713750,12
138112A,129,2486250,31
138112A,128,2170625,51
138112A,127,1950625,23
138112A,126,1855000,5
138112A,125,1605000,4
138112A,124,1473750,6
138112A,123,1321875,4
138112A,122,61875,2
138112A,121,155000,4
138112A,120,771875,5
138112A,138,0,0
410765,577,956250,900
410765,576,921875,60
410765,575,0,0
613.1,471,728125,42
613.1,470,669375,45
613.1,472,775000,35
613.1,469,646875,26
613.1,468,580625,16
613.1,467,527500,24
613.1,466,453750,15
613.1,465,401875,10
613.1,464,341875,8
613.1,473,760625,2
613.1,463,299375,7
613.1,462,260000,7
613.1,461,170625,3
613.1,460,0,0
232217A,600,706875,24
232217A,599,431875,10
232217A,598,321875,30
232217A,597,238125,15
232217A,596,179375,11
232217A,595,75625,35
232217A,594,40625,25
232217A,601,846250,14
232217A,602,1056250,23
232217A,603,1215625,42
232217A,604,1315000,32
229405A,245,2941250,117
229405A,244,2920000,216
229405A,243,0,0
229405A,242,0,0
658.1,158,5862500,581
658.1,159,5961250,312
658.1,160,2561250,14
658.1,157,5439375,20
658.1,156,4886875,20
658.1,155,4190625,3
658.1,161,0,0
298.1,232,42845625,70
298.1,231,41385000,71
298.1,230,39815625,70
298.1,229,38115625,55
298.1,228,36660625,48
298.1,227,34745000,58
298.1,233,43878750,77
298.1,234,44835625,43
298.1,235,29582500,16
298.1,226,32197500,26
298.1,236,0,2
298.1,225,17611250,14
298.1,221,0,1
145021A,205,2818125,35
145021A,204,2736875,29
145021A,203,2665625,21
145021A,202,2548125,24
145021A,201,2438750,38
145021A,200,2314375,16
145021A,199,2160625,6
145021A,198,1877500,3
145021A,197,0,1
145021A,196,1756250,16
145021A,195,1729375,21
145021A,194,1511875,5
145021A,193,1427500,13
145021A,192,1333125,42
145021A,191,1247500,13
145021A,190,1108125,28
145021A,189,982500,1
145021A,206,2916875,96
145021A,207,2933750,92
145021A,208,0,0
145021A,209,0,0
142801A,39,18925625,102
142801A,38,18280000,58
142801A,37,16970000,56
142801A,36,15960625,94
142801A,35,14748750,82
142801A,34,13424375,66
142801A,33,12416875,23
142801A,32,10720625,9
142801A,31,9392500,18
142801A,30,8728125,22
142801A,29,8126250,15
142801A,28,7437500,5
142801A,27,6359375,7
142801A,26,4670625,6
142801A,25,5101250,13
142801A,24,4730000,12
142801A,40,0,0
210097,275,22946250,200
210097,276,22973125,127
210097,277,23000625,5
210097,278,2286250,1
210097,274,22831250,113
210097,273,22641250,104
210097,272,22463750,210
210097,271,22266875,227
210097,270,22063125,132
210097,269,21621875,68
210097,268,21360625,38
210097,267,20946250,53
210097,266,20532500,121
210097,265,20335625,128
210097,264,19610625,92
210097,263,19264375,97
210097,262,18579375,86
210097,261,18334375,56
210097,260,17485000,91
210097,259,17344375,113
210097,258,16293750,76
210097,257,16001250,47
210097,256,15691250,28
210097,255,15175625,29
210097,254,14845625,26
210097,253,14316875,79
210097,252,14205625,75
210097,251,12775625,27
210097,250,12431875,32
210097,249,11893750,31
210097,248,11468125,37
210097,247,11221250,35
210097,222,0,0
210097,192,0,0
210097,220,0,0
210097,190,0,0
ODSS_57389_WSLAHD.1,59,12994375,297
ODSS_57389_WSLAHD.1,60,13817500,93
ODSS_57389_WSLAHD.1,61,0,1
ODSS_57389_WSLAHD.1,62,0,0
ODSS_57389_WSLAHD.1,58,10793750,220
ODSS_57389_WSLAHD.1,57,8777500,200
ODSS_57389_WSLAHD.1,56,6462500,145
ODSS_57389_WSLAHD.1,55,4536250,113
ODSS_57389_WSLAHD.1,54,3575000,163
ODSS_57389_WSLAHD.1,53,2786875,101
ODSS_57389_WSLAHD.1,52,2461250,13
ODSS_57389_WSLAHD.1,49,0,0
ODSS_57389_WSLAHD.1,38,0,0
ODSS_57389_WSLAHD.1,27,0,0
ODSS_57389_WSLAHD.1,16,0,0
ODSS_57389_WSLAHD.1,5,0,0
ODSS_57389_WSLAHD.1,110,0,0
ODSS_57389_WSLAHD.1,51,0,0
RE851,342,131875,247
RE851,341,117500,73
RE851,340,119375,48
RE851,339,115625,51
RE851,343,0,0
RE851,338,115625,34
RE851,337,88125,24
RE851,336,84375,15
RE851,335,56250,11
RE851,334,8750,4
RE851,333,0,5
RE851,332,0,1
RE851,331,21250,1
RE851,330,8125,1
WARTOOK,438,5271875,40
WARTOOK,437,3190625,4
WARTOOK,439,6798125,166
WARTOOK,440,7840625,286
WARTOOK,441,8066250,165
WARTOOK,442,0,0
625.1,220,5266875,113
625.1,219,5268750,147
625.1,218,5237500,115
625.1,217,5268750,94
625.1,221,5265625,32
625.1,222,3726250,18
625.1,216,5218125,16
625.1,223,14375,1
625.1,224,0,0
136003C,94,1396250,147
136003C,93,1326250,310
136003C,92,1269375,582
136003C,91,1131250,112
136003C,90,951250,41
136003C,95,358125,3
136003C,89,818125,34
136003C,96,1041250,2
136003C,98,1351250,3
136003C,97,0,0
136003C,101,962500,2
136003C,100,0,0
136003C,99,0,1
222538,1154,121584375,31
222538,1153,120773750,52
222538,1152,118740000,46
222538,1151,116305625,33
222538,1150,112271875,33
222538,1149,111380000,47
222538,1148,108581875,56
222538,1147,105662500,106
222538,1146,104265000,146
222538,1155,121981875,3
222538,1145,102825000,135
222538,1144,100418125,94
222538,1143,97759375,81
222538,1142,95195625,173
222538,1141,94273750,158
222538,1140,91485000,89
222538,1139,89308750,121
222538,1138,87501875,93
222538,1137,85215625,50
222538,1136,82712500,57
222538,1135,80277500,59
222538,1134,78492500,41
222538,1133,75364375,38
222538,1132,73890625,64
222538,1131,72271875,93
222538,1130,70243125,114
222538,1129,68811875,111
222538,1128,66598750,83
222538,1127,64348750,65
222538,1126,62145000,71
222538,1125,60511875,73
222538,1124,59002500,51
222538,1123,56335000,32
222538,1122,54909375,25
222538,1121,52451875,15
222538,1120,50623125,12
222538,1119,48406250,20
222538,1118,12816250,20
222538,1117,1875,16
222538,1116,625,11
135008A,14,855000,226
135008A,16,940000,149
135008A,15,907500,114
135008A,13,790625,115
135008A,12,735625,31
135008A,11,0,0
135008A,17,858125,2
135008A,18,229375,1
135008A,19,0,0
ODSS_21166_WSLAHD.1,191,2483125,53
ODSS_21166_WSLAHD.1,190,2371250,54
ODSS_21166_WSLAHD.1,189,2268750,66
ODSS_21166_WSLAHD.1,188,2165000,71
ODSS_21166_WSLAHD.1,187,2050625,76
ODSS_21166_WSLAHD.1,186,1945000,86
ODSS_21166_WSLAHD.1,192,2557500,55
ODSS_21166_WSLAHD.1,193,2648750,56
ODSS_21166_WSLAHD.1,194,2753750,69
ODSS_21166_WSLAHD.1,195,2847500,60
ODSS_21166_WSLAHD.1,196,2946250,50
ODSS_21166_WSLAHD.1,197,3014375,58
ODSS_21166_WSLAHD.1,198,3057500,35
ODSS_21166_WSLAHD.1,185,1835625,77
ODSS_21166_WSLAHD.1,184,1768125,61
ODSS_21166_WSLAHD.1,183,1650000,57
ODSS_21166_WSLAHD.1,182,1581875,68
ODSS_21166_WSLAHD.1,181,1469375,78
ODSS_21166_WSLAHD.1,180,1423125,60
ODSS_21166_WSLAHD.1,179,1333750,43
ODSS_21166_WSLAHD.1,178,1275625,34
ODSS_21166_WSLAHD.1,177,1203125,25
ODSS_21166_WSLAHD.1,176,1148125,18
ODSS_21166_WSLAHD.1,199,3139375,12
ODSS_21166_WSLAHD.1,200,3273750,12
ODSS_21166_WSLAHD.1,201,3273750,7
629.1,1111,963750,26
629.1,1112,1171875,26
629.1,1113,1295000,28
629.1,1114,1473125,32
629.1,1115,1806250,20
629.1,1116,2160000,19
629.1,1117,2381875,10
629.1,1118,2511875,26
629.1,1119,2696875,19
629.1,1120,2772500,25
629.1,1121,0,0
629.1,1110,0,0
ROCKLANDS,184,6878750,122
ROCKLANDS,183,5113125,112
ROCKLANDS,185,8808750,43
ROCKLANDS,186,11590000,38
ROCKLANDS,187,14635625,71
ROCKLANDS,188,18190000,88
ROCKLANDS,189,24045000,161
ROCKLANDS,182,3310625,81
ROCKLANDS,190,29639375,147
ROCKLANDS,191,33028750,150
ROCKLANDS,192,37551875,12
421078,345,72291250,33
421078,344,68969375,40
421078,343,67747500,35
421078,342,64171875,73
421078,341,63270000,74
421078,340,60911875,27
421078,346,74256250,26
421078,347,76399375,20
421078,348,77611875,7
421078,349,79919375,2
421078,350,79916875,1
421078,351,0,0
421078,320,18651250,78
421078,319,16948750,34
421078,321,20013125,108
421078,322,21597500,112
421078,323,23600000,126
421078,324,25376875,178
421078,325,26630625,162
421078,327,31215625,88
421078,328,32813750,71
421078,329,34458750,30
421078,326,28563750,93
421078,331,39736875,34
421078,332,40841875,39
421078,333,42501250,28
421078,334,45920000,18
421078,330,37256875,25
421078,318,14487500,14
421078,317,13985000,17
421078,316,11279375,19
421078,315,10743750,29
421078,314,8243125,28
421078,335,50021875,14
421078,336,53212500,12
421078,337,57453750,14
421078,338,58961250,14
421078,339,59578750,14
421078,313,7521250,12
138012A,101,121250,345
138012A,100,118125,420
138012A,99,90625,116
138012A,98,61875,96
138012A,97,48125,51
138012A,96,28125,12
138012A,95,13125,5
138012A,94,6250,16
138012A,93,0,10
143228A,102,523125,36
143228A,103,575000,18
143228A,104,621875,11
143228A,101,441250,204
143228A,100,395000,342
143228A,105,690625,14
143228A,106,756250,20
143228A,107,829375,33
143228A,108,874375,50
143228A,109,933125,110
143228A,110,929375,13
143228A,99,345625,66
425022,58,154520625,20
425022,57,149895000,37
425022,59,156433750,30
425022,60,156610625,65
425022,56,134785625,45
425022,55,77600000,28
425022,54,16250,148
425022,53,9375,323
RE750,176,356250,5
RE750,175,279375,4
RE750,177,2500,1
RE750,178,0,1
RE750,179,1875,1
RE750,180,428125,2
RE750,181,0,1
RE750,182,270000,2
RE750,183,0,0
RE750,184,620000,2
RE750,185,605000,2
RE750,186,111250,3
RE750,187,0,0
RE750,188,0,0
RE750,189,0,1
RE750,190,646250,2
RE750,191,513750,4
RE750,192,0,0
422315B,470,10472500,31
422315B,469,9827500,14
422315B,468,8807500,6
422315B,467,7589375,4
422315B,466,7074375,6
422315B,465,6490000,31
422315B,464,5562500,12
422315B,463,5120625,30
422315B,462,4354375,22
422315B,461,3730000,35
422315B,460,3130000,98
422315B,459,2815625,118
422315B,458,2400000,55
422315B,457,1941250,43
422315B,456,1586250,21
422315B,471,11634375,9
422315B,472,12020000,25
422315B,455,1006250,1
410102,354,27965000,18
410102,353,27056875,19
410102,352,26630000,24
410102,351,26211250,21
410102,350,25451250,25
410102,349,25216875,24
410102,348,24223750,23
410102,347,23799375,24
410102,346,23192500,22
410102,345,22469375,29
410102,344,21789375,36
410102,343,21093750,37
410102,342,20798750,24
410102,341,19889375,25
410102,340,19633125,24
410102,339,19111250,9
410102,338,18588750,7
410102,355,28390000,27
410102,356,28770625,30
410102,357,29350000,21
410102,358,30030625,22
410102,359,30355625,27
410102,360,30785625,21
410102,361,31490000,20
410102,362,31861875,18
410102,363,32402500,16
410102,364,32918125,17
410102,365,33297500,13
410102,366,33897500,13
410102,367,34042500,10
410102,368,34748750,8
410102,369,35073125,11
410102,370,35745625,13
410102,371,35955000,10
410102,372,36521875,5
410102,373,37150000,15
410102,374,37290000,18
410102,375,37719375,18
410102,337,18150000,7
410102,336,17470625,4
410102,335,16831250,4
410102,334,16314375,7
410102,333,15905000,6
410102,332,15541250,6
410102,331,14030000,8
410102,330,13777500,7
410102,329,13391875,6
410102,328,12654375,12
410102,327,12396875,16
410102,326,12096250,8
410102,325,9998125,3
410102,324,10975625,4
410102,323,11053750,4
410102,322,10038125,4
410102,321,3125,6
410102,320,2500,4
410102,319,0,1
410102,318,0,1
410102,317,0,2
410102,316,2500,4
410102,315,6830625,3
410102,314,6955000,2
410102,313,6665000,1
410102,312,6269375,3
410102,311,6269375,4
410102,310,5486250,2
410102,309,5486250,1
410102,308,0,0
410102,307,4409375,1
410102,306,4409375,1
410102,305,0,0
410102,376,38110000,34
410102,377,38245625,29
410102,378,38398750,13
410102,379,38448750,7
410102,380,31094375,1
401569,301,2586875,118
401569,300,2490625,158
401569,299,2244375,93
401569,298,1760000,7
401569,302,2598125,13
401569,297,0,0
401569,303,1107500,1
401569,296,843125,1
416409A,313,14118125,87
416409A,312,12522500,116
416409A,311,10575000,113
416409A,310,8360000,78
416409A,309,6770625,59
416409A,308,4964375,26
416409A,307,3428125,24
416409A,314,14508125,26
416409A,306,1561250,9
416409A,305,552500,8
416409A,304,199375,7
M309,156,1253125,354
M309,157,0,0
M309,155,1231250,96
M309,154,1191875,70
M309,153,1142500,48
M309,152,1069375,25
M309,151,1022500,24
M309,150,959375,23
M309,149,824375,8
M309,148,800000,9
M309,147,425000,2
M309,146,709375,4
594.1,379,747500,330
594.1,378,645000,12
594.1,380,759375,148
594.1,381,798125,46
594.1,382,0,0
143305A,99,38673750,171
143305A,98,37847500,327
143305A,97,34231875,94
143305A,96,31551875,321
143305A,95,28371250,38
143305A,94,25665625,23
143305A,93,23372500,27
143305A,92,20862500,42
143305A,91,16529375,276
143305A,101,0,0
143305A,100,35496250,4
143305A,103,0,0
143305A,104,0,0
143305A,102,0,0
296.1,476,348750,154
296.1,477,356250,70
296.1,475,319375,252
296.1,474,625,2
296.1,478,419375,7
296.1,473,0,0
296.1,479,227500,9
296.1,480,246875,4
416030,515,8319375,113
416030,514,8307500,54
416030,513,8191250,14
416030,512,8180000,17
416030,511,8114375,15
416030,510,7935000,14
416030,509,7937500,8
416030,508,7981875,6
416030,516,8325000,61
416030,507,7751250,8
416030,506,7603750,18
416030,505,7455625,26
416030,504,7203750,88
416030,503,7118750,107
416030,502,7035625,45
416030,501,6900000,35
416030,500,6801875,31
416030,499,6579375,12
416030,498,6494375,7
416030,497,6223125,7
416030,496,5937500,8
416030,495,6015625,6
416030,494,5713750,21
416030,493,5468125,30
416030,492,5266250,24
416030,491,5096875,23
416030,490,4971875,34
416030,489,4921250,41
416030,488,4843125,24
416030,487,4598125,36
416030,486,4552500,33
416030,485,4286250,21
416030,484,4177500,34
416030,483,4165000,36
416030,482,4080625,26
416030,481,3998750,10
416030,480,3630625,14
416030,479,3533125,17
416030,517,0,0
416030,478,3521875,6
416030,477,3338750,32
416030,476,3339375,34
416030,475,3199375,7
416030,474,3011875,18
416030,473,2940625,25
416030,472,2861250,17
416030,471,2745625,9
416030,470,2616875,6
416030,469,1756875,2
416030,468,2294375,2
416030,467,2338125,3
416030,466,2063750,8
416030,465,2029375,21
416030,464,1861875,25
416030,463,1687500,20
613.1,471,728125,42
613.1,470,669375,45
613.1,472,775000,35
613.1,469,646875,26
613.1,468,580625,16
613.1,467,527500,24
613.1,466,453750,15
613.1,465,401875,10
613.1,464,341875,8
613.1,473,760625,2
613.1,463,299375,7
613.1,462,260000,7
613.1,461,170625,3
613.1,460,0,0
294.1,510,2679375,93
294.1,511,2750000,60
294.1,509,2600000,86
294.1,508,2429375,50
294.1,507,2295625,23
294.1,506,1986875,12
294.1,505,1845625,13
294.1,512,2754375,34
294.1,513,2775625,9
TAYLORS,141,3440625,183
TAYLORS,140,3222500,136
TAYLORS,142,3725000,187
TAYLORS,143,4082500,134
TAYLORS,144,4606875,117
TAYLORS,145,4781250,9
TAYLORS,139,3026875,96
TAYLORS,138,2678750,60
TAYLORS,137,2324375,31
210117,179,11771875,91
210117,178,11223750,25
210117,180,12054375,90
210117,181,12510625,82
210117,182,13030000,80
210117,183,13372500,161
210117,184,13765000,42
210117,185,14049375,90
210117,177,10783125,36
210117,176,10370625,51
210117,175,9990000,49
210117,174,9658750,87
210117,173,8956250,13
210117,172,8640000,18
210117,171,8235000,56
210117,170,8057500,43
210117,169,7548125,17
210117,168,6971875,12
210117,167,6692500,10
210117,166,8750,5
210117,186,0,0
143111A,149,6025625,22
143111A,148,5568750,68
143111A,147,5274375,58
143111A,146,4846875,29
143111A,145,4405000,27
143111A,144,4155000,15
143111A,143,3394375,7
143111A,142,2066875,4
143111A,141,2630625,10
143111A,140,2256875,57
143111A,139,2010000,79
143111A,138,1670000,44
143111A,137,1368750,32
143111A,136,1165000,62
143111A,135,388125,2
143111A,150,6401250,30
143111A,151,6598125,19
143111A,152,7197500,28
143111A,153,7675000,101
143111A,154,7966875,264
143111A,155,8211250,21
143111A,156,4713125,1
143111A,157,0,0
143111A,158,0,0
sp-o10606,160,1699375,73
sp-o10606,159,1679375,341
sp-o10606,158,1498750,541
sp-o10606,157,547500,144
sp-o10606,156,266250,90
sp-o10606,161,0,0
sp-o10606,162,0,0
222539,1173,59375,313
222539,1174,80625,127
222539,1175,77500,96
222539,1177,92500,107
222539,1176,91875,113
222539,1178,107500,138
222539,1179,116875,99
222539,1181,136875,102
222539,1172,43750,26
222539,1184,155000,3
222539,1183,171875,14
222539,1180,135000,93
222539,1182,138750,78
222539,1171,22500,1
222539,1170,0,0
136316A,278,13896250,127
136316A,277,12336250,83
136316A,276,11520625,135
136316A,275,10891875,131
136316A,274,9813750,99
136316A,279,14200625,190
136316A,273,9153750,109
136316A,272,8327500,146
136316A,271,7685000,211
136316A,270,7050000,229
136316A,269,6556875,175
136316A,268,5962500,196
136316A,267,5638750,174
136316A,266,5130000,94
136316A,265,4711875,70
136316A,264,4206250,43
136316A,263,4061875,27
136316A,262,3532500,13
136316A,261,3257500,16
136316A,260,3026250,23
136316A,259,2851875,36
136316A,258,2656875,39
136316A,257,2447500,18
136316A,280,14279375,98
136316A,281,11330625,3
136316A,282,0,0
136316A,283,0,0
136316A,285,0,0
229102A,351,4412500,42
229102A,352,4496250,41
229102A,353,4644375,61
229102A,350,4361875,42
229102A,349,4185625,40
229102A,348,4041250,60
229102A,354,4768750,34
229102A,355,4858750,25
229102A,356,4946250,28
229102A,357,5080625,42
229102A,358,5115625,25
229102A,359,5196250,32
229102A,360,5270625,8
229102A,347,3988125,37
229102A,361,5281250,9
229102A,362,5345625,8
229102A,363,5354375,13
229102A,346,3788125,12
229102A,345,55000,12
155.1,1147,5971250,258
155.1,1148,6780000,174
155.1,1149,9231875,38
155.1,1150,10266250,58
155.1,1146,4610625,9
155.1,1145,0,0
155.1,1144,0,0
229111A,360,126875,26
229111A,359,127500,38
229111A,358,124375,35
229111A,357,114375,11
229111A,356,108125,5
229111A,355,113750,5
229111A,354,95625,7
229111A,361,131250,29
229111A,362,128750,27
229111A,363,137500,80
229111A,364,0,1
229111A,353,0,0
229111A,352,70000,2
229111A,351,0,0
229111A,350,72500,1
229111A,349,70000,3
229111A,348,60000,1
229111A,347,51875,4
229111A,346,45000,6
229111A,345,41875,3
229111A,344,1875,1
229111A,343,0,0
sp-o11454,215,4230625,38
sp-o11454,214,3862500,44
sp-o11454,213,3583125,37
sp-o11454,212,3206875,61
sp-o11454,216,4581250,39
sp-o11454,217,5018125,111
sp-o11454,218,5375625,93
sp-o11454,219,5735000,72
sp-o11454,220,6130000,60
sp-o11454,211,2915625,46
sp-o11454,210,2566250,75
sp-o11454,209,2320625,70
sp-o11454,208,2036250,69
sp-o11454,207,1708125,32
sp-o11454,206,1485625,75
sp-o11454,205,1243125,24
sp-o11454,223,7136250,7
sp-o11454,222,7053125,87
sp-o11454,224,0,0
sp-o11454,221,6553750,38
RE704,9,5046250,46
RE704,8,4782500,49
RE704,7,4382500,39
RE704,10,5338750,43
RE704,11,5476875,32
RE704,6,4045625,18
RE704,5,3481875,7
RE704,4,0,0
RE704,22,0,0
LAURISTON,477,1698750,115
LAURISTON,476,1575625,124
LAURISTON,478,1815000,104
LAURISTON,479,1879375,79
LAURISTON,475,1460625,44
LAURISTON,474,1333125,29
LAURISTON,473,1225625,18
LAURISTON,472,1143125,19
LAURISTON,471,883125,8
LAURISTON,470,915625,6
LAURISTON,469,625,2
LAURISTON,468,0,4
120211A,562,7677500,227
120211A,563,0,0
120211A,561,7319375,52
120211A,560,7100625,30
120211A,559,6691875,7
120211A,558,6445625,18
120211A,557,6101875,3
120211A,556,5735625,7
120211A,555,5343125,1
120211A,554,5143750,3
120211A,553,0,0
120211A,552,4545625,6
120211A,551,4220625,6
120211A,550,3912500,5
120211A,549,3359375,2
120211A,548,3135625,10
120211A,547,2893750,12
120211A,546,2626875,27
120211A,545,2411875,30
120211A,544,2161250,11
120211A,543,1928125,3
120211A,542,1778750,4
120211A,564,0,0
410573,387,34342500,49
410573,386,32259375,58
410573,385,32080000,60
410573,384,30668750,53
410573,383,33254375,86
410573,382,36471250,56
410573,388,34001250,59
410573,389,34774375,48
410573,390,36591250,18
410573,391,0,0
410573,381,23747500,2
410573,380,0,0
229407A,166,1586250,83
229407A,165,1563750,102
229407A,164,1517500,85
229407A,163,1471250,120
229407A,167,1096250,1
229407A,162,1402500,100
229407A,161,1337500,84
229407A,160,1285000,23
418.1,949,57520625,82
418.1,948,53970000,35
418.1,950,60245625,201
418.1,951,62201250,181
418.1,947,49865625,32
418.1,952,62898125,47
419069,518,5250000,98
419069,517,5031875,22
419069,519,5371250,6
419069,520,5489375,4
419069,516,4733125,30
419069,515,4585625,14
419069,514,4325000,25
419069,513,4082500,30
419069,512,3905000,37
419069,511,3697500,42
419069,510,3526250,42
419069,509,3295625,43
419069,508,3003750,13
419069,507,2751250,22
419069,506,2522500,9
419069,505,2385625,8
419069,521,5451875,1
419069,522,5484375,4
419069,523,5598125,7
419069,524,5625000,23
419069,525,5618750,6
225256A,423,13257500,70
225256A,422,13135625,73
225256A,421,13026875,55
225256A,420,12790625,54
225256A,419,12598125,70
225256A,418,12499375,82
225256A,417,12345000,60
225256A,416,11910000,40
225256A,415,11985625,39
225256A,414,11750625,48
225256A,424,13360000,46
225256A,425,13502500,31
225256A,426,13600625,34
225256A,427,13673125,65
225256A,413,11480625,56
225256A,412,11323125,32
225256A,411,11221250,19
225256A,410,11188125,21
225256A,409,10949375,15
225256A,408,10670625,15
225256A,407,10600625,20
225256A,406,10466875,14
225256A,405,10130625,11
225256A,404,10123125,16
225256A,403,9896250,17
225256A,402,9793125,20
225256A,401,9528125,21
225256A,400,9383125,20
225256A,399,9798125,20
225256A,398,8935625,26
225256A,397,8853125,60
225256A,396,8752500,75
225256A,395,8598125,50
225256A,394,8569375,42
225256A,393,8522500,46
225256A,392,8025000,35
225256A,391,111250,15
225256A,428,13756250,83
225256A,429,13844375,62
225256A,430,13950625,56
225256A,431,14100625,61
225256A,432,14167500,54
225256A,433,14247500,47
225256A,434,14342500,44
225256A,435,14458750,52
225256A,436,14494375,41
225256A,437,14524375,31
225256A,438,14590625,63
225256A,439,14703125,83
225256A,440,14743750,82
225256A,441,14838750,58
225256A,442,14937500,32
225256A,443,15013125,42
225256A,444,15096250,46
225256A,445,15157500,21
418035,570,43833125,9
418035,569,43391875,6
418035,568,42468750,1
418035,567,36947500,1
418035,566,40914375,3
418035,565,40639375,3
418035,564,38570625,20
418035,563,38471250,29
418035,562,37997500,14
418035,561,36790000,6
418035,560,36233750,4
418035,559,35210000,11
418035,558,34888750,15
418035,557,33570625,14
418035,556,32776875,23
418035,555,32129375,32
418035,554,31398750,32
418035,553,30696875,23
418035,552,30010625,9
418035,551,28676875,2
418035,550,27375000,5
418035,549,27198750,7
418035,548,26628125,6
418035,547,25290625,27
418035,546,25088125,28
418035,545,23656250,21
418035,544,23351250,22
418035,543,22213750,18
418035,542,21320000,66
418035,541,20808125,100
418035,540,20027500,72
418035,539,19300000,33
418035,538,18091250,26
418035,537,17757500,44
418035,536,16954375,45
418035,535,16169375,31
418035,534,15451250,25
418035,533,14778125,29
418035,532,13753750,39
418035,531,13242500,38
418035,530,12513125,33
418035,529,12033750,30
418035,528,10974375,25
418035,527,10641250,16
418035,526,9502500,10
418035,525,8961875,17
418035,524,8764375,12
418035,571,44130000,9
418035,572,44248125,5
SANDHURST,335,229375,100
SANDHURST,334,226875,115
SANDHURST,333,221250,69
SANDHURST,336,218125,4
SANDHURST,332,203750,28
SANDHURST,331,185000,19
SANDHURST,330,165625,7
SANDHURST,329,145000,4
SANDHURST,328,109375,4
SANDHURST,327,120000,5
SANDHURST,325,0,0
SANDHURST,324,0,0
SANDHURST,326,99375,3
219027,102,610000,685
219027,101,585000,100
219027,100,551875,56
219027,99,491250,39
219027,103,535625,7
219027,98,437500,24
219027,97,440000,23
219027,96,348750,14
219027,95,80000,11
219027,94,270625,18
219027,93,235000,27
219027,92,221875,32
219027,91,199375,11
219027,90,105000,4
219027,89,127500,9
219027,104,0,1
219027,105,0,0
219027,106,171250,1
742.1,96,16997500,305
742.1,97,17163750,116
742.1,95,16968750,285
742.1,94,16348125,172
742.1,93,11390625,50
742.1,98,12641875,20
742.1,99,6875,2
742.1,100,0,0
742.1,92,0,0
MALMSBURY,447,2248125,58
MALMSBURY,448,2331250,13
MALMSBURY,449,2766875,5
MALMSBURY,446,1979375,18
MALMSBURY,445,1721875,26
MALMSBURY,444,1579375,57
MALMSBURY,443,1303750,61
MALMSBURY,442,1043750,54
MALMSBURY,441,695625,41
MALMSBURY,440,581250,15
MALMSBURY,439,373125,25
MALMSBURY,438,269375,28
401565,1201,461250,39
401565,1200,446250,37
401565,1199,421875,32
401565,1198,407500,36
401565,1202,476875,35
401565,1195,359375,33
401565,1192,317500,46
401565,1191,295000,69
401565,1190,270625,104
401565,1189,241875,128
401565,1188,228750,68
401565,1193,337500,30
401565,1194,355625,27
401565,1196,380000,30
401565,1197,398750,30
401565,1204,539375,63
401565,1205,558750,57
401565,1203,503125,47
401565,1206,568125,40
401565,1208,605625,53
401565,1209,638125,42
401565,1207,586250,53
401565,1210,655625,57
401565,1211,676250,72
401565,1212,716250,112
401565,1213,732500,130
401565,1214,753125,73
401565,1215,753750,25
401565,1216,727500,8
401565,1218,0,0
401565,1217,0,0
DAM_MARDI.1,40,576250,77
DAM_MARDI.1,39,554375,59
DAM_MARDI.1,38,540625,39
DAM_MARDI.1,37,508125,40
DAM_MARDI.1,36,491875,33
DAM_MARDI.1,35,470625,38
DAM_MARDI.1,34,433750,35
DAM_MARDI.1,33,413125,41
DAM_MARDI.1,32,390625,23
DAM_MARDI.1,31,357500,7
DAM_MARDI.1,41,0,0
DAM_MARDI.1,30,343750,2
DAM_MARDI.1,29,305625,3
DAM_MARDI.1,28,0,1
RE670,482,239375,25
RE670,481,166250,33
RE670,483,254375,10
RE670,484,316250,9
RE670,485,329375,7
RE670,486,406875,12
RE670,487,452500,9
RE670,488,528125,10
RE670,489,541875,13
RE670,490,630625,10
RE670,491,672500,36
RE670,492,726875,15
RE670,493,785000,31
RE670,480,111250,45
RE670,479,86875,25
RE670,478,41250,5
RE670,494,681250,5
RE604,337,662500,9
RE604,338,0,0
RE604,339,0,0
RE604,340,728750,1
RE604,341,0,0
RE604,342,0,0
RE604,343,491250,5
RE604,344,473750,4
RE604,345,732500,7
RE604,346,715000,10
RE604,347,691250,4
RE604,348,686875,1
RE604,349,502500,5
RE604,350,501250,2
RE604,351,491250,2
RE604,352,0,0
RE604,353,711875,3
RE604,354,691875,129
RE604,355,728125,45
RE604,356,732500,10
138121A,216,3355000,286
138121A,217,3355000,131
138121A,215,3341875,116
138121A,214,3231875,67
138121A,213,3131875,84
138121A,212,3034375,30
138121A,211,2943750,36
138121A,210,2845000,31
138121A,209,2788750,43
138121A,208,2710000,21
138121A,207,2565625,23
138121A,218,0,0
138121A,206,2506250,14
ODSS_21140_WSLAHD.1,186,1817500,84
ODSS_21140_WSLAHD.1,185,1738125,70
ODSS_21140_WSLAHD.1,184,1678125,86
ODSS_21140_WSLAHD.1,183,1573125,43
ODSS_21140_WSLAHD.1,187,1869375,30
ODSS_21140_WSLAHD.1,188,1932500,65
ODSS_21140_WSLAHD.1,189,1995625,37
ODSS_21140_WSLAHD.1,190,2032500,27
ODSS_21140_WSLAHD.1,191,2083750,40
ODSS_21140_WSLAHD.1,192,2110000,41
ODSS_21140_WSLAHD.1,193,2221875,40
ODSS_21140_WSLAHD.1,182,1519375,39
ODSS_21140_WSLAHD.1,181,1455625,19
ODSS_21140_WSLAHD.1,180,15000,5
ODSS_21140_WSLAHD.1,194,2190625,34
ODSS_21140_WSLAHD.1,195,2235625,26
ODSS_21140_WSLAHD.1,196,2253750,17
ODSS_21140_WSLAHD.1,197,2230625,8
ODSS_21140_WSLAHD.1,198,0,0
ODSS_21140_WSLAHD.1,199,0,0
158.1,125,1063750,706
158.1,126,1096875,216
158.1,127,1213125,59
158.1,124,1032500,109
158.1,123,896875,25
158.1,122,631250,14
158.1,121,633750,11
158.1,120,36875,6
158.1,119,584375,13
158.1,128,474375,6
158.1,118,625,3
158.1,129,7500,1
158.1,117,0,0
158.1,130,0,0
130314B,201,3414375,8
130314B,200,2951250,22
130314B,199,2618750,24
130314B,198,2215000,25
130314B,202,3867500,23
130314B,203,4360000,27
130314B,197,1839375,84
130314B,196,1526250,16
130314B,205,5399375,17
130314B,206,5668750,8
130314B,207,6350000,9
130314B,204,4874375,20
130314B,195,1335000,8
130314B,208,7195000,4
130314B,210,7965625,11
130314B,213,10150625,47
130314B,214,10351250,49
130314B,215,10395000,27
130314B,216,10356250,6
130314B,212,9651250,36
130314B,211,8915625,27
130314B,209,7506875,4
401570,1096,342500,111
401570,1097,345000,113
401570,1099,341875,85
401570,1098,345625,111
401570,1093,337500,82
401570,1091,333125,80
401570,1095,338125,128
401570,1094,334375,110
401570,1100,342500,67
401570,1101,345000,42
401570,1092,336250,88
401570,1090,328750,72
401570,1088,321250,77
401570,1089,323750,80
401570,1085,310000,58
401570,1086,313750,65
401570,1087,321875,72
401570,1084,301875,52
401570,1083,297500,38
401570,1082,291250,21
401570,1081,290000,8
401570,1102,344375,17
401570,1079,0,0
401570,1077,3750,1
401570,1080,0,0
401570,1078,0,0
401570,1103,345000,5
401570,1104,0,0
228224A,155,2870625,37
228224A,154,2686250,53
228224A,156,2938750,37
228224A,153,2590000,98
228224A,152,2437500,29
228224A,151,2221875,9
228224A,157,2983125,67
228224A,158,54375,3
MCCAY,407,169375,130
MCCAY,406,157500,102
MCCAY,405,139375,44
MCCAY,408,173750,23
MCCAY,404,119375,33
MCCAY,403,109375,13
MCCAY,402,86875,2
410748,663,5441250,79
410748,662,5440625,85
410748,661,5237500,16
410748,660,4928125,4
410748,659,4965000,12
410748,658,4680000,18
410748,657,4496875,16
410748,656,4385625,12
410748,655,4295000,22
410748,654,4172500,12
410748,653,3980625,34
410748,652,3750625,36
410748,651,3624375,37
410748,650,3417500,28
410748,649,3161875,12
410748,648,3063750,27
410748,647,2913125,20
410748,646,2738125,18
410748,664,0,0
136210A,307,12939375,72
136210A,306,12838125,37
136210A,305,12768750,28
136210A,308,5384375,2
136210A,304,12587500,23
136210A,303,11298125,64
136210A,302,9410625,50
136210A,301,7735625,33
136210A,300,6733125,24
136210A,299,6138125,77
136210A,298,5251250,51
136210A,297,3944375,18
136210A,296,2971250,21
136210A,295,2429375,35
136210A,294,1863125,35
136210A,293,1142500,34
136210A,292,862500,22
136210A,291,550000,2
136210A,309,0,0
136210A,311,0,0
136210A,310,0,0
562.1,479,6763125,20
562.1,478,6428750,17
562.1,477,6065000,12
562.1,476,5466875,17
562.1,475,4973125,10
562.1,474,4819375,11
562.1,473,16250,4
562.1,472,3032500,1
562.1,471,223750,4
562.1,480,7097500,25
562.1,481,7242500,18
562.1,482,7450625,24
562.1,483,7589375,18
562.1,484,7731875,16
562.1,485,7824375,24
562.1,486,7892500,18
562.1,487,7940625,20
562.1,488,7953750,12
562.1,470,0,2
562.1,469,467500,1
562.1,468,1710000,3
562.1,467,1558750,9
410131,350,31029375,57
410131,351,32475000,64
410131,349,29423125,91
410131,348,28438750,102
410131,347,27081875,112
410131,346,25731875,226
410131,345,25025625,287
410131,344,24092500,178
410131,343,22492500,133
410131,352,33663125,93
410131,353,35243750,88
410131,354,36315625,66
410131,355,37528750,64
410131,356,38715625,45
410131,357,39760000,31
410131,358,40681250,38
410131,359,41275625,61
410131,342,21271875,138
410131,341,20390000,109
410131,340,19475625,69
410131,339,17943750,41
410131,338,17232500,90
410131,337,16611250,66
410131,336,15938750,9
410131,335,14522500,8
410131,334,13698750,6
410131,333,10306875,5
410131,332,0,1
410131,331,3820000,2
410131,330,3820000,2
410131,329,715625,3
410131,328,715625,3
410131,327,8322500,5
410131,326,8917500,9
410131,325,8620000,4
410131,324,0,0
410131,323,7151875,7
410131,360,41818750,98
410131,361,41926250,62
410131,362,32334375,3
410131,363,0,0
130360A,252,31875,178
130360A,255,268125,5
130360A,257,493750,6
130360A,258,646875,8
130360A,256,361875,8
130360A,254,179375,3
130360A,253,86250,19
130360A,259,835625,14
130360A,260,1048750,12
130360A,265,1777500,96
130360A,264,1733125,58
130360A,263,1635625,48
130360A,262,1506875,38
130360A,261,1312500,23
130360A,266,0,0
sp-o10334,265,61947500,30
sp-o10334,264,60686250,33
sp-o10334,263,58498125,23
sp-o10334,262,55762500,25
sp-o10334,261,53475625,25
sp-o10334,260,51264375,29
sp-o10334,259,50266250,57
sp-o10334,258,48422500,49
sp-o10334,257,45886250,23
sp-o10334,256,43485625,26
sp-o10334,255,42754375,21
sp-o10334,254,40083750,14
sp-o10334,253,38750000,17
sp-o10334,252,36733125,18
sp-o10334,266,64377500,29
sp-o10334,267,66548750,37
sp-o10334,268,68268125,40
sp-o10334,269,70661250,40
sp-o10334,270,72105000,29
sp-o10334,271,75216875,27
sp-o10334,272,76651875,25
sp-o10334,273,79776875,19
sp-o10334,274,81742500,26
sp-o10334,251,34632500,18
sp-o10334,250,33410625,11
sp-o10334,249,26980000,4
sp-o10334,248,28835625,6
sp-o10334,247,27808750,11
sp-o10334,246,25972500,9
sp-o10334,245,24866875,3
sp-o10334,244,13531250,2
sp-o10334,243,563750,3
sp-o10334,275,84788750,30
sp-o10334,276,87149375,31
sp-o10334,277,89961875,26
sp-o10334,278,92441875,20
sp-o10334,279,94618750,35
sp-o10334,280,97995000,45
sp-o10334,281,99849375,35
sp-o10334,282,102510000,36
sp-o10334,283,104263750,37
sp-o10334,284,108079375,29
sp-o10334,285,110371250,21
sp-o10334,286,113336250,23
sp-o10334,287,114006875,24
sp-o10334,288,114190000,9
222540,901,23466875,40
222540,900,22975625,106
222540,899,22246250,108
222540,898,21481250,51
222540,902,23937500,39
222540,903,24666250,42
222540,904,25051875,90
222540,905,25504375,142
222540,906,25775625,128
222540,907,25933750,30
222540,897,20861875,53
222540,896,20106250,45
222540,895,19343750,20
222540,909,18414375,1
222540,910,0,0
222540,908,16776875,5
410784,567,550625,908
410784,568,554375,22
sp-o10438,124,3256875,743
sp-o10438,123,3224375,57
M316,9,22095625,66
M316,10,23159375,95
M316,8,0,0
M316,11,23998125,88
M316,12,24183750,149
M316,13,0,0
410543,1209,4050000,50
410543,1208,3723125,64
410543,1207,3218750,99
410543,1206,2773125,289
410543,1210,4591875,44
410543,1211,4888750,39
410543,1212,5388125,44
410543,1213,5878750,95
410543,1214,6350000,88
410543,1215,6744375,133
410543,1216,7168125,85
410543,1217,8056250,37
410543,1205,2415625,63
410543,1218,8776250,47
410543,1219,9541250,38
410543,1220,10160000,30
410543,1221,10820000,26
410543,1222,11677500,13
410543,1223,5947500,6
410543,1224,13401875,8
